/*
Navicat MySQL Data Transfer

Source Server         : localhost
Source Server Version : 50505
Source Host           : localhost:3306
Source Database       : axes

Target Server Type    : MYSQL
Target Server Version : 50505
File Encoding         : 65001

Date: 2020-08-31 18:42:30
*/

SET FOREIGN_KEY_CHECKS=0;

-- ----------------------------
-- Table structure for `s_admin_log`
-- ----------------------------
DROP TABLE IF EXISTS `s_admin_log`;
CREATE TABLE `s_admin_log` (
  `id` int(10) NOT NULL AUTO_INCREMENT,
  `route` varchar(255) NOT NULL DEFAULT '',
  `description` text,
  `created_at` int(10) NOT NULL,
  `user_id` int(10) NOT NULL DEFAULT '0',
  `ip` int(10) NOT NULL DEFAULT '0',
  PRIMARY KEY (`id`)
) ENGINE=InnoDB AUTO_INCREMENT=206 DEFAULT CHARSET=utf8;

-- ----------------------------
-- Records of s_admin_log
-- ----------------------------
INSERT INTO `s_admin_log` VALUES ('1', '/admin/article/create', 'hehe修改了表sxunt_article id:1的desc : =>test ', '1464447311', '1', '2130706433');
INSERT INTO `s_admin_log` VALUES ('2', '/admin/system/config', 'hehe修改了表sxunt_config id:1的updated_at : 1461937892=>1464451082', '1464451082', '1', '2130706433');
INSERT INTO `s_admin_log` VALUES ('3', '/admin/system/config', 'hehe修改了表sxunt_config id:3的updated_at : 1461937892=>1464451082', '1464451082', '1', '2130706433');
INSERT INTO `s_admin_log` VALUES ('4', '/admin/system/config', 'hehe修改了表sxunt_config id:4的updated_at : 1461937892=>1464451082', '1464451082', '1', '2130706433');
INSERT INTO `s_admin_log` VALUES ('5', '/admin/system/config', 'hehe修改了表sxunt_config id:5的value : =>test,updated_at : 1461937892=>1464451082', '1464451082', '1', '2130706433');
INSERT INTO `s_admin_log` VALUES ('6', '/admin/system/config', 'hehe修改了表sxunt_config id:6的value : 饮水思源=>SXUNT-始渲,updated_at : 1461937892=>1464451082', '1464451082', '1', '2130706433');
INSERT INTO `s_admin_log` VALUES ('7', '/admin/system/config', 'hehe修改了表sxunt_config id:7的updated_at : 1461937892=>1464451082', '1464451082', '1', '2130706433');
INSERT INTO `s_admin_log` VALUES ('8', '/admin/system/config', 'hehe修改了表sxunt_config id:8的value : =>test,updated_at : 1461937892=>1464451082', '1464451082', '1', '2130706433');
INSERT INTO `s_admin_log` VALUES ('9', '/admin/system/config', 'hehe修改了表sxunt_config id:9的updated_at : 1461937892=>1464451082', '1464451082', '1', '2130706433');
INSERT INTO `s_admin_log` VALUES ('10', '/admin/system/config', 'hehe修改了表sxunt_config id:10的value : skin-blue=>skin-black,updated_at : 1461937892=>1464451082', '1464451082', '1', '2130706433');
INSERT INTO `s_admin_log` VALUES ('11', '/admin/system/config', 'hehe修改了表sxunt_config id:1的updated_at : 1464451082=>1464451103', '1464451103', '1', '2130706433');
INSERT INTO `s_admin_log` VALUES ('12', '/admin/system/config', 'hehe修改了表sxunt_config id:3的updated_at : 1464451082=>1464451103', '1464451103', '1', '2130706433');
INSERT INTO `s_admin_log` VALUES ('13', '/admin/system/config', 'hehe修改了表sxunt_config id:4的updated_at : 1464451082=>1464451103', '1464451103', '1', '2130706433');
INSERT INTO `s_admin_log` VALUES ('14', '/admin/system/config', 'hehe修改了表sxunt_config id:5的updated_at : 1464451082=>1464451103', '1464451103', '1', '2130706433');
INSERT INTO `s_admin_log` VALUES ('15', '/admin/system/config', 'hehe修改了表sxunt_config id:6的updated_at : 1464451082=>1464451103', '1464451103', '1', '2130706433');
INSERT INTO `s_admin_log` VALUES ('16', '/admin/system/config', 'hehe修改了表sxunt_config id:7的updated_at : 1464451082=>1464451103', '1464451103', '1', '2130706433');
INSERT INTO `s_admin_log` VALUES ('17', '/admin/system/config', 'hehe修改了表sxunt_config id:8的updated_at : 1464451082=>1464451103', '1464451103', '1', '2130706433');
INSERT INTO `s_admin_log` VALUES ('18', '/admin/system/config', 'hehe修改了表sxunt_config id:9的updated_at : 1464451082=>1464451103', '1464451103', '1', '2130706433');
INSERT INTO `s_admin_log` VALUES ('19', '/admin/system/config', 'hehe修改了表sxunt_config id:10的value : skin-black=>skin-purple,updated_at : 1464451082=>1464451103', '1464451103', '1', '2130706433');
INSERT INTO `s_admin_log` VALUES ('20', '/admin/system/config', 'hehe修改了表sxunt_config id:1的updated_at : 1464451103=>1464451113', '1464451113', '1', '2130706433');
INSERT INTO `s_admin_log` VALUES ('21', '/admin/system/config', 'hehe修改了表sxunt_config id:3的updated_at : 1464451103=>1464451113', '1464451113', '1', '2130706433');
INSERT INTO `s_admin_log` VALUES ('22', '/admin/system/config', 'hehe修改了表sxunt_config id:4的updated_at : 1464451103=>1464451113', '1464451113', '1', '2130706433');
INSERT INTO `s_admin_log` VALUES ('23', '/admin/system/config', 'hehe修改了表sxunt_config id:5的updated_at : 1464451103=>1464451113', '1464451113', '1', '2130706433');
INSERT INTO `s_admin_log` VALUES ('24', '/admin/system/config', 'hehe修改了表sxunt_config id:6的updated_at : 1464451103=>1464451113', '1464451113', '1', '2130706433');
INSERT INTO `s_admin_log` VALUES ('25', '/admin/system/config', 'hehe修改了表sxunt_config id:7的updated_at : 1464451103=>1464451113', '1464451113', '1', '2130706433');
INSERT INTO `s_admin_log` VALUES ('26', '/admin/system/config', 'hehe修改了表sxunt_config id:8的updated_at : 1464451103=>1464451113', '1464451113', '1', '2130706433');
INSERT INTO `s_admin_log` VALUES ('27', '/admin/system/config', 'hehe修改了表sxunt_config id:9的updated_at : 1464451103=>1464451113', '1464451113', '1', '2130706433');
INSERT INTO `s_admin_log` VALUES ('28', '/admin/system/config', 'hehe修改了表sxunt_config id:10的value : skin-purple=>skin-red,updated_at : 1464451103=>1464451113', '1464451113', '1', '2130706433');
INSERT INTO `s_admin_log` VALUES ('29', '/admin/admin/menu/update?id=39', 'hehe修改了表sxunt_menu id:39的name : >内容管理=>内容管理,order : 3=>3', '1464452723', '1', '2130706433');
INSERT INTO `s_admin_log` VALUES ('30', '/admin/system/config', 'SXUNT修改了表sxunt_config id:1的updated_at : 1464451113=>1464882485', '1464882485', '3', '2130706433');
INSERT INTO `s_admin_log` VALUES ('31', '/admin/system/config', 'SXUNT修改了表sxunt_config id:3的updated_at : 1464451113=>1464882485', '1464882485', '3', '2130706433');
INSERT INTO `s_admin_log` VALUES ('32', '/admin/system/config', 'SXUNT修改了表sxunt_config id:4的updated_at : 1464451113=>1464882485', '1464882485', '3', '2130706433');
INSERT INTO `s_admin_log` VALUES ('33', '/admin/system/config', 'SXUNT修改了表sxunt_config id:5的updated_at : 1464451113=>1464882485', '1464882485', '3', '2130706433');
INSERT INTO `s_admin_log` VALUES ('34', '/admin/system/config', 'SXUNT修改了表sxunt_config id:6的updated_at : 1464451113=>1464882485', '1464882485', '3', '2130706433');
INSERT INTO `s_admin_log` VALUES ('35', '/admin/system/config', 'SXUNT修改了表sxunt_config id:7的value : http://image.51siyuan.cn/upload/image/20160322/1458634036179563.jpg=>upload/image/20160602/1464882267.jpg,updated_at : 1464451113=>1464882485', '1464882486', '3', '2130706433');
INSERT INTO `s_admin_log` VALUES ('36', '/admin/system/config', 'SXUNT修改了表sxunt_config id:8的updated_at : 1464451113=>1464882486', '1464882486', '3', '2130706433');
INSERT INTO `s_admin_log` VALUES ('37', '/admin/system/config', 'SXUNT修改了表sxunt_config id:9的value : basic=>special,updated_at : 1464451113=>1464882486', '1464882486', '3', '2130706433');
INSERT INTO `s_admin_log` VALUES ('38', '/admin/system/config', 'SXUNT修改了表sxunt_config id:10的updated_at : 1464451113=>1464882486', '1464882486', '3', '2130706433');
INSERT INTO `s_admin_log` VALUES ('39', '/admin/system/config', 'SXUNT修改了表sxunt_config id:1的updated_at : 1464882485=>1464882497', '1464882498', '3', '2130706433');
INSERT INTO `s_admin_log` VALUES ('40', '/admin/system/config', 'SXUNT修改了表sxunt_config id:3的updated_at : 1464882485=>1464882498', '1464882498', '3', '2130706433');
INSERT INTO `s_admin_log` VALUES ('41', '/admin/system/config', 'SXUNT修改了表sxunt_config id:4的updated_at : 1464882485=>1464882498', '1464882498', '3', '2130706433');
INSERT INTO `s_admin_log` VALUES ('42', '/admin/system/config', 'SXUNT修改了表sxunt_config id:5的updated_at : 1464882485=>1464882498', '1464882498', '3', '2130706433');
INSERT INTO `s_admin_log` VALUES ('43', '/admin/system/config', 'SXUNT修改了表sxunt_config id:6的updated_at : 1464882485=>1464882498', '1464882498', '3', '2130706433');
INSERT INTO `s_admin_log` VALUES ('44', '/admin/system/config', 'SXUNT修改了表sxunt_config id:7的updated_at : 1464882485=>1464882498', '1464882498', '3', '2130706433');
INSERT INTO `s_admin_log` VALUES ('45', '/admin/system/config', 'SXUNT修改了表sxunt_config id:8的updated_at : 1464882486=>1464882498', '1464882498', '3', '2130706433');
INSERT INTO `s_admin_log` VALUES ('46', '/admin/system/config', 'SXUNT修改了表sxunt_config id:9的value : special=>basic,updated_at : 1464882486=>1464882498', '1464882498', '3', '2130706433');
INSERT INTO `s_admin_log` VALUES ('47', '/admin/system/config', 'SXUNT修改了表sxunt_config id:10的updated_at : 1464882486=>1464882498', '1464882498', '3', '2130706433');
INSERT INTO `s_admin_log` VALUES ('48', '/admin/page/update?id=3', 'SXUNT修改了表sxunt_page id:3的use_layout : 0=>1,updated_at : 1465029682=>1465032414', '1465032415', '3', '2130706433');
INSERT INTO `s_admin_log` VALUES ('49', '/admin/page/update?id=3', 'SXUNT修改了表sxunt_page id:3的use_layout : 1=>1,content : <p>XXXXXXXX</p>=><p>XXXXXXXX<img src=\"http://img.sxuntdev.com/upload/image/20160604/1465033534217439.jpg\" title=\"1465033534217439.jpg\" alt=\"xxx.jpg\"/></p>,updated_at : 1465032414=>1465033568', '1465033568', '3', '2130706433');
INSERT INTO `s_admin_log` VALUES ('50', '/admin/article/create', 'SXUNT修改了表sxunt_article id:2的updated_at : 1465046964=>1465046965,desc : =>vvvvv ', '1465046965', '3', '2130706433');
INSERT INTO `s_admin_log` VALUES ('51', '/admin/admin/menu/update?id=43', 'SXUNT修改了表sxunt_menu id:43的order : =>5', '1465054269', '3', '2130706433');
INSERT INTO `s_admin_log` VALUES ('52', '/admin/admin/menu/update?id=43', 'SXUNT修改了表sxunt_menu id:43的order : 5=>5,icon : fa-camera=>edit', '1465054334', '3', '2130706433');
INSERT INTO `s_admin_log` VALUES ('53', '/admin/admin/menu/update?id=43', 'SXUNT修改了表sxunt_menu id:43的order : 5=>5,icon : edit=>fa-camera-retro', '1465054381', '3', '2130706433');
INSERT INTO `s_admin_log` VALUES ('54', '/admin/admin/menu/update?id=43', 'SXUNT修改了表sxunt_menu id:43的order : 5=>5,icon : fa-camera-retro=>camera', '1465054483', '3', '2130706433');
INSERT INTO `s_admin_log` VALUES ('55', '/admin/skill/update?id=280', 'SXUNT修改了表sxunt_skill id:280的pic : =>0,tuijian : =>0,tjType : 0=>0,title : 巧制胶卷相框=>巧制胶卷相框v,content : <p style=\"text-align:center\">　　市场上有一种类似放大的长条胶卷样式的相框，把系列照片放进这样的长条胶卷的相框里感觉非常独特。下面我们跟随作者用Photoshop来制作这样的&ldquo;胶卷相框&rdquo;。（以下照片均可以点击放大观看）</p>\r\n\r\n<p style=\"text-align:center\">　　先看看完成效果图：</p>\r\n\r\n<p style=\"text-align:center\"><img alt=\"ps巧制胶卷相框\" src=\"http://img.sxunt.com/uploadimg/1013962_film_1_thumb.jpg\" title=\"ps巧制胶卷相框\" /></p>\r\n\r\n<p style=\"text-align:center\">　　制作过程如下：</p>\r\n\r\n<p style=\"text-align:center\"><img alt=\"ps巧制胶卷相框\" src=\"http://img.sxunt.com/uploadimg/1013962_film_2_thumb.jpg\" title=\"ps巧制胶卷相框\" /></p>\r\n\r\n<p style=\"text-align:center\"><img alt=\"ps巧制胶卷相框\" src=\"http://img.sxunt.com/uploadimg/1013962_film_3_thumb.jpg\" title=\"ps巧制胶卷相框\" /></p>\r\n\r\n<p style=\"text-align:center\"><img alt=\"ps巧制胶卷相框\" src=\"http://img.sxunt.com/uploadimg/1013962_film_4_thumb.jpg\" title=\"ps巧制胶卷相框\" /></p>\r\n\r\n<p style=\"text-align:center\"><img alt=\"ps巧制胶卷相框\" src=\"http://img.sxunt.com/uploadimg/1013962_film_5_thumb.jpg\" title=\"ps巧制胶卷相框\" /></p>\r\n\r\n<p style=\"text-align:center\"><img alt=\"ps巧制胶卷相框\" src=\"http://img.sxunt.com/uploadimg/1013962_film_6_thumb.jpg\" title=\"ps巧制胶卷相框\" /></p>\r\n\r\n<p style=\"text-align:center\"><img alt=\"ps巧制胶卷相框\" src=\"http://img.sxunt.com/uploadimg/1013962_film_7_thumb.jpg\" title=\"ps巧制胶卷相框\" /></p>\r\n\r\n<p style=\"text-align:center\"><img alt=\"ps巧制胶卷相框\" src=\"http://img.sxunt.com/uploadimg/1013962_film_8_thumb.jpg\" title=\"ps巧制胶卷相框\" /></p>\r\n\r\n<p style=\"text-align:center\"><img alt=\"ps巧制胶卷相框\" src=\"http://img.sxunt.com/uploadimg/1013962_film_9_thumb.jpg\" title=\"ps巧制胶卷相框\" /></p>\r\n\r\n<p style=\"text-align:center\"><img alt=\"ps巧制胶卷相框\" src=\"http://img.sxunt.com/uploadimg/1013962_film_10_thumb.jpg\" title=\"ps巧制胶卷相框\" /></p>\r\n=><p style=\"text-align:center\">　　市场上有一种类似放大的长条胶卷样式的相框，把系列照片放进这样的长条胶卷的相框里感觉非常独特。下面我们跟随作者用Photoshop来制作这样的&amp;ldquo;胶卷相框&amp;rdquo;。（以下照片均可以点击放大观看）</p><p style=\"text-align:center\">　　先看看完成效果图：</p><p style=\"text-align:center\"><img alt=\"ps巧制胶卷相框\" src=\"http://img.sxunt.com/uploadimg/1013962_film_1_thumb.jpg\" title=\"ps巧制胶卷相框\"/></p><p style=\"text-align:center\">　　制作过程如下：</p><p style=\"text-align:center\"><img alt=\"ps巧制胶卷相框\" src=\"http://img.sxunt.com/uploadimg/1013962_film_2_thumb.jpg\" title=\"ps巧制胶卷相框\"/></p><p style=\"text-align:center\"><img alt=\"ps巧制胶卷相框\" src=\"http://img.sxunt.com/uploadimg/1013962_film_3_thumb.jpg\" title=\"ps巧制胶卷相框\"/></p><p style=\"text-align:center\"><img alt=\"ps巧制胶卷相框\" src=\"http://img.sxunt.com/uploadimg/1013962_film_4_thumb.jpg\" title=\"ps巧制胶卷相框\"/></p><p style=\"text-align:center\"><img alt=\"ps巧制胶卷相框\" src=\"http://img.sxunt.com/uploadimg/1013962_film_5_thumb.jpg\" title=\"ps巧制胶卷相框\"/></p><p style=\"text-align:center\"><img alt=\"ps巧制胶卷相框\" src=\"http://img.sxunt.com/uploadimg/1013962_film_6_thumb.jpg\" title=\"ps巧制胶卷相框\"/></p><p style=\"text-align:center\"><img alt=\"ps巧制胶卷相框\" src=\"http://img.sxunt.com/uploadimg/1013962_film_7_thumb.jpg\" title=\"ps巧制胶卷相框\"/></p><p style=\"text-align:center\"><img alt=\"ps巧制胶卷相框\" src=\"http://img.sxunt.com/uploadimg/1013962_film_8_thumb.jpg\" title=\"ps巧制胶卷相框\"/></p><p style=\"text-align:center\"><img alt=\"ps巧制胶卷相框\" src=\"http://img.sxunt.com/uploadimg/1013962_film_9_thumb.jpg\" title=\"ps巧制胶卷相框\"/></p><p style=\"text-align:center\"><img alt=\"ps巧制胶卷相框\" src=\"http://img.sxunt.com/uploadimg/1013962_film_10_thumb.jpg\" title=\"ps巧制胶卷相框\"/></p>', '1465100806', '3', '2130706433');
INSERT INTO `s_admin_log` VALUES ('56', '/admin/skill/update?id=280', 'SXUNT修改了表sxunt_skill id:280的tuijian : =>0,tjType : 0=>0,title : 巧制胶卷相框v=>巧制胶卷相框', '1465100831', '3', '2130706433');
INSERT INTO `s_admin_log` VALUES ('57', '/admin/skill/update?id=285', 'SXUNT修改了表sxunt_skill id:285的datetime : 2016-06-04 23:00:00=>2016-06-05 07:00:00,tuijian : =>1,tjType : 1=>1,content : <p>xx<br/></p>=><p><img src=\"http://img.sxunt.com/upload/image/20160605/1465141950136668.jpg\" title=\"1465141950136668.jpg\" alt=\"xxx.jpg\"/></p>', '1465141978', '3', '2130706433');
INSERT INTO `s_admin_log` VALUES ('58', '/admin/page/update?id=3', 'SXUNT修改了表sxunt_page id:3的use_layout : 1=>1,updated_at : 1465033568=>1465142538', '1465142538', '3', '2130706433');
INSERT INTO `s_admin_log` VALUES ('59', '/admin/article/update?id=1', 'SXUNT修改了表sxunt_article id:1的updated_at : 1464447311=>1465142570,cover : =>upload/image/20160606/1465142564.jpg', '1465142570', '3', '2130706433');
INSERT INTO `s_admin_log` VALUES ('60', '/admin/skill/update?id=285', 'SXUNT修改了表sxunt_skill id:285的datetime : 2016-06-05 07:00:00=>2016-06-05 15:00:00,tuijian : true=>1,tjType : 1=>1', '1472270511', '3', '2130706433');
INSERT INTO `s_admin_log` VALUES ('61', '/admin/skill/update?id=285', 'SXUNT修改了表sxunt_skill id:285的datetime : 2016-06-05 15:00:00=>2016-06-05 23:00:00,tuijian : true=>0,tjType : 1=>1', '1472270537', '3', '2130706433');
INSERT INTO `s_admin_log` VALUES ('62', '/admin/skill/update?id=285', 'SXUNT修改了表sxunt_skill id:285的datetime : 2016-06-05 23:00:00=>2016-06-06 07:00:00,pic : upload/image/20160605/1465141810.jpg=>http://img.sxunt.com/upload/image/20160828/1472315158.jpg,tuijian : =>1,tjType : 1=>1', '1472315315', '3', '2130706433');
INSERT INTO `s_admin_log` VALUES ('63', '/admin/skill/update?id=285', 'SXUNT修改了表sxunt_skill id:285的datetime : 2016-06-06 07:00:00=>2016-06-06 15:00:00,pic : http://img.sxunt.com/upload/image/20160828/1472315158.jpg=>http://img.sxunt.com/upload/image/20160828/1472316589.jpg,tuijian : true=>1,tjType : 1=>1', '1472316611', '3', '2130706433');
INSERT INTO `s_admin_log` VALUES ('64', '/admin/skill/update?id=285', 'SXUNT修改了表sxunt_skill id:285的datetime : 2016-06-06 15:00:00=>2016-06-06 23:00:00,pic : http://img.sxunt.com/upload/image/20160828/1472316589.jpg=>http://img.sxunt.com/upload/image/20160828/1472316779.jpg,tuijian : true=>1,tjType : 1=>2', '1472316786', '3', '2130706433');
INSERT INTO `s_admin_log` VALUES ('65', '/admin/skill/update?id=285', 'SXUNT修改了表sxunt_skill id:285的datetime : 2016-06-06 23:00:00=>2016-08-28 08:30:00,tuijian : true=>1,tjType : 2=>2', '1472347907', '3', '2130706433');
INSERT INTO `s_admin_log` VALUES ('66', '/admin/skill/update?id=285', 'SXUNT修改了表sxunt_skill id:285的datetime : 2016-08-28 08:30:00=>2016-08-28 16:30:00,tuijian : true=>0,tjType : 2=>2', '1472349287', '3', '2130706433');
INSERT INTO `s_admin_log` VALUES ('67', '/admin/skill/update?id=285', 'SXUNT修改了表sxunt_skill id:285的datetime : 2016-08-28 16:30:00=>2016-08-29 00:30:00,tuijian : =>1,tjType : 2=>2', '1472349314', '3', '2130706433');
INSERT INTO `s_admin_log` VALUES ('68', '/admin/skill/update?id=285', 'SXUNT修改了表sxunt_skill id:285的datetime : 2016-08-29 00:30:00=>2016-08-29 08:30:00,tuijian : true=>false,tjType : 2=>2', '1472349676', '3', '2130706433');
INSERT INTO `s_admin_log` VALUES ('69', '/admin/skill/update?id=285', 'SXUNT修改了表sxunt_skill id:285的datetime : 2016-08-29 08:30:00=>2016-08-29 16:30:00,tuijian : =>true,tjType : 2=>2', '1472349706', '3', '2130706433');
INSERT INTO `s_admin_log` VALUES ('70', '/admin/skill/update?id=285', 'SXUNT修改了表sxunt_skill id:285的datetime : 2016-08-29 16:30:00=>2016-08-30 00:30:00,tuijian : true=>false,tjType : 2=>2', '1472349834', '3', '2130706433');
INSERT INTO `s_admin_log` VALUES ('71', '/admin/skill/update?id=285', 'SXUNT修改了表sxunt_skill id:285的datetime : 2016-08-30 00:30:00=>2016-08-30 08:30:00,tuijian : =>true,tjType : 2=>2', '1472349845', '3', '2130706433');
INSERT INTO `s_admin_log` VALUES ('72', '/admin/skill/update?id=280', 'SXUNT修改了表sxunt_skill id:280的datetime : 2014-05-16 16:58:22=>2014-05-17 00:58:22,tjType : 0=>', '1472349947', '3', '2130706433');
INSERT INTO `s_admin_log` VALUES ('73', '/admin/skill/update?id=280', 'SXUNT修改了表sxunt_skill id:280的datetime : 2014-05-17 00:58:22=>2014-05-17 08:58:22,tjType : 0=>', '1472350032', '3', '2130706433');
INSERT INTO `s_admin_log` VALUES ('74', '/admin/category/update?id=1', 'SXUNT修改了表sxunt_category id:1的title : 默认=>影讯,pid : 0=>0,updated_at : 1449050838=>1472358441,name : moren=>yx,is_nav : 0=>1', '1472358442', '3', '2130706433');
INSERT INTO `s_admin_log` VALUES ('75', '/admin/category/update?id=1', 'SXUNT修改了表sxunt_category id:1的pid : 0=>0,updated_at : 1472358441=>1472358449,is_nav : 1=>1', '1472358449', '3', '2130706433');
INSERT INTO `s_admin_log` VALUES ('76', '/admin/category/update?id=2', 'SXUNT修改了表sxunt_category id:2的title : Cate=>qc,pid : 0=>0,updated_at : 1464447265=>1472358467,name : cate=>器材,is_nav : 0=>1', '1472358467', '3', '2130706433');
INSERT INTO `s_admin_log` VALUES ('77', '/admin/category/update?id=2', 'SXUNT修改了表sxunt_category id:2的title : qc=>器材,pid : 0=>0,updated_at : 1472358467=>1472358486,name : 器材=>qc,is_nav : 1=>1', '1472358487', '3', '2130706433');
INSERT INTO `s_admin_log` VALUES ('78', '/admin/category/update?id=4', 'SXUNT修改了表sxunt_category id:4的pid : 0=>0,updated_at : 1472358524=>1472358544,name : ys=>lx,is_nav : 1=>1', '1472358544', '3', '2130706433');
INSERT INTO `s_admin_log` VALUES ('79', '/admin/article/update?id=2', 'SXUNT修改了表sxunt_article id:2的category : Cate=>器材,updated_at : 1472353107=>1472358703', '1472358703', '3', '2130706433');
INSERT INTO `s_admin_log` VALUES ('80', '/admin/article/update?id=1', 'SXUNT修改了表sxunt_article id:1的category : Cate=>旅行,category_id : 2=>4,updated_at : 1465142570=>1472358711', '1472358711', '3', '2130706433');
INSERT INTO `s_admin_log` VALUES ('81', '/admin/article/delete?id=1', 'SXUNT修改了表sxunt_article id:1的updated_at : 1472358711=>1472370016,deleted_at : 0=>1472370016', '1472370017', '3', '2130706433');
INSERT INTO `s_admin_log` VALUES ('82', '/admin/article/delete?id=2', 'SXUNT修改了表sxunt_article id:2的updated_at : 1472358703=>1472370019,deleted_at : 0=>1472370019', '1472370020', '3', '2130706433');
INSERT INTO `s_admin_log` VALUES ('83', '/admin/article/update?id=3', 'SXUNT修改了表sxunt_article id:3的updated_at : 1472373058=>1472373098,status : 0=>1', '1472373098', '3', '2130706433');
INSERT INTO `s_admin_log` VALUES ('84', '/admin/article/update?id=3', 'SXUNT修改了表sxunt_article id:3的updated_at : 1472373098=>1472373357,cover : =>http://img.sxunt.com/upload/image/20160828/1472373350.jpg', '1472373357', '3', '2130706433');
INSERT INTO `s_admin_log` VALUES ('85', '/admin/article/update?id=16', 'SXUNT修改了表sxunt_article id:16的category : =>影讯,updated_at : 0=>1472482861', '1472482861', '3', '2130706433');
INSERT INTO `s_admin_log` VALUES ('86', '/admin/article/update?id=16', 'SXUNT修改了表sxunt_article_data id:16的content : <p style=\\\"text-indent:2em;\\\" align=\\\"center\\\">\\r\\n	<img src=\\\"/\'http://img.sxunt.com/uploadimg/image/20150102/1420179059.jpg\\\" title=\\\"得色空间：拉黑、高山《无知流放》展讯\\\" alt=\\\"得色空间：拉黑、高山《无知流放》展讯\\\" style=\\\"border:1px solid Black;\\\" height=\\\"750\\\" width=\\\"500\\\" align=\\\"no\\\" /><br />\\r\\n拉黑、高山：《无知流放》\\r\\n</p>\\r\\n<p style=\\\"text-indent:2em;\\\">\\r\\n	<br />\\r\\n展览开幕时间：<br />\\r\\n2015年1月3日 15:00<br />\\r\\n展览地点：<br />\\r\\n得色空间（北京朝阳区草场地艺术东区站台中国大院内）<br />\\r\\n展览推荐人：金酉鸣<br />\\r\\n参展艺术家：拉黑、高山<br />\\r\\n<br />\\r\\n2014年下半年，拉黑和高山通过众筹的方式完成了三个展览，其中包括一些摄影作品露天展、装置及行为作品。此次展览，我们把当时的部分展览现场、展出作\\r\\n品、行为记录、装置记录与在路上拍摄的摄影作品放到展厅，一是总结该项目的结果；二是试图在展厅让作品、现场记录与展厅空间产生新的对话。\\r\\n</p>\\r\\n<p style=\\\"text-indent:2em;\\\">\\r\\n	<br />\\r\\n<strong>艺术家介绍：</strong><br />\\r\\n<strong>拉黑</strong>，独立摄影师，毕业于复旦大学中文系，常居上海和江西乡下。作品曾参展平遥、丽水等国际摄影节；2010年开始在上海街头举办多个露天摄影展；2014年与自由摄影师高山发起“全国流浪摄影巡回展”项目；个展包括《寺背》（成都），《我们》（上海）等。<br />\\r\\n<strong>高山</strong>，独立摄影师，常居北京和河南安阳，2014年与自由摄影师拉黑发起“全国流浪摄影巡回展”项目—安阳，寺北，丽水。<br />\\r\\n<strong>得色空间</strong>是一个长期关注青年艺术家先锋实验探索，并致力于当代摄影影像语言、摄影的本体与边界和观念等方面探讨的非盈利性机构。我们将尝试从这个视角出发，推动影像在当代艺术中的发展。\\r\\n</p>\\r\\n<p style=\\\"text-indent:2em;\\\">\\r\\n<br />\\r\\n</p> =><p style=\"text-align:center;text-indent:2em;\"><img src=\"http://img.sxunt.com/uploads/image/20150102/1420179059.jpg\" title=\"得色空间：拉黑、高山《无知流放》展讯\" alt=\"得色空间：拉黑、高山《无知流放》展讯\" style=\"border:1px solid Black;\" height=\"750\" align=\"no\" width=\"500\"/><br/>拉黑、高山：《无知流放》</p><p style=\"text-indent:2em;\"><br/>展览开幕时间：<br/>2015年1月3日 15:00<br/>展览地点：<br/>得色空间（北京朝阳区草场地艺术东区站台中国大院内）<br/>展览推荐人：金酉鸣<br/>参展艺术家：拉黑、高山<br/><br/>2014年下半年，拉黑和高山通过众筹的方式完成了三个展览，其中包括一些摄影作品露天展、装置及行为作品。此次展览，我们把当时的部分展览现场、展出作\r\n品、行为记录、装置记录与在路上拍摄的摄影作品放到展厅，一是总结该项目的结果；二是试图在展厅让作品、现场记录与展厅空间产生新的对话。</p><p style=\"text-indent:2em;\"><br/><strong>艺术家介绍：</strong><br/><strong>拉黑</strong>，独立摄影师，毕业于复旦大学中文系，常居上海和江西乡下。作品曾参展平遥、丽水等国际摄影节；2010年开始在上海街头举办多个露天摄影展；2014年与自由摄影师高山发起“全国流浪摄影巡回展”项目；个展包括《寺背》（成都），《我们》（上海）等。<br/><strong>高山</strong>，独立摄影师，常居北京和河南安阳，2014年与自由摄影师拉黑发起“全国流浪摄影巡回展”项目—安阳，寺北，丽水。<br/><strong>得色空间</strong>是一个长期关注青年艺术家先锋实验探索，并致力于当代摄影影像语言、摄影的本体与边界和观念等方面探讨的非盈利性机构。我们将尝试从这个视角出发，推动影像在当代艺术中的发展。</p><p style=\"text-indent:2em;\"><br/></p>', '1472482861', '3', '2130706433');
INSERT INTO `s_admin_log` VALUES ('87', '/admin/article/update?id=16', 'SXUNT修改了表sxunt_article id:16的updated_at : 1472482861=>1472482877,status : 0=>1', '1472482877', '3', '2130706433');
INSERT INTO `s_admin_log` VALUES ('88', '/admin/article/update?id=15', 'SXUNT修改了表sxunt_article id:15的category : =>其它,updated_at : 0=>1472484530,status : 0=>1', '1472484530', '3', '2130706433');
INSERT INTO `s_admin_log` VALUES ('89', '/admin/article/update?id=15', 'SXUNT修改了表sxunt_article_data id:15的content : <p>\n    \n	手机固然重要，但是对于苹果来说，店\n面是宣传自家品牌的第一道门面，最近有外媒评选出全球最美的苹果店，身为果粉的你去过哪家呢？外出旅行时千万别忘了去全球各地的Apple店转转，让我们\n先去全球最美的Apple店游览踩点吧！\n</p>\n<p>\n    <strong>伊斯坦布尔</strong> \n</p>\n<p style=\"text-align:center;\">\n    <br clear=\"all\"/><img src=\"http://img.sxunt.com/uploads/image/20141229/1419845897.jpg\" title=\"iPhone6发布 一览全球最高大上的苹果店\" alt=\"iPhone6发布 一览全球最高大上的苹果店\" style=\"border:1px solid Black;\" height=\"338\" align=\"no\" width=\"500\"/> \n</p>\n<p>\n    \n	位于土耳其伊斯坦布尔的苹果商店日前刚刚开幕，该建筑由福斯特负责设计。从上空来看，这座苹果商店看起来就像是一个超大号的Macbook。\n</p>\n<p>\n    <strong>悉尼</strong> \n</p>\n<p style=\"text-align:center;\">\n    <img src=\"http://img.sxunt.com/uploads/image/20141229/1419847980.jpg\" title=\"iPhone6发布 一览全球最高大上的苹果店\" alt=\"iPhone6发布 一览全球最高大上的苹果店\" style=\"border:1px solid Black;\" height=\"338\" align=\"no\" width=\"500\"/> \n</p>\n<p>\n    \n	2008年，苹果在南半球开办了自己的首家苹果商店。该商店位于悉尼商业区的中心位置，总共拥有三层。同其他大多数苹果商店一样，苹果的巨大Logo被悬挂在了商店正中间，而店内的灯光则会在晚间照亮整条街道。\n</p>\n<p>\n    <strong>巴黎</strong> \n</p>\n<p style=\"text-align:center;\">\n    <br clear=\"all\"/><img src=\"http://img.sxunt.com/uploads/image/20141229/1419844857.jpg\" title=\"iPhone6发布 一览全球最高大上的苹果店\" alt=\"iPhone6发布 一览全球最高大上的苹果店\" style=\"border:1px solid Black;\" height=\"338\" align=\"no\" width=\"500\"/> \n</p>\n<p style=\"text-align:center;\">\n    <img src=\"http://img.sxunt.com/uploads/image/20141229/1419846839.jpg\" title=\"iPhone6发布 一览全球最高大上的苹果店\" alt=\"iPhone6发布 一览全球最高大上的苹果店\" style=\"border:1px solid Black;\" height=\"338\" align=\"no\" width=\"500\"/> \n</p>\n<p>\n    \n	2010年，苹果在法国巴黎知名的Opéra广场开了一家新零售店，这家门店的前身是一家拥有134年历史的银行。在装修时，苹果尽可能的保留了这座由大理石和石灰石构成的建筑原貌，甚至还不惜花费大量时间擦洗旧银行留下的烟熏痕迹。\n</p>\n<p>\n    <strong>北京三里屯</strong> \n</p>\n<p style=\"text-align:center;\">\n    <img src=\"http://img.sxunt.com/uploads/image/20141229/1419846019.jpg\" title=\"iPhone6发布 一览全球最高大上的苹果店\" alt=\"iPhone6发布 一览全球最高大上的苹果店\" style=\"border:1px solid Black;\" height=\"338\" align=\"no\" width=\"500\"/> \n</p>\n<p>\n    \n	这应该是中国人最为熟悉的一家苹果店了。这家设计前卫、且几乎完全透明的苹果商店几乎成了我们对苹果旗舰店的印象。\n</p>\n<p>\n    <strong>纽约</strong> \n</p>\n<p style=\"text-align:center;\">\n    <br clear=\"all\"/><img src=\"http://img.sxunt.com/uploads/image/20141229/1419848227.jpg\" title=\"iPhone6发布 一览全球最高大上的苹果店\" alt=\"iPhone6发布 一览全球最高大上的苹果店\" style=\"border:1px solid Black;\" height=\"338\" align=\"no\" width=\"500\"/> \n</p>\n<p>\n    \n	位于纽约第五大道的苹果旗舰店外观是由几块高达32英尺的巨大玻璃组成的，而内部的透明楼梯则通向零售店超大的内部空间。\n</p>\n<p>\n    <strong>柏林</strong> \n</p>\n<p style=\"text-align:center;\">\n    <img src=\"http://img.sxunt.com/uploads/image/20141229/1419845905.jpg\" title=\"iPhone6发布 一览全球最高大上的苹果店\" alt=\"iPhone6发布 一览全球最高大上的苹果店\" style=\"border:1px solid Black;\" height=\"338\" align=\"no\" width=\"500\"/> \n</p>\n<p style=\"text-align:center;\">\n    <img src=\"http://img.sxunt.com/uploads/image/20141229/1419843217.jpg\" title=\"iPhone6发布 一览全球最高大上的苹果店\" alt=\"iPhone6发布 一览全球最高大上的苹果店\" style=\"border:1px solid Black;\" height=\"338\" align=\"no\" width=\"500\"/> \n</p>\n<p>\n    \n	柏林苹果商店位于绿树成荫的库弗斯坦达姆大街，这条被称作柏林版的香榭丽舍大街。而且，该建筑本身的历史可以追溯到1913年，原本是一座当地知名的剧院。\n</p>\n<hr style=\"page-break-after:always;\" class=\"ke-pagebreak\"/>\n<p>\n    <strong>伦敦</strong> \n</p>\n<p style=\"text-align:center;\">\n    <br clear=\"all\"/><img src=\"http://img.sxunt.com/uploads/image/20141229/1419839491.jpg\" title=\"iPhone6发布 一览全球最高大上的苹果店\" alt=\"iPhone6发布 一览全球最高大上的苹果店\" style=\"border:1px solid Black;\" height=\"338\" align=\"no\" width=\"500\"/> \n</p>\n<p style=\"text-align:center;\">\n    <img src=\"http://img.sxunt.com/uploads/image/20141229/1419842523.jpg\" title=\"iPhone6发布 一览全球最高大上的苹果店\" alt=\"iPhone6发布 一览全球最高大上的苹果店\" style=\"border:1px solid Black;\" height=\"338\" align=\"no\" width=\"500\"/> \n</p>\n<p>\n    \n	于2010年开幕的伦敦苹果商店位于摄政街(Regent Street)，店内总面积达到了2万8千平方英尺，是世界上最大的苹果零售店之一，并雇佣了超过300名员工。\n</p>\n<p>\n    <strong>上海浦东</strong> \n</p>\n<p style=\"text-align:center;\">\n    <img src=\"http://img.sxunt.com/uploads/image/20141229/1419847649.jpg\" title=\"iPhone6发布 一览全球最高大上的苹果店\" alt=\"iPhone6发布 一览全球最高大上的苹果店\" style=\"border:1px solid Black;\" height=\"338\" align=\"no\" width=\"500\"/> \n</p>\n<p>\n    \n	位于上海浦东的苹果商店设计非常标新立异，地面上部分采用了大量玻璃材质设计。据悉，苹果已经为自己的玻璃设计方案申请了专利，而这些玻璃的生产工艺也需要非常严格的检验才能达到苹果的标准。\n</p>\n<p>\n    <strong>纽约中央车站</strong> \n</p>\n<p style=\"text-align:center;\">\n    <br clear=\"all\"/><img src=\"http://img.sxunt.com/uploads/image/20141229/1419844091.jpg\" title=\"iPhone6发布 一览全球最高大上的苹果店\" alt=\"iPhone6发布 一览全球最高大上的苹果店\" style=\"border:1px solid Black;\" height=\"338\" align=\"no\" width=\"500\"/> \n</p>\n<p style=\"text-align:center;\">\n    <img src=\"http://img.sxunt.com/uploads/image/20141229/1419844726.jpg\" title=\"iPhone6发布 一览全球最高大上的苹果店\" alt=\"iPhone6发布 一览全球最高大上的苹果店\" style=\"border:1px solid Black;\" height=\"338\" align=\"no\" width=\"500\"/> \n</p>\n<p>\n    \n	位于纽约中央车站的苹果商店或许是全球最富盛名的苹果商店之一。有消息称，苹果当时支付了250万美元用于店面装修，但还支付了500万美元给前任租户作为转租费才成功盘下了这一店面。\n</p>\n<p>\n    <br/>\n</p>=><p>\r\n	手机固然重要，但是对于苹果来说，店\r\n面是宣传自家品牌的第一道门面，最近有外媒评选出全球最美的苹果店，身为果粉的你去过哪家呢？外出旅行时千万别忘了去全球各地的Apple店转转，让我们\r\n先去全球最美的Apple店游览踩点吧！</p><p><strong>伊斯坦布尔</strong> </p><p style=\"text-align:center;\"><br clear=\"all\"/><img src=\"http://img.sxunt.com/uploads/image/20141229/1419845897.jpg\" title=\"iPhone6发布 一览全球最高大上的苹果店\" alt=\"iPhone6发布 一览全球最高大上的苹果店\" style=\"border:1px solid Black;\" height=\"338\" align=\"no\" width=\"500\"/> </p><p>\r\n	位于土耳其伊斯坦布尔的苹果商店日前刚刚开幕，该建筑由福斯特负责设计。从上空来看，这座苹果商店看起来就像是一个超大号的Macbook。</p><p><strong>悉尼</strong> </p><p style=\"text-align:center;\"><img src=\"http://img.sxunt.com/uploads/image/20141229/1419847980.jpg\" title=\"iPhone6发布 一览全球最高大上的苹果店\" alt=\"iPhone6发布 一览全球最高大上的苹果店\" style=\"border:1px solid Black;\" height=\"338\" align=\"no\" width=\"500\"/> </p><p>\r\n	2008年，苹果在南半球开办了自己的首家苹果商店。该商店位于悉尼商业区的中心位置，总共拥有三层。同其他大多数苹果商店一样，苹果的巨大Logo被悬挂在了商店正中间，而店内的灯光则会在晚间照亮整条街道。</p><p><strong>巴黎</strong> </p><p style=\"text-align:center;\"><br clear=\"all\"/><img src=\"http://img.sxunt.com/uploads/image/20141229/1419844857.jpg\" title=\"iPhone6发布 一览全球最高大上的苹果店\" alt=\"iPhone6发布 一览全球最高大上的苹果店\" style=\"border:1px solid Black;\" height=\"338\" align=\"no\" width=\"500\"/> </p><p style=\"text-align:center;\"><img src=\"http://img.sxunt.com/uploads/image/20141229/1419846839.jpg\" title=\"iPhone6发布 一览全球最高大上的苹果店\" alt=\"iPhone6发布 一览全球最高大上的苹果店\" style=\"border:1px solid Black;\" height=\"338\" align=\"no\" width=\"500\"/> </p><p>\r\n	2010年，苹果在法国巴黎知名的Opéra广场开了一家新零售店，这家门店的前身是一家拥有134年历史的银行。在装修时，苹果尽可能的保留了这座由大理石和石灰石构成的建筑原貌，甚至还不惜花费大量时间擦洗旧银行留下的烟熏痕迹。</p><p><strong>北京三里屯</strong> </p><p style=\"text-align:center;\"><img src=\"http://img.sxunt.com/uploads/image/20141229/1419846019.jpg\" title=\"iPhone6发布 一览全球最高大上的苹果店\" alt=\"iPhone6发布 一览全球最高大上的苹果店\" style=\"border:1px solid Black;\" height=\"338\" align=\"no\" width=\"500\"/> </p><p>\r\n	这应该是中国人最为熟悉的一家苹果店了。这家设计前卫、且几乎完全透明的苹果商店几乎成了我们对苹果旗舰店的印象。</p><p><strong>纽约</strong> </p><p style=\"text-align:center;\"><br clear=\"all\"/><img src=\"http://img.sxunt.com/uploads/image/20141229/1419848227.jpg\" title=\"iPhone6发布 一览全球最高大上的苹果店\" alt=\"iPhone6发布 一览全球最高大上的苹果店\" style=\"border:1px solid Black;\" height=\"338\" align=\"no\" width=\"500\"/> </p><p>\r\n	位于纽约第五大道的苹果旗舰店外观是由几块高达32英尺的巨大玻璃组成的，而内部的透明楼梯则通向零售店超大的内部空间。</p><p><strong>柏林</strong> </p><p style=\"text-align:center;\"><img src=\"http://img.sxunt.com/uploads/image/20141229/1419845905.jpg\" title=\"iPhone6发布 一览全球最高大上的苹果店\" alt=\"iPhone6发布 一览全球最高大上的苹果店\" style=\"border:1px solid Black;\" height=\"338\" align=\"no\" width=\"500\"/> </p><p style=\"text-align:center;\"><img src=\"http://img.sxunt.com/uploads/image/20141229/1419843217.jpg\" title=\"iPhone6发布 一览全球最高大上的苹果店\" alt=\"iPhone6发布 一览全球最高大上的苹果店\" style=\"border:1px solid Black;\" height=\"338\" align=\"no\" width=\"500\"/> </p><p>\r\n	柏林苹果商店位于绿树成荫的库弗斯坦达姆大街，这条被称作柏林版的香榭丽舍大街。而且，该建筑本身的历史可以追溯到1913年，原本是一座当地知名的剧院。</p><hr style=\"page-break-after:always;\" class=\"ke-pagebreak\"/><p><strong>伦敦</strong> </p><p style=\"text-align:center;\"><br clear=\"all\"/><img src=\"http://img.sxunt.com/uploads/image/20141229/1419839491.jpg\" title=\"iPhone6发布 一览全球最高大上的苹果店\" alt=\"iPhone6发布 一览全球最高大上的苹果店\" style=\"border:1px solid Black;\" height=\"338\" align=\"no\" width=\"500\"/> </p><p style=\"text-align:center;\"><img src=\"http://img.sxunt.com/uploads/image/20141229/1419842523.jpg\" title=\"iPhone6发布 一览全球最高大上的苹果店\" alt=\"iPhone6发布 一览全球最高大上的苹果店\" style=\"border:1px solid Black;\" height=\"338\" align=\"no\" width=\"500\"/> </p><p>\r\n	于2010年开幕的伦敦苹果商店位于摄政街(Regent Street)，店内总面积达到了2万8千平方英尺，是世界上最大的苹果零售店之一，并雇佣了超过300名员工。</p><p><strong>上海浦东</strong> </p><p style=\"text-align:center;\"><img src=\"http://img.sxunt.com/uploads/image/20141229/1419847649.jpg\" title=\"iPhone6发布 一览全球最高大上的苹果店\" alt=\"iPhone6发布 一览全球最高大上的苹果店\" style=\"border:1px solid Black;\" height=\"338\" align=\"no\" width=\"500\"/> </p><p>\r\n	位于上海浦东的苹果商店设计非常标新立异，地面上部分采用了大量玻璃材质设计。据悉，苹果已经为自己的玻璃设计方案申请了专利，而这些玻璃的生产工艺也需要非常严格的检验才能达到苹果的标准。</p><p><strong>纽约中央车站</strong> </p><p style=\"text-align:center;\"><br clear=\"all\"/><img src=\"http://img.sxunt.com/uploads/image/20141229/1419844091.jpg\" title=\"iPhone6发布 一览全球最高大上的苹果店\" alt=\"iPhone6发布 一览全球最高大上的苹果店\" style=\"border:1px solid Black;\" height=\"338\" align=\"no\" width=\"500\"/> </p><p style=\"text-align:center;\"><img src=\"http://img.sxunt.com/uploads/image/20141229/1419844726.jpg\" title=\"iPhone6发布 一览全球最高大上的苹果店\" alt=\"iPhone6发布 一览全球最高大上的苹果店\" style=\"border:1px solid Black;\" height=\"338\" align=\"no\" width=\"500\"/> </p><p>\r\n	位于纽约中央车站的苹果商店或许是全球最富盛名的苹果商店之一。有消息称，苹果当时支付了250万美元用于店面装修，但还支付了500万美元给前任租户作为转租费才成功盘下了这一店面。</p><p><br/></p>', '1472484530', '3', '2130706433');
INSERT INTO `s_admin_log` VALUES ('90', '/admin/article/update?id=15', 'SXUNT修改了表sxunt_article id:15的title : 一览全球最高大上的苹果店=>一览全球最高大上的苹果店v,updated_at : 1472484530=>1472484547', '1472484547', '3', '2130706433');
INSERT INTO `s_admin_log` VALUES ('91', '/admin/article/update?id=15', 'SXUNT修改了表sxunt_article id:15的title : 一览全球最高大上的苹果店v=>一览全球最高大上的苹果店,updated_at : 1472484547=>1472484555', '1472484555', '3', '2130706433');
INSERT INTO `s_admin_log` VALUES ('92', '/admin/article/update?id=14', 'SXUNT修改了表sxunt_article id:14的category : =>影讯,updated_at : 0=>1472484647,status : 0=>1', '1472484647', '3', '2130706433');
INSERT INTO `s_admin_log` VALUES ('93', '/admin/article/update?id=14', 'SXUNT修改了表sxunt_article_data id:14的content : <p style=\"text-indent:2em;\">\r\n	2011年，女摄影师Jessamyn Lovell发现她的钱包在旧金山SF \r\nCamerawork画廊被人偷走，不久之后就收到了一堆信用卡被盗刷的账单、交通罚单，甚至被盗用姓名顶罪。按照常理，这时Jessamyn应该选择冻\r\n结信用卡止损并报警，不过她还是做了另外的选择——让天下人都知道小偷是谁。\r\n</p>\r\n<p>\r\n	<img style=\"border:1px solid Black;\" alt=\"一位女摄影师的复仇：偷我包后果很严重\" title=\"一位女摄影师的复仇：偷我包后果很严重\" src=\"http://img.sxunt.com/uploads/image/20141229/1419839649.jpg\" height=\"402\" align=\"no\" width=\"500\" /> \r\n</p>\r\n<p style=\"text-indent:2em;\">\r\n	Jessamyn先是请来私家侦探，调查发现盗刷信用卡的是一个叫Erin \r\nHart的女惯犯，在了解清楚她的样貌以及生活范围以后，Jessamyn化身狗仔队，在公共场合把对方的一举一动全部偷拍下来，有时候甚至是擦肩而过。\r\n按照她本人的说法“既然她未经允许进入我的生命，那我也无需她的许可将这笔经验创造出一些新的东西”。\r\n</p>\r\n<p style=\"text-align:center;\">\r\n	<img style=\"border:1px solid Black;\" alt=\"一位女摄影师的复仇：偷我包后果很严重\" title=\"一位女摄影师的复仇：偷我包后果很严重\" src=\"http://img.sxunt.com/uploads/image/20141229/1419838651.jpg\" height=\"809\" align=\"no\" width=\"500\" /> \r\n</p>\r\n<p style=\"text-align:center;\">\r\n	<img style=\"border:1px solid Black;\" alt=\"一位女摄影师的复仇：偷我包后果很严重\" title=\"一位女摄影师的复仇：偷我包后果很严重\" src=\"http://img.sxunt.com/uploads/image/20141229/1419847188.jpg\" height=\"399\" align=\"no\" width=\"500\" /> \r\n</p>\r\n<p style=\"text-indent:2em;\">\r\n	Jessamyn决定在SF Camerawork画廊，也就是钱包被偷走的地方举办影展“Dear Erin Hart（亲爱的Erin \r\nHart）”，把34张偷拍的照片公开展出。同时，Jessamyn还会把展览邀请函寄送到Erin \r\nHart手中。真的好难想象Hart走进展览发现主角是自己时会有什么表情。<br />\r\n<br />\r\n而这，就是一个女摄影师对小偷的复仇。\r\n</p>\r\n<p style=\"text-align:center;\">\r\n	<img style=\"border:1px solid Black;\" alt=\"一位女摄影师的复仇：偷我包后果很严重\" title=\"一位女摄影师的复仇：偷我包后果很严重\" src=\"http://img.sxunt.com/uploads/image/20141229/1419838157.jpg\" height=\"375\" align=\"no\" width=\"500\" /> \r\n</p>\r\n<p style=\"text-align:center;\">\r\n	<img style=\"border:1px solid Black;\" alt=\"一位女摄影师的复仇：偷我包后果很严重\" title=\"一位女摄影师的复仇：偷我包后果很严重\" src=\"http://img.sxunt.com/uploads/image/20141229/1419844665.jpg\" height=\"334\" align=\"no\" width=\"500\" /> \r\n</p>\r\n<p style=\"text-align:center;\">\r\n	<img style=\"border:1px solid Black;\" alt=\"一位女摄影师的复仇：偷我包后果很严重\" title=\"一位女摄影师的复仇：偷我包后果很严重\" src=\"http://img.sxunt.com/uploads/image/20141229/1419843243.jpg\" height=\"320\" align=\"no\" width=\"500\" /> \r\n</p>\r\n<p style=\"text-align:center;\">\r\n	<img src=\"http://img.sxunt.com/uploads/image/20141229/1419842977.jpg\" title=\"一位女摄影师的复仇：偷我包后果很严重\" alt=\"一位女摄影师的复仇：偷我包后果很严重\" style=\"border:1px solid Black;\" height=\"328\" align=\"no\" width=\"500\" /> \r\n</p>\r\n<p style=\"text-indent:2em;\">\r\n	<br />\r\n</p>=><p style=\"text-indent:2em;\">\r\n	2011年，女摄影师Jessamyn Lovell发现她的钱包在旧金山SF \r\nCamerawork画廊被人偷走，不久之后就收到了一堆信用卡被盗刷的账单、交通罚单，甚至被盗用姓名顶罪。按照常理，这时Jessamyn应该选择冻\r\n结信用卡止损并报警，不过她还是做了另外的选择——让天下人都知道小偷是谁。</p><p><img style=\"border:1px solid Black;\" alt=\"一位女摄影师的复仇：偷我包后果很严重\" title=\"一位女摄影师的复仇：偷我包后果很严重\" src=\"http://img.sxunt.com/uploads/image/20141229/1419839649.jpg\" height=\"402\" align=\"no\" width=\"500\"/> </p><p style=\"text-indent:2em;\">\r\n	Jessamyn先是请来私家侦探，调查发现盗刷信用卡的是一个叫Erin \r\nHart的女惯犯，在了解清楚她的样貌以及生活范围以后，Jessamyn化身狗仔队，在公共场合把对方的一举一动全部偷拍下来，有时候甚至是擦肩而过。\r\n按照她本人的说法“既然她未经允许进入我的生命，那我也无需她的许可将这笔经验创造出一些新的东西”。</p><p style=\"text-align:center;\"><img style=\"border:1px solid Black;\" alt=\"一位女摄影师的复仇：偷我包后果很严重\" title=\"一位女摄影师的复仇：偷我包后果很严重\" src=\"http://img.sxunt.com/uploads/image/20141229/1419838651.jpg\" height=\"809\" align=\"no\" width=\"500\"/> </p><p style=\"text-align:center;\"><img style=\"border:1px solid Black;\" alt=\"一位女摄影师的复仇：偷我包后果很严重\" title=\"一位女摄影师的复仇：偷我包后果很严重\" src=\"http://img.sxunt.com/uploads/image/20141229/1419847188.jpg\" height=\"399\" align=\"no\" width=\"500\"/> </p><p style=\"text-indent:2em;\">\r\n	Jessamyn决定在SF Camerawork画廊，也就是钱包被偷走的地方举办影展“Dear Erin Hart（亲爱的Erin \r\nHart）”，把34张偷拍的照片公开展出。同时，Jessamyn还会把展览邀请函寄送到Erin \r\nHart手中。真的好难想象Hart走进展览发现主角是自己时会有什么表情。<br/><br/>而这，就是一个女摄影师对小偷的复仇。</p><p style=\"text-align:center;\"><img style=\"border:1px solid Black;\" alt=\"一位女摄影师的复仇：偷我包后果很严重\" title=\"一位女摄影师的复仇：偷我包后果很严重\" src=\"http://img.sxunt.com/uploads/image/20141229/1419838157.jpg\" height=\"375\" align=\"no\" width=\"500\"/> </p><p style=\"text-align:center;\"><img style=\"border:1px solid Black;\" alt=\"一位女摄影师的复仇：偷我包后果很严重\" title=\"一位女摄影师的复仇：偷我包后果很严重\" src=\"http://img.sxunt.com/uploads/image/20141229/1419844665.jpg\" height=\"334\" align=\"no\" width=\"500\"/> </p><p style=\"text-align:center;\"><img style=\"border:1px solid Black;\" alt=\"一位女摄影师的复仇：偷我包后果很严重\" title=\"一位女摄影师的复仇：偷我包后果很严重\" src=\"http://img.sxunt.com/uploads/image/20141229/1419843243.jpg\" height=\"320\" align=\"no\" width=\"500\"/> </p><p style=\"text-align:center;\"><img src=\"http://img.sxunt.com/uploads/image/20141229/1419842977.jpg\" title=\"一位女摄影师的复仇：偷我包后果很严重\" alt=\"一位女摄影师的复仇：偷我包后果很严重\" style=\"border:1px solid Black;\" height=\"328\" align=\"no\" width=\"500\"/> </p><p style=\"text-indent:2em;\"><br/></p>', '1472484647', '3', '2130706433');
INSERT INTO `s_admin_log` VALUES ('94', '/admin/article/update?id=13', 'SXUNT修改了表sxunt_article id:13的category : =>器材,updated_at : 0=>1472484726,status : 0=>1', '1472484726', '3', '2130706433');
INSERT INTO `s_admin_log` VALUES ('95', '/admin/article/update?id=13', 'SXUNT修改了表sxunt_article_data id:13的content : <p>\r\n	<span><img src=\"http://img.sxunt.com/uploads/image/20141229/1419839338.jpg\" alt=\"\" /><br />\r\n</span> \r\n</p>\r\n<p>\r\n	<span>镜头结构同为5组6片，体积也相差无几，但价格却足足便宜了一半，仅为300元左右，甚至远销欧洲，现在已经卖断了货。永\r\n诺50mm \r\nf/1.8镜头体积仅120g，比小痰盂还轻10g，7片光圈叶片，最小光圈f/22，最近对焦距离达到0.45m。作为中国第一支支持自动对焦的镜头，\r\n永诺50mm f/1.8可谓赚尽了眼球。 </span> \r\n</p>\r\n<p>\r\n	<br />\r\n<span></span> \r\n</p>\r\n<p>\r\n	<span></span> \r\n</p>=><p><img src=\"http://img.sxunt.com/uploads/image/20141229/1419839338.jpg\" alt=\"\"/><br/></p><p>镜头结构同为5组6片，体积也相差无几，但价格却足足便宜了一半，仅为300元左右，甚至远销欧洲，现在已经卖断了货。永\r\n诺50mm \r\nf/1.8镜头体积仅120g，比小痰盂还轻10g，7片光圈叶片，最小光圈f/22，最近对焦距离达到0.45m。作为中国第一支支持自动对焦的镜头，\r\n永诺50mm f/1.8可谓赚尽了眼球。</p><p><br/></p><p><br/></p>', '1472484726', '3', '2130706433');
INSERT INTO `s_admin_log` VALUES ('96', '/admin/article/update?id=12', 'SXUNT修改了表sxunt_article id:12的category : =>器材,updated_at : 0=>1472484817,status : 0=>1', '1472484817', '3', '2130706433');
INSERT INTO `s_admin_log` VALUES ('97', '/admin/article/update?id=12', 'SXUNT修改了表sxunt_article_data id:12的content : <p>\r\n	<span><img src=\"http://img.sxunt.comhttp://img.sxunt.com/uploads/image/20141229/1419844473.jpg\" alt=\"\" /><br />\r\n</span> \r\n</p>\r\n<p>\r\n	<span>与佳能第一代100-400/4.5-5.6L IS \r\nUSM镜头相比，新镜头加入了多项技术点。最为直观的改变，就是由原来的推拉式变焦设计变为旋转式变焦，并且采用全新设计的变焦调整环以及三脚架接环，拍\r\n摄操作性显著提升。此外，在镜头光学结构方面，镜头采用16组21片光学结构，内含1片萤石镜片和1片UD镜片。它采用优化的光学设计以及有效抑制眩光及\r\n鬼影的全新ASC空气球形镀膜（AIR SPHERE \r\nCOATING），显著提升了光学表现。手抖动补偿效果也由原来的2级补偿提高为4级快门速度补偿效果，最近对焦距离大幅缩减至0.98m，最大放大倍率\r\n也提升为0.31倍。&nbsp;（作者：宋佳佳 2014-12-19）</span> \r\n</p>=><p><img src=\"http://img.sxunt.comhttp://img.sxunt.com/uploads/image/20141229/1419844473.jpg\" alt=\"\"/><br/> </p><p>与佳能第一代100-400/4.5-5.6L IS \r\nUSM镜头相比，新镜头加入了多项技术点。最为直观的改变，就是由原来的推拉式变焦设计变为旋转式变焦，并且采用全新设计的变焦调整环以及三脚架接环，拍\r\n摄操作性显著提升。此外，在镜头光学结构方面，镜头采用16组21片光学结构，内含1片萤石镜片和1片UD镜片。它采用优化的光学设计以及有效抑制眩光及\r\n鬼影的全新ASC空气球形镀膜（AIR SPHERE \r\nCOATING），显著提升了光学表现。手抖动补偿效果也由原来的2级补偿提高为4级快门速度补偿效果，最近对焦距离大幅缩减至0.98m，最大放大倍率\r\n也提升为0.31倍。&nbsp;（作者：宋佳佳 2014-12-19）</p>', '1472484817', '3', '2130706433');
INSERT INTO `s_admin_log` VALUES ('98', '/admin/article/update?id=11', 'SXUNT修改了表sxunt_article id:11的category : =>影讯,updated_at : 0=>1472484874,status : 0=>1', '1472484874', '3', '2130706433');
INSERT INTO `s_admin_log` VALUES ('99', '/admin/article/update?id=11', 'SXUNT修改了表sxunt_article_data id:11的content : <p style=\"text-indent:2em;\">\r\n	在本次展览中，通过53位国际摄影家的200余幅摄影原作，呈现了175年世界摄影史中“直接摄影”这一流派的发展历程。这次展览堪称中国美术馆展\r\n出的经典原作数量最多、历史脉络最清晰、艺术结构最紧密的国际摄影展览。它的亮相引发了针对西方经典摄影大师作品的观看与讨论的热潮。\r\n</p>\r\n<p style=\"text-align:center;text-indent:2em;\">\r\n	<br clear=\"all\" />\r\n<img src=\"http://img.sxunt.com/uploads/image/20141229/1419844423.jpg\" alt=\"\" /><br />\r\n<b>卢骁在大展开幕式上致辞</b> \r\n</p>\r\n<p style=\"text-align:center;\">\r\n	<img src=\"http://img.sxunt.com/uploads/image/20141229/1419840897.jpg\" alt=\"\" /><br />\r\n<b>伊莫金-坎宁安作品</b> \r\n</p>\r\n<p style=\"text-indent:2em;\">\r\n	<br />\r\n虽然“乘物游心——1839-1937直接摄影原作展”已于12月10日闭幕，但是有关它的讨论话题仍在持续发酵。在这个数码时代我们应该如何从上世纪的\r\n西方经典中汲取营养？“直接摄影”有着怎样的一段历史？作为一家民营画廊出于什么样的考虑向国家美术馆捐赠了大量的摄影原作？……围绕这些话题蜂鸟网特别\r\n邀请到本次展览的执行策展人，泰吉轩画廊艺术总监卢骁与我们进行一次面对面的交流。他将向我们介绍本次展览策展前后的因果关系以及他眼中对于“直接摄影”\r\n这段历史的理解，并且您也可以在现场分享个人的观展心得。相信通过这次交流将有助于大家加深对于经典摄影作品的品读与认识。<br />\r\n12月23日19：30，在泰吉轩画廊我们等您来参与。<br />\r\n泰吉轩画廊地址：北京市西城区白云路6号云起时珍宝花园A1-8 （长安街首都博物馆向南500米路东）\r\n</p>\r\n<p style=\"text-indent:2em;\">\r\n	<br />\r\n</p>=><p style=\"text-indent:2em;\">\r\n	在本次展览中，通过53位国际摄影家的200余幅摄影原作，呈现了175年世界摄影史中“直接摄影”这一流派的发展历程。这次展览堪称中国美术馆展\r\n出的经典原作数量最多、历史脉络最清晰、艺术结构最紧密的国际摄影展览。它的亮相引发了针对西方经典摄影大师作品的观看与讨论的热潮。</p><p style=\"text-align:center;text-indent:2em;\"><br clear=\"all\"/><img src=\"http://img.sxunt.com/uploads/image/20141229/1419844423.jpg\" alt=\"\"/><br/><strong>卢骁在大展开幕式上致辞</strong> </p><p style=\"text-align:center;\"><img src=\"http://img.sxunt.com/uploads/image/20141229/1419840897.jpg\" alt=\"\"/><br/><strong>伊莫金-坎宁安作品</strong> </p><p style=\"text-indent:2em;\"><br/>虽然“乘物游心——1839-1937直接摄影原作展”已于12月10日闭幕，但是有关它的讨论话题仍在持续发酵。在这个数码时代我们应该如何从上世纪的\r\n西方经典中汲取营养？“直接摄影”有着怎样的一段历史？作为一家民营画廊出于什么样的考虑向国家美术馆捐赠了大量的摄影原作？……围绕这些话题蜂鸟网特别\r\n邀请到本次展览的执行策展人，泰吉轩画廊艺术总监卢骁与我们进行一次面对面的交流。他将向我们介绍本次展览策展前后的因果关系以及他眼中对于“直接摄影”\r\n这段历史的理解，并且您也可以在现场分享个人的观展心得。相信通过这次交流将有助于大家加深对于经典摄影作品的品读与认识。<br/>12月23日19：30，在泰吉轩画廊我们等您来参与。<br/>泰吉轩画廊地址：北京市西城区白云路6号云起时珍宝花园A1-8 （长安街首都博物馆向南500米路东）</p><p style=\"text-indent:2em;\"><br/></p>', '1472484874', '3', '2130706433');
INSERT INTO `s_admin_log` VALUES ('100', '/admin/article/update?id=10', 'SXUNT修改了表sxunt_article id:10的category : =>旅行,updated_at : 0=>1472484999,status : 0=>1', '1472484999', '3', '2130706433');
INSERT INTO `s_admin_log` VALUES ('101', '/admin/article/update?id=10', 'SXUNT修改了表sxunt_article_data id:10的content : <img style=\"border:1px solid Black;\" alt=\"你去过了没 全球几大优质低价旅游地\" title=\"你去过了没 全球几大优质低价旅游地\" src=\"http://www.sxunt.comhttp://img.sxunt.com/uploads/image/20141229/ceBxxdzkCkZGs.jpg\" height=\"329\" align=\"no\" width=\"500\" /> \r\n<p style=\"text-align:center;\">\r\n	<img style=\"border:1px solid Black;\" alt=\"你去过了没 全球几大优质低价旅游地\" title=\"你去过了没 全球几大优质低价旅游地\" src=\"http://www.sxunt.comhttp://img.sxunt.com/uploads/image/20141229/ceP7vS4NP5MoU.jpg\" height=\"329\" align=\"no\" width=\"500\" /><br />\r\n<b>菲律宾</b> \r\n</p>\r\n<p>\r\n	<br />\r\n菲律宾<br />\r\n如果你爱挑便宜货、喜欢户外互动和爱吃，那么一定要来菲律宾。菲律宾彰显各国文化特色，自然风光秀丽，旅游业十分发达。孤独星球旅行网最近 \r\n把菲律宾评为2014最值得一去的旅游地。首席信息官研究财富管理模式，制作出价格和收入报告，报告显示世界上部分最便宜的商店和高档饭店都坐落于菲律宾\r\n马尼拉。例如，在菲律宾一个全新的衣柜售价410美元——但类似的衣柜在日本东京则售价2870美元。在菲律宾好的餐馆，点3个菜一般只需18美元，但在\r\n 日内瓦或奥斯陆则需95美元。<br />\r\n尽管菲律宾前段时间受台风海雁袭击，损失惨重，但旅游业是促进国家恢复的重要手段，得到相当重视，所以不用担心，赶紧去菲律宾游玩吧!菲律宾大部分地区和主要著名的旅游景点并未受到破坏。\r\n</p>\r\n<p style=\"text-align:center;\">\r\n	<img style=\"border:1px solid Black;\" alt=\"你去过了没 全球几大优质低价旅游地\" title=\"你去过了没 全球几大优质低价旅游地\" src=\"http://www.sxunt.comhttp://img.sxunt.com/uploads/image/20141229/ce4ZneZKzJGXc.jpg\" height=\"329\" align=\"no\" width=\"500\" /><br />\r\n<b>希腊</b> \r\n</p>\r\n<p>\r\n	<br />\r\n希腊<br />\r\n经过多年的冲突，闻名古希腊终究适应了现代化生活。受经济危机影响，希腊处境严峻，旅游业低迷。依靠旅游业发展的希腊因经济危机受到严重的 \r\n打击!如今的希腊计划修建数千艘船、飞机和火车，为游客提供更多便捷的交通方式来希腊旅游，观赏古老遗迹和闻名遐迩的沙滩。想避开密集人群，享受低价旅 \r\n游，来希腊吧!\r\n</p>\r\n<p style=\"text-align:center;\">\r\n	<img style=\"border:1px solid Black;\" alt=\"你去过了没 全球几大优质低价旅游地\" title=\"你去过了没 全球几大优质低价旅游地\" src=\"http://www.sxunt.comhttp://img.sxunt.com/uploads/image/20141229/cedhys4zSh5pg.jpg\" height=\"329\" align=\"no\" width=\"500\" /><br />\r\n<b>墨西哥城</b> \r\n</p>\r\n<p>\r\n	<br />\r\n墨西哥，墨西哥城<br />\r\n从两个方面可以看出墨西哥是低价旅游地：一般从美国到墨西哥的机票都相当实惠。一旦来到墨西哥，你会发现这里没有其他大城市的奢华别致，多 \r\n一分简朴实惠。墨西哥除了旅游价格低廉，风景宜人，蕴含丰富文化色彩，是值得你一去的地方。据价格和收入报告得，墨西哥城是其中一个拥有全球价格最便宜的\r\n 五星级酒店的城市：平均房价为210美元一晚。而在美国纽约的奢华酒店，平均房价则为730美元一晚。墨西哥为游客提供高质量服务，愈发炫耀夺目。\r\n</p>\r\n<p>\r\n	<img style=\"border:1px solid Black;\" alt=\"你去过了没 全球几大优质低价旅游地\" title=\"你去过了没 全球几大优质低价旅游地\" src=\"http://www.sxunt.comhttp://img.sxunt.com/uploads/image/20141229/cew9pWeX0Zfg.jpg\" height=\"329\" align=\"no\" width=\"500\" /><br />\r\n<b>里斯本</b> \r\n</p>\r\n<p>\r\n	<br />\r\n葡萄牙，里斯本<br />\r\n来里斯本吧，价格真的相当实惠!里斯本城横跨连绵不断的山峰，城内当地居民热情友好，街道蜿蜒，风景宜人，消费价格实惠。如何实惠？据价格 \r\n和收入报告得，在调查的72城市中，里斯本的中型酒店价格最便宜，平均房价为80美元一晚——低于全球平均房价的百分之五十。去年里斯本的两所酒店入选了\r\n Smarter Travel 网的10大实惠高档酒店列表。\r\n</p>\r\n<p style=\"text-align:center;\">\r\n	<img style=\"border:1px solid Black;\" alt=\"你去过了没 全球几大优质低价旅游地\" title=\"你去过了没 全球几大优质低价旅游地\" src=\"http://www.sxunt.comhttp://img.sxunt.com/uploads/image/20141229/ceh16jHEl9spY.jpg\" height=\"329\" align=\"no\" width=\"500\" /><br />\r\n<b>布加勒斯特</b> \r\n</p>\r\n<p>\r\n	<br />\r\n罗马尼亚，布加勒斯特<br />\r\n布加勒斯特城在齐奥塞斯库的共产党统治下已有20多年，历尽磨难，但其独特的现代大都市魅力无限。布加勒斯特城曾以\"小巴黎城\"而闻名，独 \r\n特魅力吸引了越来越多的游客来访，消费价格相当实惠，是个旅游的好地方。布加勒斯特城是其中一个拥有全球价格最便宜的五星级酒店的城市：平均房价为190\r\n美元一晚。据价格和收入报告得，布加勒斯特城是最便宜的周末度假地，住宿、美酒佳肴、的士和公共交通、汽车租借和其他等费用平均价格只需370美元，然而\r\n 在巴黎，约需1100美元。\r\n</p>\r\n<p style=\"text-align:center;\">\r\n	<img style=\"border:1px solid Black;\" alt=\"你去过了没 全球几大优质低价旅游地\" title=\"你去过了没 全球几大优质低价旅游地\" src=\"http://www.sxunt.comhttp://img.sxunt.com/uploads/image/20141229/ceqzma5i9B22c.jpg\" height=\"329\" align=\"no\" width=\"500\" /><br />\r\n<b>印度</b> \r\n</p>\r\n<p>\r\n	<br />\r\n印度<br />\r\n虽然到达印度的飞机票价格略贵，但在印度，汇率低，住宿便宜，还有各色各样的免费旅游景点，吃饭购物也相当便宜。Frommer\'s旅游网 \r\n和孤单星球旅游网均把印度列为2014年最低价的旅游地。价格和收入报告则把德里和孟买列为全球最低价大城市。在印度，商品、服务和食物都十分便宜。然 \r\n而，要注意的是妇女暴力事件是印度的大问题，虽然印度之旅会相当充实与难忘，但在计划行程中应当考虑好安全问题。\r\n</p>\r\n<p>\r\n	保加利亚，索非亚<br />\r\n来索非亚城旅游吧，消费价格真的十分低!据价格和收入报告得，在调查的全球72座城市中，保加利亚首的中型酒店的价格最便宜：平均房价为 \r\n80美元一晚，低于全球平均房价的百分之五十。据年度欧洲三星级旅客消费标准得，索非亚是旅游消费价格最低的城市。在索非亚一天的住宿、交通、餐饮和活动\r\n 费用大约只需49美元。不仅仅是索非亚，孤单星球网把保加利亚列为旅游消费价格最低的国家。\r\n</p>\r\n<p style=\"text-align:center;\">\r\n	<img style=\"border:1px solid Black;\" alt=\"你去过了没 全球几大优质低价旅游地\" title=\"你去过了没 全球几大优质低价旅游地\" src=\"http://www.sxunt.comhttp://img.sxunt.com/uploads/image/20141229/ceXyGTWwUW2VI.jpg\" height=\"329\" align=\"no\" width=\"500\" /><br />\r\n<b>尼加拉瓜</b> \r\n</p>\r\n<p>\r\n	<br />\r\n尼加拉瓜共和国<br />\r\n每隔几年，都会有一个中美国家被授予\"下一个哥斯达黎加\"的殊荣——意思是这个国家相对安全、自然风光秀丽、消费价格低和旅客多。今年，尼 \r\n加拉瓜共和国想取得这一名衔。尼加拉瓜共和国内有火山、热带雨林、河流和加勒比海的沙滩，吸引各地游客到访。但如果尼加拉瓜共和国在接下来几年变得越来越\r\n受游客欢迎的话，消费价格也可能会变得昂贵。预计现在在尼加拉瓜共和国一天的最低消费为20美元，花费不多就能过上舒适的生活。最近宪法章程做出了修改，\r\n 减少对总统权利的限制，这对于民主制度的建立是个潜在的威胁，但看来不会对游客造成直接影响。\r\n</p>\r\n<p style=\"text-align:center;\">\r\n	<img style=\"border:1px solid Black;\" alt=\"你去过了没 全球几大优质低价旅游地\" title=\"你去过了没 全球几大优质低价旅游地\" src=\"http://www.sxunt.comhttp://img.sxunt.com/uploads/image/20141229/ceBJPXLsqiZUg.jpg\" height=\"329\" align=\"no\" width=\"500\" /><br />\r\n<b>里加</b> \r\n</p>\r\n<p>\r\n	<br />\r\n拉脱维亚，里加<br />\r\n里加市如今仍尚未开发，因此旅游消费价格低廉。然而随着里加市成为2014年欧洲文化首都，旅游消费价格可能会发生变化。尽管如此，游客现 \r\n在在里加市仍是可以享受低价住宿、游玩和餐饮。据欧洲三星级旅客和欧洲背包客的消费标准得，里加市位列旅游消费价格最低城市前十，(三星级旅客每天在住 \r\n宿、交通、餐饮和活动等费用平均价格约需74美元，而背包客则约需33美元。)\r\n</p>\r\n<p>\r\n	<br />\r\n</p>=><p><img style=\"border:1px solid Black;\" alt=\"你去过了没 全球几大优质低价旅游地\" title=\"你去过了没 全球几大优质低价旅游地\" src=\"http://www.sxunt.com/uploads/image/20141229/ceBxxdzkCkZGs.jpg\" height=\"329\" align=\"no\" width=\"500\"/></p><p style=\"text-align:center;\"><img style=\"border:1px solid Black;\" alt=\"你去过了没 全球几大优质低价旅游地\" title=\"你去过了没 全球几大优质低价旅游地\" src=\"http://www.sxunt.com/uploads/image/20141229/ceP7vS4NP5MoU.jpg\" height=\"329\" align=\"no\" width=\"500\"/><br/><strong>菲律宾</strong></p><p><br/>菲律宾<br/>如果你爱挑便宜货、喜欢户外互动和爱吃，那么一定要来菲律宾。菲律宾彰显各国文化特色，自然风光秀丽，旅游业十分发达。孤独星球旅行网最近 \r\n把菲律宾评为2014最值得一去的旅游地。首席信息官研究财富管理模式，制作出价格和收入报告，报告显示世界上部分最便宜的商店和高档饭店都坐落于菲律宾\r\n马尼拉。例如，在菲律宾一个全新的衣柜售价410美元——但类似的衣柜在日本东京则售价2870美元。在菲律宾好的餐馆，点3个菜一般只需18美元，但在\r\n 日内瓦或奥斯陆则需95美元。<br/>尽管菲律宾前段时间受台风海雁袭击，损失惨重，但旅游业是促进国家恢复的重要手段，得到相当重视，所以不用担心，赶紧去菲律宾游玩吧!菲律宾大部分地区和主要著名的旅游景点并未受到破坏。</p><p style=\"text-align:center;\"><img style=\"border:1px solid Black;\" alt=\"你去过了没 全球几大优质低价旅游地\" title=\"你去过了没 全球几大优质低价旅游地\" src=\"http://www.sxunt.com/uploads/image/20141229/ce4ZneZKzJGXc.jpg\" height=\"329\" align=\"no\" width=\"500\"/><br/><strong>希腊</strong></p><p><br/>希腊<br/>经过多年的冲突，闻名古希腊终究适应了现代化生活。受经济危机影响，希腊处境严峻，旅游业低迷。依靠旅游业发展的希腊因经济危机受到严重的 \r\n打击!如今的希腊计划修建数千艘船、飞机和火车，为游客提供更多便捷的交通方式来希腊旅游，观赏古老遗迹和闻名遐迩的沙滩。想避开密集人群，享受低价旅 \r\n游，来希腊吧!</p><p style=\"text-align:center;\"><img style=\"border:1px solid Black;\" alt=\"你去过了没 全球几大优质低价旅游地\" title=\"你去过了没 全球几大优质低价旅游地\" src=\"http://www.sxunt.com/uploads/image/20141229/cedhys4zSh5pg.jpg\" height=\"329\" align=\"no\" width=\"500\"/><br/><strong>墨西哥城</strong></p><p><br/>墨西哥，墨西哥城<br/>从两个方面可以看出墨西哥是低价旅游地：一般从美国到墨西哥的机票都相当实惠。一旦来到墨西哥，你会发现这里没有其他大城市的奢华别致，多 \r\n一分简朴实惠。墨西哥除了旅游价格低廉，风景宜人，蕴含丰富文化色彩，是值得你一去的地方。据价格和收入报告得，墨西哥城是其中一个拥有全球价格最便宜的\r\n 五星级酒店的城市：平均房价为210美元一晚。而在美国纽约的奢华酒店，平均房价则为730美元一晚。墨西哥为游客提供高质量服务，愈发炫耀夺目。</p><p><img style=\"border:1px solid Black;\" alt=\"你去过了没 全球几大优质低价旅游地\" title=\"你去过了没 全球几大优质低价旅游地\" src=\"http://www.sxunt.com/uploads/image/20141229/cew9pWeX0Zfg.jpg\" height=\"329\" align=\"no\" width=\"500\"/><br/><strong>里斯本</strong></p><p><br/>葡萄牙，里斯本<br/>来里斯本吧，价格真的相当实惠!里斯本城横跨连绵不断的山峰，城内当地居民热情友好，街道蜿蜒，风景宜人，消费价格实惠。如何实惠？据价格 \r\n和收入报告得，在调查的72城市中，里斯本的中型酒店价格最便宜，平均房价为80美元一晚——低于全球平均房价的百分之五十。去年里斯本的两所酒店入选了\r\n Smarter Travel 网的10大实惠高档酒店列表。</p><p style=\"text-align:center;\"><img style=\"border:1px solid Black;\" alt=\"你去过了没 全球几大优质低价旅游地\" title=\"你去过了没 全球几大优质低价旅游地\" src=\"http://www.sxunt.com/uploads/image/20141229/ceh16jHEl9spY.jpg\" height=\"329\" align=\"no\" width=\"500\"/><br/><strong>布加勒斯特</strong></p><p><br/>罗马尼亚，布加勒斯特<br/>布加勒斯特城在齐奥塞斯库的共产党统治下已有20多年，历尽磨难，但其独特的现代大都市魅力无限。布加勒斯特城曾以&quot;小巴黎城&quot;而闻名，独 \r\n特魅力吸引了越来越多的游客来访，消费价格相当实惠，是个旅游的好地方。布加勒斯特城是其中一个拥有全球价格最便宜的五星级酒店的城市：平均房价为190\r\n美元一晚。据价格和收入报告得，布加勒斯特城是最便宜的周末度假地，住宿、美酒佳肴、的士和公共交通、汽车租借和其他等费用平均价格只需370美元，然而\r\n 在巴黎，约需1100美元。</p><p style=\"text-align:center;\"><img style=\"border:1px solid Black;\" alt=\"你去过了没 全球几大优质低价旅游地\" title=\"你去过了没 全球几大优质低价旅游地\" src=\"http://www.sxunt.com/uploads/image/20141229/ceqzma5i9B22c.jpg\" height=\"329\" align=\"no\" width=\"500\"/><br/><strong>印度</strong></p><p><br/>印度<br/>虽然到达印度的飞机票价格略贵，但在印度，汇率低，住宿便宜，还有各色各样的免费旅游景点，吃饭购物也相当便宜。Frommer&#39;s旅游网 \r\n和孤单星球旅游网均把印度列为2014年最低价的旅游地。价格和收入报告则把德里和孟买列为全球最低价大城市。在印度，商品、服务和食物都十分便宜。然 \r\n而，要注意的是妇女暴力事件是印度的大问题，虽然印度之旅会相当充实与难忘，但在计划行程中应当考虑好安全问题。</p><p>\r\n	保加利亚，索非亚<br/>来索非亚城旅游吧，消费价格真的十分低!据价格和收入报告得，在调查的全球72座城市中，保加利亚首的中型酒店的价格最便宜：平均房价为 \r\n80美元一晚，低于全球平均房价的百分之五十。据年度欧洲三星级旅客消费标准得，索非亚是旅游消费价格最低的城市。在索非亚一天的住宿、交通、餐饮和活动\r\n 费用大约只需49美元。不仅仅是索非亚，孤单星球网把保加利亚列为旅游消费价格最低的国家。</p><p style=\"text-align:center;\"><img style=\"border:1px solid Black;\" alt=\"你去过了没 全球几大优质低价旅游地\" title=\"你去过了没 全球几大优质低价旅游地\" src=\"http://www.sxunt.com/uploads/image/20141229/ceXyGTWwUW2VI.jpg\" height=\"329\" align=\"no\" width=\"500\"/><br/><strong>尼加拉瓜</strong></p><p><br/>尼加拉瓜共和国<br/>每隔几年，都会有一个中美国家被授予&quot;下一个哥斯达黎加&quot;的殊荣——意思是这个国家相对安全、自然风光秀丽、消费价格低和旅客多。今年，尼 \r\n加拉瓜共和国想取得这一名衔。尼加拉瓜共和国内有火山、热带雨林、河流和加勒比海的沙滩，吸引各地游客到访。但如果尼加拉瓜共和国在接下来几年变得越来越\r\n受游客欢迎的话，消费价格也可能会变得昂贵。预计现在在尼加拉瓜共和国一天的最低消费为20美元，花费不多就能过上舒适的生活。最近宪法章程做出了修改，\r\n 减少对总统权利的限制，这对于民主制度的建立是个潜在的威胁，但看来不会对游客造成直接影响。</p><p style=\"text-align:center;\"><img style=\"border:1px solid Black;\" alt=\"你去过了没 全球几大优质低价旅游地\" title=\"你去过了没 全球几大优质低价旅游地\" src=\"http://www.sxunt.com/uploads/image/20141229/ceBJPXLsqiZUg.jpg\" height=\"329\" align=\"no\" width=\"500\"/><br/><strong>里加</strong></p><p><br/>拉脱维亚，里加<br/>里加市如今仍尚未开发，因此旅游消费价格低廉。然而随着里加市成为2014年欧洲文化首都，旅游消费价格可能会发生变化。尽管如此，游客现 \r\n在在里加市仍是可以享受低价住宿、游玩和餐饮。据欧洲三星级旅客和欧洲背包客的消费标准得，里加市位列旅游消费价格最低城市前十，(三星级旅客每天在住 \r\n宿、交通、餐饮和活动等费用平均价格约需74美元，而背包客则约需33美元。)</p><p><br/></p>', '1472484999', '3', '2130706433');
INSERT INTO `s_admin_log` VALUES ('102', '/admin/article/update?id=9', 'SXUNT修改了表sxunt_article id:9的category : =>攻略,updated_at : 0=>1472485126,status : 0=>1', '1472485126', '3', '2130706433');
INSERT INTO `s_admin_log` VALUES ('103', '/admin/article/update?id=9', 'SXUNT修改了表sxunt_article_data id:9的content : <p style=\"text-indent:2em;\">\r\n	1、新年前夜夜餐&nbsp; 巴西，里约热内卢\r\n</p>\r\n<p style=\"text-align:center;text-indent:2em;\">\r\n	<br clear=\"all\" />\r\n<img src=\"http://www.sxunt.com/uploads/image/20141229/ceADaWVoW3EQ.jpg\" title=\"全球的欢庆时刻 十个跨年旅行圣地推荐\" alt=\"全球的欢庆时刻 十个跨年旅行圣地推荐\" style=\"border:1px solid Black;\" height=\"333\" align=\"no\" width=\"500\" /> \r\n</p>\r\n<p style=\"text-indent:2em;\">\r\n	在新年的前夜，位于巴西科帕卡巴纳海滩的新年前夜夜餐是世界上最热闹的新年庆祝活动之一。巨大的舞台沿着海滨搭建，游客可以尽情享受传统舞蹈和音乐表演。\r\n届时会有超过200万的游客身着象征好运的白色礼服欢聚在一起，畅饮香槟、跳起桑巴舞，一同等待午夜钟声的敲响。当12点的钟声响起，新的一年会伴随着海\r\n上五彩缤纷的焰火表演一同到来。<br />\r\n<br />\r\n<br />\r\n2、时代广场&nbsp; 美国，纽约市\r\n</p>\r\n<p style=\"text-align:center;\">\r\n	<img src=\"http://www.sxunt.com/uploads/image/20141229/cey0pV8l6sgSI.jpg\" title=\"全球的欢庆时刻 十个跨年旅行圣地推荐\" alt=\"全球的欢庆时刻 十个跨年旅行圣地推荐\" style=\"border:1px solid Black;\" height=\"375\" align=\"no\" width=\"500\" /> \r\n</p>\r\n<p style=\"text-align:center;\">\r\n	<img src=\"http://www.sxunt.com/uploads/image/20141229/ceITUhsyilCWU.jpg\" title=\"全球的欢庆时刻 十个跨年旅行圣地推荐\" alt=\"全球的欢庆时刻 十个跨年旅行圣地推荐\" style=\"border:1px solid Black;\" height=\"298\" align=\"no\" width=\"500\" /> \r\n</p>\r\n<p style=\"text-align:center;\">\r\n	<img src=\"http://www.sxunt.com/uploads/image/20141229/ceDFhJRMpuqU.jpg\" title=\"全球的欢庆时刻 十个跨年旅行圣地推荐\" alt=\"全球的欢庆时刻 十个跨年旅行圣地推荐\" style=\"border:1px solid Black;\" height=\"333\" align=\"no\" width=\"500\" /> \r\n</p>\r\n<p style=\"text-indent:2em;\">\r\n	<br />\r\n纽约这座标志性的城市是新年前夜的代名词，数百万的游人从世界各地聚集而来观看落球仪式。在等待最终倒计时的过程中，还有壮观的烟火表演以及音乐演出。闪耀的五彩纸屑飞扬在午夜的空中，烟火将夜空照亮。<br />\r\n<br />\r\n<br />\r\n3、跨年活动&nbsp; 苏格兰，爱丁堡\r\n</p>\r\n<p style=\"text-align:center;\">\r\n	<img src=\"http://www.sxunt.com/uploads/image/20141229/cetT81MksgQFQ.jpg\" title=\"全球的欢庆时刻 十个跨年旅行圣地推荐\" alt=\"全球的欢庆时刻 十个跨年旅行圣地推荐\" style=\"border:1px solid Black;\" height=\"287\" align=\"no\" width=\"500\" /> \r\n</p>\r\n<p style=\"text-indent:2em;\">\r\n	<br />\r\n爱丁堡的跨年活动算得上是世界上最大型的新年街头聚会之一，爱丁堡城堡上的烟火表演将为期四天的街头庆祝活动推向了高潮。火炬之光游行、烛光音乐会以及苏格兰民族舞蹈都只是这个庆祝活动的其中的一小部分亮点。<br />\r\n<br />\r\n<br />\r\n4、澳大利亚，悉尼\r\n</p>\r\n<p style=\"text-align:center;\">\r\n	<img src=\"http://www.sxunt.com/uploads/image/20141229/ceasceP8BcBx2.jpg\" title=\"全球的欢庆时刻 十个跨年旅行圣地推荐\" alt=\"全球的欢庆时刻 十个跨年旅行圣地推荐\" style=\"border:1px solid Black;\" height=\"334\" align=\"no\" width=\"500\" /> \r\n</p>\r\n<p style=\"text-align:center;\">\r\n	<img src=\"http://www.sxunt.com/uploads/image/20141229/ceFNg3Ct88Sf.jpg\" title=\"全球的欢庆时刻 十个跨年旅行圣地推荐\" alt=\"全球的欢庆时刻 十个跨年旅行圣地推荐\" style=\"border:1px solid Black;\" height=\"353\" align=\"no\" width=\"500\" /> \r\n</p>\r\n<p style=\"text-align:center;\">\r\n	<img src=\"http://www.sxunt.com/uploads/image/20141229/ce0JGkjtdcU8E.jpg\" title=\"全球的欢庆时刻 十个跨年旅行圣地推荐\" alt=\"全球的欢庆时刻 十个跨年旅行圣地推荐\" style=\"border:1px solid Black;\" height=\"321\" align=\"no\" width=\"500\" /> \r\n</p>\r\n<p style=\"text-indent:2em;\">\r\n	<br />\r\n在悉尼的跨年庆祝活动上，游人可以看到世界上最大型的烟火表演。悉尼也被称作世界的\"新年夜之都\"，届时会有传统的庆典活动、空中特技表演以及叹为观止的烟火汇演。随着午夜12点钟声的敲响，重达7吨的烟火同时燃放，瞬间照亮悉尼海港大桥和周围的建筑。\r\n</p>\r\n<p style=\"text-indent:2em;\">\r\n	<br />\r\n</p>\r\n<p style=\"text-indent:2em;\">\r\n	5、香榭丽舍大街&nbsp; 法国，巴黎\r\n</p>\r\n<p style=\"text-align:center;text-indent:2em;\">\r\n	<br clear=\"all\" />\r\n<img src=\"http://www.sxunt.com/uploads/image/20141229/ceVguVn5ZNAFE.jpg\" title=\"全球的欢庆时刻 十个跨年旅行圣地推荐\" alt=\"全球的欢庆时刻 十个跨年旅行圣地推荐\" style=\"border:1px solid Black;\" height=\"333\" align=\"no\" width=\"500\" /> \r\n</p>\r\n<p style=\"text-indent:2em;\">\r\n	<br />\r\n</p>\r\n<hr style=\"page-break-after:always;\" class=\"ke-pagebreak\" />\r\n<p>\r\n	<br />\r\n</p>\r\n<p style=\"text-indent:2em;\">\r\n	<br />\r\n</p>\r\n<p style=\"text-align:center;\">\r\n	<img src=\"http://www.sxunt.com/uploads/image/20141229/cendXYHG3Ygu2.jpg\" title=\"全球的欢庆时刻 十个跨年旅行圣地推荐\" alt=\"全球的欢庆时刻 十个跨年旅行圣地推荐\" style=\"border:1px solid Black;\" height=\"322\" align=\"no\" width=\"500\" /> \r\n</p>\r\n<p style=\"text-align:center;\">\r\n	<img src=\"http://www.sxunt.com/uploads/image/20141229/cePwWE2rlmLNw.jpg\" title=\"全球的欢庆时刻 十个跨年旅行圣地推荐\" alt=\"全球的欢庆时刻 十个跨年旅行圣地推荐\" style=\"border:1px solid Black;\" height=\"318\" align=\"no\" width=\"500\" /> \r\n</p>\r\n<p style=\"text-align:center;\">\r\n	<img src=\"http://www.sxunt.com/uploads/image/20141229/ceKQS0fHeus.jpg\" title=\"全球的欢庆时刻 十个跨年旅行圣地推荐\" alt=\"全球的欢庆时刻 十个跨年旅行圣地推荐\" style=\"border:1px solid Black;\" height=\"327\" align=\"no\" width=\"500\" /> \r\n</p>\r\n<p style=\"text-indent:2em;\">\r\n	巴黎人用时髦的方式庆祝着新年。在\"光明之城\"巴黎，耀眼的灯展和烟火表演独具特色，此外在香榭丽舍大街还有大型的街头聚会，人们畅饮着香槟。午夜时刻的埃菲尔铁塔会上演壮观的灯光表演，人们互相亲吻脸颊以送上新年的祝福。<br />\r\n<br />\r\n<br />\r\n6、泰晤士河&nbsp; 英国，伦敦\r\n</p>\r\n<p style=\"text-align:center;\">\r\n	<img src=\"http://www.sxunt.com/uploads/image/20141229/ceqyc4rjN66yg.jpg\" title=\"全球的欢庆时刻 十个跨年旅行圣地推荐\" alt=\"全球的欢庆时刻 十个跨年旅行圣地推荐\" style=\"border:1px solid Black;\" height=\"332\" align=\"no\" width=\"500\" /> \r\n</p>\r\n<p style=\"text-align:center;\">\r\n	<img src=\"http://www.sxunt.com/uploads/image/20141229/ceOWNIne5S1nw.jpg\" title=\"全球的欢庆时刻 十个跨年旅行圣地推荐\" alt=\"全球的欢庆时刻 十个跨年旅行圣地推荐\" style=\"border:1px solid Black;\" height=\"375\" align=\"no\" width=\"500\" /> \r\n</p>\r\n<p style=\"text-indent:2em;\">\r\n	<br />\r\n泰晤士河的新年烟火表演同样吸引着全球各地的游客。烟火从被称作\"伦敦眼\"的巨型摩天轮点燃，游客可以在河边欣赏绚丽的烟火，也可以在特拉法加和议会广场的大屏幕中观看烟火燃放的盛况。<br />\r\n<br />\r\n7、盛大舞会&nbsp; 奥地利，维也纳\r\n</p>\r\n<p style=\"text-align:center;\">\r\n	<img src=\"http://www.sxunt.com/uploads/image/20141229/ceopIdLPKycCk.jpg\" title=\"全球的欢庆时刻 十个跨年旅行圣地推荐\" alt=\"全球的欢庆时刻 十个跨年旅行圣地推荐\" style=\"border:1px solid Black;\" height=\"375\" align=\"no\" width=\"500\" /> \r\n</p>\r\n<p style=\"text-align:center;\">\r\n	<img src=\"http://www.sxunt.com/uploads/image/20141229/cefhBGulbReUM.jpg\" title=\"全球的欢庆时刻 十个跨年旅行圣地推荐\" alt=\"全球的欢庆时刻 十个跨年旅行圣地推荐\" style=\"border:1px solid Black;\" height=\"326\" align=\"no\" width=\"500\" /> \r\n</p>\r\n<p style=\"text-align:center;\">\r\n	<img src=\"http://www.sxunt.com/uploads/image/20141229/ce0MDFrY0NBzI.jpg\" title=\"全球的欢庆时刻 十个跨年旅行圣地推荐\" alt=\"全球的欢庆时刻 十个跨年旅行圣地推荐\" style=\"border:1px solid Black;\" height=\"375\" align=\"no\" width=\"500\" /> \r\n</p>\r\n<p style=\"text-indent:2em;\">\r\n	<br />\r\n与在街头庆祝新年的城市不同，维也纳将地点选在了舞厅。盛大舞会在霍夫堡宫举行，古典音乐、芭蕾表演和有四道菜的晚宴都是这场舞会的特色。而午夜的欢庆活动主要是烟火表演和蓝色多瑙河圆舞曲的上演。\r\n</p>\r\n<p style=\"text-indent:2em;\">\r\n	8、亚拉公园&nbsp; 澳大利亚，墨尔本\r\n</p>\r\n<p style=\"text-align:center;text-indent:2em;\">\r\n	<br clear=\"all\" />\r\n<img src=\"http://www.sxunt.com/uploads/image/20141229/ce1YG0TylZbuM.jpg\" title=\"全球的欢庆时刻 十个跨年旅行圣地推荐\" alt=\"全球的欢庆时刻 十个跨年旅行圣地推荐\" style=\"border:1px solid Black;\" height=\"333\" align=\"no\" width=\"500\" /> \r\n</p>\r\n<p style=\"text-align:center;\">\r\n	<img src=\"http://www.sxunt.com/uploads/image/20141229/cejIBaDfhHkAY.jpg\" title=\"全球的欢庆时刻 十个跨年旅行圣地推荐\" alt=\"全球的欢庆时刻 十个跨年旅行圣地推荐\" style=\"border:1px solid Black;\" height=\"282\" align=\"no\" width=\"500\" /> \r\n</p>\r\n<p style=\"text-indent:2em;\">\r\n	<br />\r\n新年的前夜，和家人一起在墨尔本的亚拉公园听到新年的钟声也是一件很幸福的事情。公园会举办一系列的活动，包括互换新年礼物、盛装表演、化妆晚会以及社团艺术表演。孩子们和父母可以一同在维多利亚港观看色彩斑斓的午夜烟火表演。\r\n</p>\r\n<p style=\"text-indent:2em;\">\r\n	<br />\r\n</p>\r\n<hr style=\"page-break-after:always;\" class=\"ke-pagebreak\" />\r\n<br />\r\n<br />\r\n<br />\r\n9、拉斯维加斯大道&nbsp; 美国，拉斯维加斯\r\n<p>\r\n	<br />\r\n</p>\r\n<p style=\"text-indent:2em;\">\r\n	<br />\r\n</p>\r\n<p style=\"text-align:center;\">\r\n	<img src=\"http://www.sxunt.com/uploads/image/20141229/ceZR7YWh39Q.jpg\" title=\"全球的欢庆时刻 十个跨年旅行圣地推荐\" alt=\"全球的欢庆时刻 十个跨年旅行圣地推荐\" style=\"border:1px solid Black;\" height=\"346\" align=\"no\" width=\"500\" /> \r\n</p>\r\n<p style=\"text-indent:2em;\">\r\n	<br />\r\n新年前夜的拉斯维加斯可谓热闹非凡，整条拉斯维加斯大道俨然变作一个规模巨大的街头派对，这可丝毫没有辜负它作为\"世界派对之都\"的美誉。热闹的欢庆活动\r\n除了烟火演出还包括乐队的现场演出和激光表演。在百乐宫的喷泉下来一个午夜之吻，这似乎已经成为了传统。香槟和鸡尾酒再外加赌博，才算构成了新年中完整的\r\n罪恶之城。<br />\r\n<br />\r\n10、英里派对&nbsp; 德国，柏林\r\n</p>\r\n<p style=\"text-align:center;\">\r\n	<img src=\"http://www.sxunt.com/uploads/image/20141229/ceTmENPhEuHGQ.jpg\" title=\"全球的欢庆时刻 十个跨年旅行圣地推荐\" alt=\"全球的欢庆时刻 十个跨年旅行圣地推荐\" style=\"border:1px solid Black;\" height=\"328\" align=\"no\" width=\"500\" /> \r\n</p>\r\n<p style=\"text-align:center;\">\r\n	<img src=\"http://www.sxunt.com/uploads/image/20141229/ceqfrQpApllDI.jpg\" title=\"全球的欢庆时刻 十个跨年旅行圣地推荐\" alt=\"全球的欢庆时刻 十个跨年旅行圣地推荐\" style=\"border:1px solid Black;\" height=\"338\" align=\"no\" width=\"500\" /> \r\n</p>\r\n<p style=\"text-indent:2em;\">\r\n	<br />\r\n柏林的\"英里派对\"可谓是世界上规模最大的露天新年派对之一。两千米长的街道里有着各种独具特色的酒吧和全球不同风味的食品摊位，同样还有激光表演，另\r\n外，在街道的主舞台上还会上演现场音乐会，当然也少不了流行乐演唱。狂欢之夜将在大型的烟火表演中落下帷幕。没有尽兴的游客也可以在街头永不停止的舞池中\r\n嗨到黎明。\r\n</p>\r\n<p style=\"text-indent:2em;\">\r\n	<br />\r\n</p>\r\n<p style=\"text-indent:2em;\">\r\n	<br />\r\n</p>\r\n<p style=\"text-indent:2em;\">\r\n	<br />\r\n</p>=><p style=\"text-indent:2em;\">\r\n	1、新年前夜夜餐&nbsp; 巴西，里约热内卢</p><p style=\"text-align:center;text-indent:2em;\"><br clear=\"all\"/><img src=\"http://www.sxunt.com/uploads/image/20141229/ceADaWVoW3EQ.jpg\" title=\"全球的欢庆时刻 十个跨年旅行圣地推荐\" alt=\"全球的欢庆时刻 十个跨年旅行圣地推荐\" style=\"border:1px solid Black;\" height=\"333\" align=\"no\" width=\"500\"/> </p><p style=\"text-indent:2em;\">\r\n	在新年的前夜，位于巴西科帕卡巴纳海滩的新年前夜夜餐是世界上最热闹的新年庆祝活动之一。巨大的舞台沿着海滨搭建，游客可以尽情享受传统舞蹈和音乐表演。\r\n届时会有超过200万的游客身着象征好运的白色礼服欢聚在一起，畅饮香槟、跳起桑巴舞，一同等待午夜钟声的敲响。当12点的钟声响起，新的一年会伴随着海\r\n上五彩缤纷的焰火表演一同到来。<br/><br/><br/>2、时代广场&nbsp; 美国，纽约市</p><p style=\"text-align:center;\"><img src=\"http://www.sxunt.com/uploads/image/20141229/cey0pV8l6sgSI.jpg\" title=\"全球的欢庆时刻 十个跨年旅行圣地推荐\" alt=\"全球的欢庆时刻 十个跨年旅行圣地推荐\" style=\"border:1px solid Black;\" height=\"375\" align=\"no\" width=\"500\"/> </p><p style=\"text-align:center;\"><img src=\"http://www.sxunt.com/uploads/image/20141229/ceITUhsyilCWU.jpg\" title=\"全球的欢庆时刻 十个跨年旅行圣地推荐\" alt=\"全球的欢庆时刻 十个跨年旅行圣地推荐\" style=\"border:1px solid Black;\" height=\"298\" align=\"no\" width=\"500\"/> </p><p style=\"text-align:center;\"><img src=\"http://www.sxunt.com/uploads/image/20141229/ceDFhJRMpuqU.jpg\" title=\"全球的欢庆时刻 十个跨年旅行圣地推荐\" alt=\"全球的欢庆时刻 十个跨年旅行圣地推荐\" style=\"border:1px solid Black;\" height=\"333\" align=\"no\" width=\"500\"/> </p><p style=\"text-indent:2em;\"><br/>纽约这座标志性的城市是新年前夜的代名词，数百万的游人从世界各地聚集而来观看落球仪式。在等待最终倒计时的过程中，还有壮观的烟火表演以及音乐演出。闪耀的五彩纸屑飞扬在午夜的空中，烟火将夜空照亮。<br/><br/><br/>3、跨年活动&nbsp; 苏格兰，爱丁堡</p><p style=\"text-align:center;\"><img src=\"http://www.sxunt.com/uploads/image/20141229/cetT81MksgQFQ.jpg\" title=\"全球的欢庆时刻 十个跨年旅行圣地推荐\" alt=\"全球的欢庆时刻 十个跨年旅行圣地推荐\" style=\"border:1px solid Black;\" height=\"287\" align=\"no\" width=\"500\"/> </p><p style=\"text-indent:2em;\"><br/>爱丁堡的跨年活动算得上是世界上最大型的新年街头聚会之一，爱丁堡城堡上的烟火表演将为期四天的街头庆祝活动推向了高潮。火炬之光游行、烛光音乐会以及苏格兰民族舞蹈都只是这个庆祝活动的其中的一小部分亮点。<br/><br/><br/>4、澳大利亚，悉尼</p><p style=\"text-align:center;\"><img src=\"http://www.sxunt.com/uploads/image/20141229/ceasceP8BcBx2.jpg\" title=\"全球的欢庆时刻 十个跨年旅行圣地推荐\" alt=\"全球的欢庆时刻 十个跨年旅行圣地推荐\" style=\"border:1px solid Black;\" height=\"334\" align=\"no\" width=\"500\"/> </p><p style=\"text-align:center;\"><img src=\"http://www.sxunt.com/uploads/image/20141229/ceFNg3Ct88Sf.jpg\" title=\"全球的欢庆时刻 十个跨年旅行圣地推荐\" alt=\"全球的欢庆时刻 十个跨年旅行圣地推荐\" style=\"border:1px solid Black;\" height=\"353\" align=\"no\" width=\"500\"/> </p><p style=\"text-align:center;\"><img src=\"http://www.sxunt.com/uploads/image/20141229/ce0JGkjtdcU8E.jpg\" title=\"全球的欢庆时刻 十个跨年旅行圣地推荐\" alt=\"全球的欢庆时刻 十个跨年旅行圣地推荐\" style=\"border:1px solid Black;\" height=\"321\" align=\"no\" width=\"500\"/> </p><p style=\"text-indent:2em;\"><br/>在悉尼的跨年庆祝活动上，游人可以看到世界上最大型的烟火表演。悉尼也被称作世界的&quot;新年夜之都&quot;，届时会有传统的庆典活动、空中特技表演以及叹为观止的烟火汇演。随着午夜12点钟声的敲响，重达7吨的烟火同时燃放，瞬间照亮悉尼海港大桥和周围的建筑。</p><p style=\"text-indent:2em;\"><br/></p><p style=\"text-indent:2em;\">\r\n	5、香榭丽舍大街&nbsp; 法国，巴黎</p><p style=\"text-align:center;text-indent:2em;\"><br clear=\"all\"/><img src=\"http://www.sxunt.com/uploads/image/20141229/ceVguVn5ZNAFE.jpg\" title=\"全球的欢庆时刻 十个跨年旅行圣地推荐\" alt=\"全球的欢庆时刻 十个跨年旅行圣地推荐\" style=\"border:1px solid Black;\" height=\"333\" align=\"no\" width=\"500\"/> </p><p style=\"text-indent:2em;\"><br/></p><hr style=\"page-break-after:always;\" class=\"ke-pagebreak\"/><p><br/></p><p style=\"text-indent:2em;\"><br/></p><p style=\"text-align:center;\"><img src=\"http://www.sxunt.com/uploads/image/20141229/cendXYHG3Ygu2.jpg\" title=\"全球的欢庆时刻 十个跨年旅行圣地推荐\" alt=\"全球的欢庆时刻 十个跨年旅行圣地推荐\" style=\"border:1px solid Black;\" height=\"322\" align=\"no\" width=\"500\"/> </p><p style=\"text-align:center;\"><img src=\"http://www.sxunt.com/uploads/image/20141229/cePwWE2rlmLNw.jpg\" title=\"全球的欢庆时刻 十个跨年旅行圣地推荐\" alt=\"全球的欢庆时刻 十个跨年旅行圣地推荐\" style=\"border:1px solid Black;\" height=\"318\" align=\"no\" width=\"500\"/> </p><p style=\"text-align:center;\"><img src=\"http://www.sxunt.com/uploads/image/20141229/ceKQS0fHeus.jpg\" title=\"全球的欢庆时刻 十个跨年旅行圣地推荐\" alt=\"全球的欢庆时刻 十个跨年旅行圣地推荐\" style=\"border:1px solid Black;\" height=\"327\" align=\"no\" width=\"500\"/> </p><p style=\"text-indent:2em;\">\r\n	巴黎人用时髦的方式庆祝着新年。在&quot;光明之城&quot;巴黎，耀眼的灯展和烟火表演独具特色，此外在香榭丽舍大街还有大型的街头聚会，人们畅饮着香槟。午夜时刻的埃菲尔铁塔会上演壮观的灯光表演，人们互相亲吻脸颊以送上新年的祝福。<br/><br/><br/>6、泰晤士河&nbsp; 英国，伦敦</p><p style=\"text-align:center;\"><img src=\"http://www.sxunt.com/uploads/image/20141229/ceqyc4rjN66yg.jpg\" title=\"全球的欢庆时刻 十个跨年旅行圣地推荐\" alt=\"全球的欢庆时刻 十个跨年旅行圣地推荐\" style=\"border:1px solid Black;\" height=\"332\" align=\"no\" width=\"500\"/> </p><p style=\"text-align:center;\"><img src=\"http://www.sxunt.com/uploads/image/20141229/ceOWNIne5S1nw.jpg\" title=\"全球的欢庆时刻 十个跨年旅行圣地推荐\" alt=\"全球的欢庆时刻 十个跨年旅行圣地推荐\" style=\"border:1px solid Black;\" height=\"375\" align=\"no\" width=\"500\"/> </p><p style=\"text-indent:2em;\"><br/>泰晤士河的新年烟火表演同样吸引着全球各地的游客。烟火从被称作&quot;伦敦眼&quot;的巨型摩天轮点燃，游客可以在河边欣赏绚丽的烟火，也可以在特拉法加和议会广场的大屏幕中观看烟火燃放的盛况。<br/><br/>7、盛大舞会&nbsp; 奥地利，维也纳</p><p style=\"text-align:center;\"><img src=\"http://www.sxunt.com/uploads/image/20141229/ceopIdLPKycCk.jpg\" title=\"全球的欢庆时刻 十个跨年旅行圣地推荐\" alt=\"全球的欢庆时刻 十个跨年旅行圣地推荐\" style=\"border:1px solid Black;\" height=\"375\" align=\"no\" width=\"500\"/> </p><p style=\"text-align:center;\"><img src=\"http://www.sxunt.com/uploads/image/20141229/cefhBGulbReUM.jpg\" title=\"全球的欢庆时刻 十个跨年旅行圣地推荐\" alt=\"全球的欢庆时刻 十个跨年旅行圣地推荐\" style=\"border:1px solid Black;\" height=\"326\" align=\"no\" width=\"500\"/> </p><p style=\"text-align:center;\"><img src=\"http://www.sxunt.com/uploads/image/20141229/ce0MDFrY0NBzI.jpg\" title=\"全球的欢庆时刻 十个跨年旅行圣地推荐\" alt=\"全球的欢庆时刻 十个跨年旅行圣地推荐\" style=\"border:1px solid Black;\" height=\"375\" align=\"no\" width=\"500\"/> </p><p style=\"text-indent:2em;\"><br/>与在街头庆祝新年的城市不同，维也纳将地点选在了舞厅。盛大舞会在霍夫堡宫举行，古典音乐、芭蕾表演和有四道菜的晚宴都是这场舞会的特色。而午夜的欢庆活动主要是烟火表演和蓝色多瑙河圆舞曲的上演。</p><p style=\"text-indent:2em;\">\r\n	8、亚拉公园&nbsp; 澳大利亚，墨尔本</p><p style=\"text-align:center;text-indent:2em;\"><br clear=\"all\"/><img src=\"http://www.sxunt.com/uploads/image/20141229/ce1YG0TylZbuM.jpg\" title=\"全球的欢庆时刻 十个跨年旅行圣地推荐\" alt=\"全球的欢庆时刻 十个跨年旅行圣地推荐\" style=\"border:1px solid Black;\" height=\"333\" align=\"no\" width=\"500\"/> </p><p style=\"text-align:center;\"><img src=\"http://www.sxunt.com/uploads/image/20141229/cejIBaDfhHkAY.jpg\" title=\"全球的欢庆时刻 十个跨年旅行圣地推荐\" alt=\"全球的欢庆时刻 十个跨年旅行圣地推荐\" style=\"border:1px solid Black;\" height=\"282\" align=\"no\" width=\"500\"/> </p><p style=\"text-indent:2em;\"><br/>新年的前夜，和家人一起在墨尔本的亚拉公园听到新年的钟声也是一件很幸福的事情。公园会举办一系列的活动，包括互换新年礼物、盛装表演、化妆晚会以及社团艺术表演。孩子们和父母可以一同在维多利亚港观看色彩斑斓的午夜烟火表演。</p><p style=\"text-indent:2em;\"><br/></p><hr style=\"page-break-after:always;\" class=\"ke-pagebreak\"/><p><br/><br/><br/>9、拉斯维加斯大道&nbsp; 美国，拉斯维加斯</p><p><br/></p><p style=\"text-indent:2em;\"><br/></p><p style=\"text-align:center;\"><img src=\"http://www.sxunt.com/uploads/image/20141229/ceZR7YWh39Q.jpg\" title=\"全球的欢庆时刻 十个跨年旅行圣地推荐\" alt=\"全球的欢庆时刻 十个跨年旅行圣地推荐\" style=\"border:1px solid Black;\" height=\"346\" align=\"no\" width=\"500\"/> </p><p style=\"text-indent:2em;\"><br/>新年前夜的拉斯维加斯可谓热闹非凡，整条拉斯维加斯大道俨然变作一个规模巨大的街头派对，这可丝毫没有辜负它作为&quot;世界派对之都&quot;的美誉。热闹的欢庆活动\r\n除了烟火演出还包括乐队的现场演出和激光表演。在百乐宫的喷泉下来一个午夜之吻，这似乎已经成为了传统。香槟和鸡尾酒再外加赌博，才算构成了新年中完整的\r\n罪恶之城。<br/><br/>10、英里派对&nbsp; 德国，柏林</p><p style=\"text-align:center;\"><img src=\"http://www.sxunt.com/uploads/image/20141229/ceTmENPhEuHGQ.jpg\" title=\"全球的欢庆时刻 十个跨年旅行圣地推荐\" alt=\"全球的欢庆时刻 十个跨年旅行圣地推荐\" style=\"border:1px solid Black;\" height=\"328\" align=\"no\" width=\"500\"/> </p><p style=\"text-align:center;\"><img src=\"http://www.sxunt.com/uploads/image/20141229/ceqfrQpApllDI.jpg\" title=\"全球的欢庆时刻 十个跨年旅行圣地推荐\" alt=\"全球的欢庆时刻 十个跨年旅行圣地推荐\" style=\"border:1px solid Black;\" height=\"338\" align=\"no\" width=\"500\"/> </p><p style=\"text-indent:2em;\"><br/>柏林的&quot;英里派对&quot;可谓是世界上规模最大的露天新年派对之一。两千米长的街道里有着各种独具特色的酒吧和全球不同风味的食品摊位，同样还有激光表演，另\r\n外，在街道的主舞台上还会上演现场音乐会，当然也少不了流行乐演唱。狂欢之夜将在大型的烟火表演中落下帷幕。没有尽兴的游客也可以在街头永不停止的舞池中\r\n嗨到黎明。</p><p style=\"text-indent:2em;\"><br/></p><p style=\"text-indent:2em;\"><br/></p><p style=\"text-indent:2em;\"><br/></p>', '1472485126', '3', '2130706433');
INSERT INTO `s_admin_log` VALUES ('104', '/admin/article/update?id=23', 'SXUNT修改了表sxunt_article id:23的category : =>器材,updated_at : 0=>1472485627,status : 0=>1', '1472485627', '3', '2130706433');
INSERT INTO `s_admin_log` VALUES ('105', '/admin/article/update?id=23', 'SXUNT修改了表sxunt_article_data id:23的content : <br clear=\"all\" />\r\n<p style=\"text-align:center;\">\r\n	<img src=\"http://img.sxunt.com/uploads/image/20150106/1420556752.jpg\" alt=\"\" /><br />\r\n<strong>富士XF 16-55mm F2.8 R LM WR镜头</strong> \r\n</p>\r\n<p style=\"text-align:left;\">\r\n	富士XF 16-55mm F2.8 R LM WR镜头采用轻量化内对焦设计，最快合焦速度仅0.06秒，在与富士X-T1的静音拍照模式搭配使用时，可实现安静又迅速的对焦体验。美中不足的是，镜头不支持防抖。\r\n</p>\r\n<p style=\"text-align:center;\">\r\n	<img src=\"http://img.sxunt.com/uploads/image/20150106/1420560178.jpg\" alt=\"\" /><br />\r\n<strong>富士XF 16-55mm F2.8 R LM WR镜头搭载富士X-T1</strong> \r\n</p>\r\n<p style=\"text-align:left;\">\r\n	<span style=\"text-align:left;\"> 富士XF 16-55mm F2.8 R LM WR镜头具有9片光圈叶片，12组17片光学结构，3片非球面镜，3片ED镜片，最近对焦距离0.3m，滤镜口径77mm。</span> \r\n</p>\r\n<p style=\"text-align:left;\">\r\n	镜头于今年2月初左右出货，售价1200美元，约合人民币7458元。\r\n</p>\r\n<p style=\"text-align:left;\">\r\n	<strong>·编辑观点：</strong> \r\n</p>\r\n<p style=\"text-align:left;\">\r\n	富士新发布的XF 16-55mm F2.8 R LM \r\nWR镜头官方解释是搭配X-T1来使用的，f/2.8的恒定大光圈绝对比套机镜头给力，但不足也是显而易见的，镜头不带防抖功能，并且体积略大，长\r\n106mm，重655g，对于微单的便携性来说是有一些牺牲的。\r\n</p>=><p><br clear=\"all\"/></p><p style=\"text-align:center;\"><img src=\"http://img.sxunt.com/uploads/image/20150106/1420556752.jpg\" alt=\"\"/><br/><strong>富士XF 16-55mm F2.8 R LM WR镜头</strong> </p><p style=\"text-align:left;\">\r\n	富士XF 16-55mm F2.8 R LM WR镜头采用轻量化内对焦设计，最快合焦速度仅0.06秒，在与富士X-T1的静音拍照模式搭配使用时，可实现安静又迅速的对焦体验。美中不足的是，镜头不支持防抖。</p><p style=\"text-align:center;\"><img src=\"http://img.sxunt.com/uploads/image/20150106/1420560178.jpg\" alt=\"\"/><br/><strong>富士XF 16-55mm F2.8 R LM WR镜头搭载富士X-T1</strong> </p><p style=\"text-align:left;\"><span style=\"text-align:left;\"> 富士XF 16-55mm F2.8 R LM WR镜头具有9片光圈叶片，12组17片光学结构，3片非球面镜，3片ED镜片，最近对焦距离0.3m，滤镜口径77mm。</span> </p><p style=\"text-align:left;\">\r\n	镜头于今年2月初左右出货，售价1200美元，约合人民币7458元。</p><p style=\"text-align:left;\"><strong>·编辑观点：</strong> </p><p style=\"text-align:left;\">\r\n	富士新发布的XF 16-55mm F2.8 R LM \r\nWR镜头官方解释是搭配X-T1来使用的，f/2.8的恒定大光圈绝对比套机镜头给力，但不足也是显而易见的，镜头不带防抖功能，并且体积略大，长\r\n106mm，重655g，对于微单的便携性来说是有一些牺牲的。</p>', '1472485627', '3', '2130706433');
INSERT INTO `s_admin_log` VALUES ('106', '/admin/article/update?id=22', 'SXUNT修改了表sxunt_article id:22的category : =>器材,updated_at : 0=>1472485686,status : 0=>1', '1472485686', '3', '2130706433');
INSERT INTO `s_admin_log` VALUES ('107', '/admin/article/update?id=22', 'SXUNT修改了表sxunt_article_data id:22的content : <p style=\"text-align:center;\">\r\n	<img alt=\"选好入门很重要 4000元热门单电单反推荐\" src=\"http://img.sxunt.com/uploads/image/20150105/1420443210.jpg\" style=\"border:1px solid #cccccc;\" title=\"选好入门很重要 4000元热门单电单反推荐\" /><br />\r\n选好入门很重要 4000元热门单电单反推荐\r\n</p>\r\n<p>\r\n	<strong>推荐机型：佳能700D<br />\r\n推荐特色：配全新STM对焦马达套机镜头、3英寸104万像素触摸式旋转屏<br />\r\n参考价格：3799元（搭配</strong><strong>EF-S 18-55mm f/3.5-5.6 镜头</strong><strong>）</strong> \r\n</p>\r\n<p>\r\n	佳能700D是一款650D的后继版本入门单反相机，与新定位的100D同期登场，搭载了全新的1800万像素CMOS传感器，最具亮点的是，这次所搭配的套机镜头是全新推出的带STM对焦马达的新款18-55mm镜头，使得佳能入门级别的单反相机有了一个新的高度。\r\n</p>\r\n<p style=\"text-align:center;\">\r\n	<img alt=\"佳能700D\" src=\"http://img.sxunt.com/uploads/image/20150105/1420443969.jpg\" style=\"border:1px solid #cccccc;\" title=\"佳能700D\" /><br />\r\n佳能 EOS 700D套机(配18-55mm STM镜头)\r\n</p>\r\n<p>\r\n	佳能700D的造型基本上和650D一样，线条修正了一下，变得更刚硬一些。机身外部改用了高质感的颗粒涂层，拥有更好的触摸感受，防滑性也更好。模式\r\n转盘不再使用印刷图标，而采用了金属加工的高质感凸型图标，可无限制旋转，更便于使用。佳能700D使用3英寸104万像素触摸式旋转屏，显示效果细腻，\r\n触摸屏更不必多说，仍处于目前数码相机上操控最灵敏的水平，并且可实现高达270度的翻转角度。\r\n</p>\r\n<p style=\"text-align:center;\">\r\n	<img alt=\"佳能700D\" src=\"http://img.sxunt.com/uploads/image/20150105/1420444108.jpg\" style=\"border:1px solid #cccccc;\" title=\"佳能700D\" /> \r\n</p>\r\n<p>\r\n	佳能700D使用了全新开发的CMOS，虽然仍是1800万的像素规格的APS-C画幅传感器，在目前为数众多的2400万级别的APS-C画幅单反相\r\n机里卖点稍欠缺。700D的传感器具备Hybrid CMOS \r\nAF功能，利用CMOS图像感应器中央附近的部分像素进行相差检测自动对焦，在650D的基础上又有进步了，当然除了传感器本身，新套机镜头功劳也不少。\r\n</p>\r\n<p style=\"text-align:center;\">\r\n	<img alt=\"佳能700D\" src=\"http://img.sxunt.com/uploads/image/20150105/1420439646.jpg\" style=\"border:1px solid #CCCCCC;\" title=\"佳能700D\" /> \r\n</p>\r\n<p>\r\n	新套头成为了佳能700D套机的亮点，相比较升级不温不火的机身，新的套机镜头亮点十足，外观上看变化不算大，设计风格和前代一样，只是对焦环设计在了\r\n镜身上，而非前镜筒。紧凑感变强了。做工上的变化不大，仅仅是套头水平，亮点在于使用的是STM对焦马达，再也听不到咔咔咔咔咔的机械马达对焦声了，甚至\r\n连镜组移动的声音都听不到，这是专供视频拍摄对焦使用的，麦克风不再会录到镜头对焦的声音。对焦速度也有所提升，与老款套头有明显的性能差距。\r\n</p>\r\n<p>\r\n	<strong>佳能700D实拍样张</strong> \r\n</p>\r\n<p style=\"text-align:center;\">\r\n	<img alt=\"佳能700D\" src=\"http://img.sxunt.com/uploads/image/20150105/1420444317.jpg\" style=\"border:1px solid #CCCCCC;\" title=\"佳能700D\" /> \r\n</p>\r\n<p style=\"text-align:center;\">\r\n	<img alt=\"佳能700D\" src=\"http://img.sxunt.com/uploads/image/20150105/1420442777.jpg\" style=\"border:1px solid #CCCCCC;\" title=\"佳能700D\" /> \r\n</p>\r\n<p>\r\n	<strong> 编辑点评：</strong>佳\r\n能对700D的评价也很诚恳，明说这不是一款用于给老用户升级的产品，而是给新购单反的用户一个新的选择，直白点说就是选机买新不买旧。700D也确实不\r\n是换了个logo就上的产品，细节之处都作了升级，核心元件也升级了。更关键一点是，价钱也不贵，就是给新用户一个理由去买新品而不要纠结于老型号。\r\n</p>\r\n<p>\r\n	<br />\r\n<span class=\"sTit\"></span> \r\n</p>\r\n<p>\r\n	<span class=\"sTit\"></span><span class=\"sTop\"></span> \r\n</p>\r\n<p>\r\n	<strong>推荐机型：尼康D5300<br />\r\n机型特色：2416万像素去低通CMOS、旋转屏、WiFi、GPS<br />\r\n参考售价：5499元（搭配</strong><strong>AF-S DX VR 18-105mm f/3.5-5.6G镜头 </strong><strong>）</strong> \r\n</p>\r\n<p>\r\n	尼康D5300是尼康在2013年底推出的一款的入门级数码单反相机，是旗下产品D5200的最新升级版。这次尼康D5300的升级它的配置已经可以与中高端机器比肩。尼康D5300也是首款同时内置Wi-Fi及GPS模块的数码单反相机。\r\n</p>\r\n<p style=\"text-align:center;\">\r\n	<img alt=\"尼康D5300\" src=\"http://img.sxunt.com/uploads/image/20150105/1420446295.jpg\" style=\"border:1px solid #cccccc;\" title=\"尼康D5300\" /><br />\r\n尼康 D5300\r\n</p>\r\n<p>\r\n	尼康D5300配备了3.2英寸屏幕，分辨率为720×480，侧方向270°翻转屏。整机拥有125mm×98mm×76mm三围尺寸，带电池带卡重\r\n530g。同样提供了黑色、红色、灰色可供选择。此外，尼康 \r\nD5300是尼康首款内置GPS定位功能的数码单反相机，可以在照片上记录拍摄地点的具体信息(经度、纬度、海拔高度)。非常实用。\r\n</p>\r\n<p style=\"text-align:center;\">\r\n	<img alt=\"尼康D5300\" src=\"http://img.sxunt.com/uploads/image/20150105/1420439703.jpg\" style=\"border:1px solid #CCCCCC;\" title=\"尼康D5300\" /> \r\n</p>\r\n<p>\r\n	尼康D5300搭载2416万有效像素，无光学低通滤镜的APS-C画幅CMOS传感器，并使用了EXPEED \r\n4图像处理器。采用39点自动对焦系统，其中包括9个十字对焦点，支持5.0fps连拍速度。内置Wi-Fi及GPS模块。此外，还支持\r\n1080P/60P的全高清视频拍摄、具有更大的光学取景器、14bitRAW拍摄功能和更大的电池容量。\r\n</p>\r\n<p style=\"text-align:center;\">\r\n	<span style=\"text-align:center;\"><img alt=\"尼康D5300\" src=\"http://img.sxunt.com/uploads/image/20150105/1420447815.jpg\" style=\"border:1px solid #CCCCCC;\" title=\"尼康D5300\" /></span><br />\r\n尼康D5300是首款去低通滤镜的入门单反相机\r\n</p>\r\n<p>\r\n	尼康D5300内在升级是掷地有声的：去低通滤镜传感器、全新处理器、无线模块以及更高利用率的屏幕等都是亮点。如果说尼康D5200相对于尼康D5100是全方位提升的升级作，那么尼康D5300则更多的是针对实拍体验以及画质方面更实在的升级。\r\n</p>\r\n<p style=\"text-align:center;\">\r\n	<img alt=\"新款翻转屏的利用率更加适合图片的回放\" src=\"http://img.sxunt.com/uploads/image/20150105/1420444487.jpg\" style=\"border:1px solid #cccccc;\" title=\"新款翻转屏的利用率更加适合图片的回放\" /><br />\r\n新款翻转屏的利用率更加适合图片的回放\r\n</p>\r\n<p>\r\n	尼康D5300全新的3.2英寸、103.7万像素LCD显示屏，宽高比从4:3变为3:2，显示图像画面占屏幕比例更高，可以全屏显示。另外取景器从\r\n过去的78%放大倍率增加到了82%的放大倍率，整体面积增加了11%，观看更舒适，没有了原来入门单反相机光学取景器观看偏小的问题。\r\n</p>\r\n<p>\r\n	<strong>实拍样张</strong> \r\n</p>\r\n<p style=\"text-align:center;\">\r\n	<img alt=\"尼康D5300实拍样张\" src=\"http://img.sxunt.com/uploads/image/20150105/1420447143.jpg\" style=\"border:1px solid #cccccc;\" title=\"尼康D5300实拍样张\" /> \r\n</p>\r\n<p style=\"text-align:center;\">\r\n	<img alt=\"尼康D5300实拍样张\" src=\"http://img.sxunt.com/uploads/image/20150105/1420442802.jpg\" style=\"border:1px solid #cccccc;\" title=\"尼康D5300实拍样张\" /> \r\n</p>\r\n<p>\r\n	<strong> 编辑点评：</strong>尼康D5300打破了很多第一：例如首次在入门单反相机中使用无低通滤镜的图像传感器、尼康首款搭载WiFi和GPS模块的单反，另外搭载全新的EXPEED 4图像处理器也让机身处理能力直逼专业级的单反相机。总的来说，尼康D5300的配置已经接近入门单反的极致了。\r\n</p>\r\n<br />\r\n<p>\r\n	<span class=\"sTit\"></span><span class=\"sTop\"></span> \r\n</p>\r\n<p>\r\n	<strong>推荐机型：佳能EOS M2<br />\r\n机型特色：对焦达到主流水平、画质优秀、Wifi功能<br />\r\n参考售价：3999元（</strong><strong>18-55mm 、22mm f/2 双头套机</strong><strong>）</strong> \r\n</p>\r\n<p>\r\n	EOS M2是佳能涉足单电/微单相机领域的第二款产品，作为佳能EOS单反的分支，虽然EOS M饱受争议，但通过EOS M2的升级，佳能的单电系统表现进步非常明显。\r\n</p>\r\n<p style=\"text-align:center;\">\r\n	<img alt=\"佳能EOS M2\" src=\"http://img.sxunt.com/uploads/image/20150105/1420439297.jpg\" style=\"border:1px solid #cccccc;\" title=\"佳能EOS M2\" /><br />\r\n佳能 EOS M2套机(配18-55mm镜头)<span style=\"color:#222222;\"> </span> \r\n</p>\r\n<p>\r\n	佳能EOS M2的机身外观风格与旧款差不多，感觉像一块方形的肥皂，边角的线条很圆润。相对于其他单电/微单来说，佳能EOS M2可能看上去没有显得很小，但实际拿在手上却又觉得不大。如果你对相机的小巧体积有要求，装配定焦镜头的EOS M2应该不会让你失望。\r\n</p>\r\n<p style=\"text-align:center;\">\r\n	<img alt=\"佳能EOS M2\" src=\"http://img.sxunt.com/uploads/image/20150105/1420444380.jpg\" style=\"border:1px solid #CCCCCC;\" title=\"佳能EOS M2\" /> \r\n</p>\r\n<p>\r\n	佳能EOS M2仍然使用1800万像素APS-C \r\nCMOS传感器，配备3英寸104万点的屏幕，但屏幕不能旋转或反折，对高低角度取景来说有点局限。另外EOS \r\nM2的触摸操作流畅，支持多点触控功能。EOS M2的连拍速度也从旧款的4.3张/秒提升到4.6张/秒，算是小提升。\r\n</p>\r\n<p style=\"text-align:center;\">\r\n	<img alt=\"佳能EOS M2\" src=\"http://img.sxunt.com/uploads/image/20150105/1420442055.jpg\" style=\"border:1px solid #CCCCCC;\" title=\"佳能EOS M2\" /> \r\n</p>\r\n<p>\r\n	相比起上一代的EOS M，新款新增了内置Wi-Fi功能，可以用手机遥控拍摄以及传输照片。另外传感器方面升级到Hybrid CMOS AF \r\nII，让自动对焦的反应和速度提升了很多，旧款经常被人诟病的问题得到了很好的改善。现时能用在EOS M2/EOS \r\nM上面的镜头，已经增加到四款，实现了从广角到标准及远摄连续焦段的无缝覆盖：包括22mm f/2 STM定焦、18-55mm f/3.5-5.6 \r\nIS STM变焦、11-12mm f/4-5.6 IS STM和EF-M系统首款长变焦镜头EF-M 55-200mm f/4.5-6.3 IS \r\nSTM。\r\n</p>\r\n<p>\r\n	<strong> 实拍样张</strong> \r\n</p>\r\n<p style=\"text-align:center;\">\r\n	<img alt=\"佳能EOS M2样张\" src=\"http://img.sxunt.com/uploads/image/20150105/1420440334.jpg\" title=\"佳能EOS M2样张\" /> \r\n</p>\r\n<p style=\"text-align:center;\">\r\n	<img alt=\"佳能EOS M2样张\" src=\"http://img.sxunt.com/uploads/image/20150105/1420440101.jpg\" title=\"佳能EOS M2样张\" /> \r\n</p>\r\n<p>\r\n	<strong> 编辑点评：</strong>和上代相比，佳能EOS M2表现已经明显进步，基本修正了旧款机型的缺点，虽然现在佳能单电阵营只有两款机型以及三款镜头，但借助佳能强大的光学技术，在EF-M原生卡口镜头上多下点功夫，推出更多焦段的镜头，相信今后会有更好表现。\r\n</p>\r\n<br />\r\n<p>\r\n	<span class=\"sTit\"></span><span class=\"sTop\"></span> \r\n</p>\r\n<p>\r\n	<strong>推荐产品：富士X-M1<br />\r\n机型特色：紧凑机身、高画质、操作更便利</strong><br />\r\n<strong>参考售价：3299元</strong><strong>（搭配16-50镜头）</strong> \r\n</p>\r\n<p>\r\n	富士X-M1是一款入门级微型单电相机，拥有超经典的复古造型，价格便宜，但内在配置完全超越入门级别。\r\n</p>\r\n<p style=\"text-align:center;\">\r\n	<img alt=\"富士X-M1\" src=\"http://img.sxunt.com/uploads/image/20150105/1420440897.jpg\" style=\"border:1px solid #cccccc;\" title=\"富士X-M1\" /><br />\r\n富士 X-M1<span style=\"color:#222222;\"> </span> \r\n</p>\r\n<p>\r\n	富士X-M1与X-PRO1以及X-E1采用了一样的APS-C规格的X-TRANS \r\nCMOS传感器，而在处理器方面比X-PRO1要高，采用了EXR-PRO \r\nII代处理器。配备了一块3英寸3:2宽高比的92万像素可折叠液晶翻转屏，翻转屏的加入使得用户摆脱传统的拍摄角度，可以拍摄出更加有趣的照片。另\r\n外，X-M1还加入了时下最常用的Wi-Fi无线分享功能，用户可以将照片轻松地与移动设备进行传输。\r\n</p>\r\n<p style=\"text-align:center;\">\r\n	<img alt=\"富士X-M1\" src=\"http://img.sxunt.com/uploads/image/20150105/1420442188.jpg\" style=\"border:1px solid #CCCCCC;\" title=\"富士X-M1\" /> \r\n</p>\r\n<p>\r\n	富士X-M1与X20非常相似，非常小巧。在机身厚度上X-M1与X-PRO1以及X-E1类似，并没有做得很薄，这样的厚度对于提升手感也非常\r\n棒，X-M1沿用传统的蒙复荔枝皮设计，但是X-M1并没有像前作那样另外有一个突起的握把，只是与机身一体的手柄。X-M1最大的变化之一就在于背部的\r\n按键布局和屏幕都有很大的变化，自定义的功能键变少了，倾向于卡片机的设计。\r\n</p>\r\n<p style=\"text-align:center;\">\r\n	<img alt=\"富士X-M1\" src=\"http://img.sxunt.com/uploads/image/20150105/1420447840.jpg\" style=\"border:1px solid #CCCCCC;\" title=\"富士X-M1\" /> \r\n</p>\r\n<p>\r\n	富士的前两款单电相机，X-Pro1与X-E1的机背右侧是非常接近的，键盘的分布上几乎完全相同，但在X-M1上就来了一个乾坤大挪移。最直接的变化\r\n就是四项按钮上全部都有对应的功能，对焦点、白平衡、连拍与微距模式，这些功能除了小花以外，在X-Pro1与X-E1上相机中这些功能都做在机背左侧，\r\n需要用左手去控制，富士貌似意识到单手操作的重要性，当然也受体积所限。在右上侧也出现了独立录影键，相比在X-Pro1与X-E1上面需要在选单内调整\r\n至录影模式并且按下快门才能开始录影，X-M1的设计方便不少，也侧面印证了X-M1是面向全天候方位使用的机器，而不像X-Pro1与X-E1那样只专\r\n注于静态照片拍摄。\r\n</p>\r\n<p>\r\n	<strong> 实拍样张</strong> \r\n</p>\r\n<p style=\"text-align:center;\">\r\n	<img alt=\"富士X-M1\" src=\"http://img.sxunt.com/uploads/image/20150105/1420441761.jpg\" style=\"border:1px solid #cccccc;\" title=\"富士X-M1\" /> \r\n</p>\r\n<p style=\"text-align:center;\">\r\n	<img alt=\"富士X-M1\" src=\"http://img.sxunt.com/uploads/image/20150105/1420447766.jpg\" style=\"border:1px solid #CCCCCC;\" title=\"富士X-M1\" /> \r\n</p>\r\n<p>\r\n	<strong> 编辑点评：</strong>富\r\n士X-M1是一款纯面向入门用户的单电相机。相比前两款产品，X-M1还多了更多好用的功能，例如人脸自动对焦、Wi-Fi无线传输、地理标记等等，加上\r\n更方便且容易的操作。而且最重要的是，们有相同的感光元件、相同的控噪表现、相似的对焦速度。而能够调整的部份也相去不远。所以当画质摆在首要而且纠结于\r\n价格的话，X-M1会是你最终的选择。\r\n</p>\r\n<br />\r\n<p>\r\n	<span class=\"sTit\"></span><span class=\"sTop\"></span> \r\n</p>\r\n<p>\r\n	<strong>推荐机型：索尼A6000<br />\r\n机型特色：11张/秒连拍速度、对焦最快的微单?相机<br />\r\n参考售价：3659元（单机身售价）</strong> \r\n</p>\r\n<p>\r\n	索尼A6000是2014年春季发布的一款微单?相机，是索尼NEX-6与NEX-7两个系列的后继产品。在产品特点上，既融合了NEX-6高性价比的特点，又有NEX-7高性能的机身水平。作为中高端的入门单电，拥有合理的售价，竞争力相当强大。\r\n</p>\r\n<p style=\"text-align:center;\">\r\n	<img alt=\"索尼A6000\" src=\"http://img.sxunt.com/uploads/image/20150105/1420448449.jpg\" style=\"border:1px solid #cccccc;\" title=\"索尼A6000\" /><br />\r\n索尼 A6000\r\n</p>\r\n<p>\r\n	索尼A6000的外观融合了NEX-6与NEX-7的特点，整体造型偏向于NEX-6，但是细节部分沿用了NEX-7，机顶双转盘设计不突出于机顶表\r\n面，而其中一个转盘为模式转盘，机身采用塑料材质，因此重量也非常轻，并且除了黑色外，还提供了银色版本，与黑色蒙皮的手柄搭配，有一种复古相机的味道。\r\n手柄处特别设计，更为贴合手型。因此握持变得更为舒适，十分贴手。\r\n</p>\r\n<p style=\"text-align:center;\">\r\n	<img alt=\"索尼A6000\" src=\"http://img.sxunt.com/uploads/image/20150105/1420441282.jpg\" style=\"border:1px solid #cccccc;\" title=\"索尼A6000\" /><br />\r\n索尼A6000\r\n</p>\r\n<p>\r\n	索尼A6000的配置在同价位产品中堪称豪华，带有电子取景器、翻转屏、11张/秒连拍速度，堪称索尼微单?相机中对焦速度最快的增强型混合自动对焦系\r\n统，自定义键提升到7个，当然还有索尼几乎普及的WiFi无线传输以及NFC连接方式。另外，传感器也使用了全新的约2430万像素Exmor APS \r\nHD CMOS影像传感器，使用的是应用于A7R的无隙芯片镜片和镜片位置匹配技术，提高成像的锐度以及色彩表现。\r\n</p>\r\n<p>\r\n	<br />\r\n</p>\r\n<p>\r\n	<span style=\"font-size:16px;\"> 索尼在A6000上搭载的是全新的超高速混合对焦系统，支持179点相位差对焦点和25点的反差式对焦点，相位差对焦点的覆盖范围几乎全屏。索尼称是目\r\n前对焦最快的索尼尾单?相机，最快可达0.06s，事实上一对比就可以发现，这并没有吹嘘的成分，的确是快了很多。去年我们进行单电相机的年度评测的时\r\n候，参加横评的索尼NEX-5T微单?相机的对焦水平在参评产品中，对焦性能属于中下水平，但是A6000的对焦速度明显提升了好几个级别。处于可换镜头\r\n相机中的前列，性能已经比较接近对焦最快的M4/3阵营了。</span> \r\n</p>\r\n<p>\r\n	<strong>索尼A6000样张</strong> \r\n</p>\r\n<p style=\"text-align:center;\">\r\n	<img alt=\"索尼A6000\" src=\"http://img.sxunt.com/uploads/image/20150105/1420446100.jpg\" title=\"索尼A6000\" /><br />\r\n光圈:F8 &nbsp;快门:1.3 sec &nbsp;ISO:100\r\n</p>\r\n<p style=\"text-align:center;\">\r\n	<img alt=\"索尼A6000\" src=\"http://img.sxunt.com/uploads/image/20150105/1420445526.jpg\" title=\"索尼A6000\" /><br />\r\n光圈:F5.6 &nbsp;快门:0.01 sec &nbsp;ISO:100\r\n</p>\r\n<p>\r\n	<strong>编辑点评：</strong>索\r\n尼A6000是索尼微单?相机更换型号命名后的顶级APS-C画幅产品，打的是性价比的旗号，在机身材质、电子取景器分辨率等较为次要的方面作了妥协，而\r\n在核心配置上却一点不含糊，画质有明显提升，对焦速度也是目前索尼系微单?相机中最快的。加上电子取景器、翻转屏等方便的专业配置，以主流无反相机的价格\r\n定位来看，完全是超值的产品。<span class=\"clear\"></span> <span class=\"cmPriceTab\"> </span> \r\n</p>\r\n<p>\r\n	<br />\r\n</p>=><p style=\"text-align:center;\"><img alt=\"选好入门很重要 4000元热门单电单反推荐\" src=\"http://img.sxunt.com/uploads/image/20150105/1420443210.jpg\" style=\"border:1px solid #cccccc;\" title=\"选好入门很重要 4000元热门单电单反推荐\"/><br/>选好入门很重要 4000元热门单电单反推荐</p><p><strong>推荐机型：佳能700D<br/>推荐特色：配全新STM对焦马达套机镜头、3英寸104万像素触摸式旋转屏<br/>参考价格：3799元（搭配</strong><strong>EF-S 18-55mm f/3.5-5.6 镜头</strong><strong>）</strong> </p><p>\r\n	佳能700D是一款650D的后继版本入门单反相机，与新定位的100D同期登场，搭载了全新的1800万像素CMOS传感器，最具亮点的是，这次所搭配的套机镜头是全新推出的带STM对焦马达的新款18-55mm镜头，使得佳能入门级别的单反相机有了一个新的高度。</p><p style=\"text-align:center;\"><img alt=\"佳能700D\" src=\"http://img.sxunt.com/uploads/image/20150105/1420443969.jpg\" style=\"border:1px solid #cccccc;\" title=\"佳能700D\"/><br/>佳能 EOS 700D套机(配18-55mm STM镜头)</p><p>\r\n	佳能700D的造型基本上和650D一样，线条修正了一下，变得更刚硬一些。机身外部改用了高质感的颗粒涂层，拥有更好的触摸感受，防滑性也更好。模式\r\n转盘不再使用印刷图标，而采用了金属加工的高质感凸型图标，可无限制旋转，更便于使用。佳能700D使用3英寸104万像素触摸式旋转屏，显示效果细腻，\r\n触摸屏更不必多说，仍处于目前数码相机上操控最灵敏的水平，并且可实现高达270度的翻转角度。</p><p style=\"text-align:center;\"><img alt=\"佳能700D\" src=\"http://img.sxunt.com/uploads/image/20150105/1420444108.jpg\" style=\"border:1px solid #cccccc;\" title=\"佳能700D\"/> </p><p>\r\n	佳能700D使用了全新开发的CMOS，虽然仍是1800万的像素规格的APS-C画幅传感器，在目前为数众多的2400万级别的APS-C画幅单反相\r\n机里卖点稍欠缺。700D的传感器具备Hybrid CMOS \r\nAF功能，利用CMOS图像感应器中央附近的部分像素进行相差检测自动对焦，在650D的基础上又有进步了，当然除了传感器本身，新套机镜头功劳也不少。</p><p style=\"text-align:center;\"><img alt=\"佳能700D\" src=\"http://img.sxunt.com/uploads/image/20150105/1420439646.jpg\" style=\"border:1px solid #CCCCCC;\" title=\"佳能700D\"/> </p><p>\r\n	新套头成为了佳能700D套机的亮点，相比较升级不温不火的机身，新的套机镜头亮点十足，外观上看变化不算大，设计风格和前代一样，只是对焦环设计在了\r\n镜身上，而非前镜筒。紧凑感变强了。做工上的变化不大，仅仅是套头水平，亮点在于使用的是STM对焦马达，再也听不到咔咔咔咔咔的机械马达对焦声了，甚至\r\n连镜组移动的声音都听不到，这是专供视频拍摄对焦使用的，麦克风不再会录到镜头对焦的声音。对焦速度也有所提升，与老款套头有明显的性能差距。</p><p><strong>佳能700D实拍样张</strong> </p><p style=\"text-align:center;\"><img alt=\"佳能700D\" src=\"http://img.sxunt.com/uploads/image/20150105/1420444317.jpg\" style=\"border:1px solid #CCCCCC;\" title=\"佳能700D\"/> </p><p style=\"text-align:center;\"><img alt=\"佳能700D\" src=\"http://img.sxunt.com/uploads/image/20150105/1420442777.jpg\" style=\"border:1px solid #CCCCCC;\" title=\"佳能700D\"/> </p><p><strong> 编辑点评：</strong>佳\r\n能对700D的评价也很诚恳，明说这不是一款用于给老用户升级的产品，而是给新购单反的用户一个新的选择，直白点说就是选机买新不买旧。700D也确实不\r\n是换了个logo就上的产品，细节之处都作了升级，核心元件也升级了。更关键一点是，价钱也不贵，就是给新用户一个理由去买新品而不要纠结于老型号。</p><p><br/><span class=\"sTit\"></span> </p><p><span class=\"sTit\"></span><span class=\"sTop\"></span> </p><p><strong>推荐机型：尼康D5300<br/>机型特色：2416万像素去低通CMOS、旋转屏、WiFi、GPS<br/>参考售价：5499元（搭配</strong><strong>AF-S DX VR 18-105mm f/3.5-5.6G镜头 </strong><strong>）</strong> </p><p>\r\n	尼康D5300是尼康在2013年底推出的一款的入门级数码单反相机，是旗下产品D5200的最新升级版。这次尼康D5300的升级它的配置已经可以与中高端机器比肩。尼康D5300也是首款同时内置Wi-Fi及GPS模块的数码单反相机。</p><p style=\"text-align:center;\"><img alt=\"尼康D5300\" src=\"http://img.sxunt.com/uploads/image/20150105/1420446295.jpg\" style=\"border:1px solid #cccccc;\" title=\"尼康D5300\"/><br/>尼康 D5300</p><p>\r\n	尼康D5300配备了3.2英寸屏幕，分辨率为720×480，侧方向270°翻转屏。整机拥有125mm×98mm×76mm三围尺寸，带电池带卡重\r\n530g。同样提供了黑色、红色、灰色可供选择。此外，尼康 \r\nD5300是尼康首款内置GPS定位功能的数码单反相机，可以在照片上记录拍摄地点的具体信息(经度、纬度、海拔高度)。非常实用。</p><p style=\"text-align:center;\"><img alt=\"尼康D5300\" src=\"http://img.sxunt.com/uploads/image/20150105/1420439703.jpg\" style=\"border:1px solid #CCCCCC;\" title=\"尼康D5300\"/> </p><p>\r\n	尼康D5300搭载2416万有效像素，无光学低通滤镜的APS-C画幅CMOS传感器，并使用了EXPEED \r\n4图像处理器。采用39点自动对焦系统，其中包括9个十字对焦点，支持5.0fps连拍速度。内置Wi-Fi及GPS模块。此外，还支持\r\n1080P/60P的全高清视频拍摄、具有更大的光学取景器、14bitRAW拍摄功能和更大的电池容量。</p><p style=\"text-align:center;\"><span style=\"text-align:center;\"><img alt=\"尼康D5300\" src=\"http://img.sxunt.com/uploads/image/20150105/1420447815.jpg\" style=\"border:1px solid #CCCCCC;\" title=\"尼康D5300\"/></span><br/>尼康D5300是首款去低通滤镜的入门单反相机</p><p>\r\n	尼康D5300内在升级是掷地有声的：去低通滤镜传感器、全新处理器、无线模块以及更高利用率的屏幕等都是亮点。如果说尼康D5200相对于尼康D5100是全方位提升的升级作，那么尼康D5300则更多的是针对实拍体验以及画质方面更实在的升级。</p><p style=\"text-align:center;\"><img alt=\"新款翻转屏的利用率更加适合图片的回放\" src=\"http://img.sxunt.com/uploads/image/20150105/1420444487.jpg\" style=\"border:1px solid #cccccc;\" title=\"新款翻转屏的利用率更加适合图片的回放\"/><br/>新款翻转屏的利用率更加适合图片的回放</p><p>\r\n	尼康D5300全新的3.2英寸、103.7万像素LCD显示屏，宽高比从4:3变为3:2，显示图像画面占屏幕比例更高，可以全屏显示。另外取景器从\r\n过去的78%放大倍率增加到了82%的放大倍率，整体面积增加了11%，观看更舒适，没有了原来入门单反相机光学取景器观看偏小的问题。</p><p><strong>实拍样张</strong> </p><p style=\"text-align:center;\"><img alt=\"尼康D5300实拍样张\" src=\"http://img.sxunt.com/uploads/image/20150105/1420447143.jpg\" style=\"border:1px solid #cccccc;\" title=\"尼康D5300实拍样张\"/> </p><p style=\"text-align:center;\"><img alt=\"尼康D5300实拍样张\" src=\"http://img.sxunt.com/uploads/image/20150105/1420442802.jpg\" style=\"border:1px solid #cccccc;\" title=\"尼康D5300实拍样张\"/> </p><p><strong> 编辑点评：</strong>尼康D5300打破了很多第一：例如首次在入门单反相机中使用无低通滤镜的图像传感器、尼康首款搭载WiFi和GPS模块的单反，另外搭载全新的EXPEED 4图像处理器也让机身处理能力直逼专业级的单反相机。总的来说，尼康D5300的配置已经接近入门单反的极致了。</p><p><br/></p><p><span class=\"sTit\"></span><span class=\"sTop\"></span> </p><p><strong>推荐机型：佳能EOS M2<br/>机型特色：对焦达到主流水平、画质优秀、Wifi功能<br/>参考售价：3999元（</strong><strong>18-55mm 、22mm f/2 双头套机</strong><strong>）</strong> </p><p>\r\n	EOS M2是佳能涉足单电/微单相机领域的第二款产品，作为佳能EOS单反的分支，虽然EOS M饱受争议，但通过EOS M2的升级，佳能的单电系统表现进步非常明显。</p><p style=\"text-align:center;\"><img alt=\"佳能EOS M2\" src=\"http://img.sxunt.com/uploads/image/20150105/1420439297.jpg\" style=\"border:1px solid #cccccc;\" title=\"佳能EOS M2\"/><br/>佳能 EOS M2套机(配18-55mm镜头)<span style=\"color:#222222;\"> </span> </p><p>\r\n	佳能EOS M2的机身外观风格与旧款差不多，感觉像一块方形的肥皂，边角的线条很圆润。相对于其他单电/微单来说，佳能EOS M2可能看上去没有显得很小，但实际拿在手上却又觉得不大。如果你对相机的小巧体积有要求，装配定焦镜头的EOS M2应该不会让你失望。</p><p style=\"text-align:center;\"><img alt=\"佳能EOS M2\" src=\"http://img.sxunt.com/uploads/image/20150105/1420444380.jpg\" style=\"border:1px solid #CCCCCC;\" title=\"佳能EOS M2\"/> </p><p>\r\n	佳能EOS M2仍然使用1800万像素APS-C \r\nCMOS传感器，配备3英寸104万点的屏幕，但屏幕不能旋转或反折，对高低角度取景来说有点局限。另外EOS \r\nM2的触摸操作流畅，支持多点触控功能。EOS M2的连拍速度也从旧款的4.3张/秒提升到4.6张/秒，算是小提升。</p><p style=\"text-align:center;\"><img alt=\"佳能EOS M2\" src=\"http://img.sxunt.com/uploads/image/20150105/1420442055.jpg\" style=\"border:1px solid #CCCCCC;\" title=\"佳能EOS M2\"/> </p><p>\r\n	相比起上一代的EOS M，新款新增了内置Wi-Fi功能，可以用手机遥控拍摄以及传输照片。另外传感器方面升级到Hybrid CMOS AF \r\nII，让自动对焦的反应和速度提升了很多，旧款经常被人诟病的问题得到了很好的改善。现时能用在EOS M2/EOS \r\nM上面的镜头，已经增加到四款，实现了从广角到标准及远摄连续焦段的无缝覆盖：包括22mm f/2 STM定焦、18-55mm f/3.5-5.6 \r\nIS STM变焦、11-12mm f/4-5.6 IS STM和EF-M系统首款长变焦镜头EF-M 55-200mm f/4.5-6.3 IS \r\nSTM。</p><p><strong> 实拍样张</strong> </p><p style=\"text-align:center;\"><img alt=\"佳能EOS M2样张\" src=\"http://img.sxunt.com/uploads/image/20150105/1420440334.jpg\" title=\"佳能EOS M2样张\"/> </p><p style=\"text-align:center;\"><img alt=\"佳能EOS M2样张\" src=\"http://img.sxunt.com/uploads/image/20150105/1420440101.jpg\" title=\"佳能EOS M2样张\"/> </p><p><strong> 编辑点评：</strong>和上代相比，佳能EOS M2表现已经明显进步，基本修正了旧款机型的缺点，虽然现在佳能单电阵营只有两款机型以及三款镜头，但借助佳能强大的光学技术，在EF-M原生卡口镜头上多下点功夫，推出更多焦段的镜头，相信今后会有更好表现。</p><p><br/></p><p><span class=\"sTit\"></span><span class=\"sTop\"></span> </p><p><strong>推荐产品：富士X-M1<br/>机型特色：紧凑机身、高画质、操作更便利</strong><br/><strong>参考售价：3299元</strong><strong>（搭配16-50镜头）</strong> </p><p>\r\n	富士X-M1是一款入门级微型单电相机，拥有超经典的复古造型，价格便宜，但内在配置完全超越入门级别。</p><p style=\"text-align:center;\"><img alt=\"富士X-M1\" src=\"http://img.sxunt.com/uploads/image/20150105/1420440897.jpg\" style=\"border:1px solid #cccccc;\" title=\"富士X-M1\"/><br/>富士 X-M1<span style=\"color:#222222;\"> </span> </p><p>\r\n	富士X-M1与X-PRO1以及X-E1采用了一样的APS-C规格的X-TRANS \r\nCMOS传感器，而在处理器方面比X-PRO1要高，采用了EXR-PRO \r\nII代处理器。配备了一块3英寸3:2宽高比的92万像素可折叠液晶翻转屏，翻转屏的加入使得用户摆脱传统的拍摄角度，可以拍摄出更加有趣的照片。另\r\n外，X-M1还加入了时下最常用的Wi-Fi无线分享功能，用户可以将照片轻松地与移动设备进行传输。</p><p style=\"text-align:center;\"><img alt=\"富士X-M1\" src=\"http://img.sxunt.com/uploads/image/20150105/1420442188.jpg\" style=\"border:1px solid #CCCCCC;\" title=\"富士X-M1\"/> </p><p>\r\n	富士X-M1与X20非常相似，非常小巧。在机身厚度上X-M1与X-PRO1以及X-E1类似，并没有做得很薄，这样的厚度对于提升手感也非常\r\n棒，X-M1沿用传统的蒙复荔枝皮设计，但是X-M1并没有像前作那样另外有一个突起的握把，只是与机身一体的手柄。X-M1最大的变化之一就在于背部的\r\n按键布局和屏幕都有很大的变化，自定义的功能键变少了，倾向于卡片机的设计。</p><p style=\"text-align:center;\"><img alt=\"富士X-M1\" src=\"http://img.sxunt.com/uploads/image/20150105/1420447840.jpg\" style=\"border:1px solid #CCCCCC;\" title=\"富士X-M1\"/> </p><p>\r\n	富士的前两款单电相机，X-Pro1与X-E1的机背右侧是非常接近的，键盘的分布上几乎完全相同，但在X-M1上就来了一个乾坤大挪移。最直接的变化\r\n就是四项按钮上全部都有对应的功能，对焦点、白平衡、连拍与微距模式，这些功能除了小花以外，在X-Pro1与X-E1上相机中这些功能都做在机背左侧，\r\n需要用左手去控制，富士貌似意识到单手操作的重要性，当然也受体积所限。在右上侧也出现了独立录影键，相比在X-Pro1与X-E1上面需要在选单内调整\r\n至录影模式并且按下快门才能开始录影，X-M1的设计方便不少，也侧面印证了X-M1是面向全天候方位使用的机器，而不像X-Pro1与X-E1那样只专\r\n注于静态照片拍摄。</p><p><strong> 实拍样张</strong> </p><p style=\"text-align:center;\"><img alt=\"富士X-M1\" src=\"http://img.sxunt.com/uploads/image/20150105/1420441761.jpg\" style=\"border:1px solid #cccccc;\" title=\"富士X-M1\"/> </p><p style=\"text-align:center;\"><img alt=\"富士X-M1\" src=\"http://img.sxunt.com/uploads/image/20150105/1420447766.jpg\" style=\"border:1px solid #CCCCCC;\" title=\"富士X-M1\"/> </p><p><strong> 编辑点评：</strong>富\r\n士X-M1是一款纯面向入门用户的单电相机。相比前两款产品，X-M1还多了更多好用的功能，例如人脸自动对焦、Wi-Fi无线传输、地理标记等等，加上\r\n更方便且容易的操作。而且最重要的是，们有相同的感光元件、相同的控噪表现、相似的对焦速度。而能够调整的部份也相去不远。所以当画质摆在首要而且纠结于\r\n价格的话，X-M1会是你最终的选择。</p><p><br/></p><p><span class=\"sTit\"></span><span class=\"sTop\"></span> </p><p><strong>推荐机型：索尼A6000<br/>机型特色：11张/秒连拍速度、对焦最快的微单?相机<br/>参考售价：3659元（单机身售价）</strong> </p><p>\r\n	索尼A6000是2014年春季发布的一款微单?相机，是索尼NEX-6与NEX-7两个系列的后继产品。在产品特点上，既融合了NEX-6高性价比的特点，又有NEX-7高性能的机身水平。作为中高端的入门单电，拥有合理的售价，竞争力相当强大。</p><p style=\"text-align:center;\"><img alt=\"索尼A6000\" src=\"http://img.sxunt.com/uploads/image/20150105/1420448449.jpg\" style=\"border:1px solid #cccccc;\" title=\"索尼A6000\"/><br/>索尼 A6000</p><p>\r\n	索尼A6000的外观融合了NEX-6与NEX-7的特点，整体造型偏向于NEX-6，但是细节部分沿用了NEX-7，机顶双转盘设计不突出于机顶表\r\n面，而其中一个转盘为模式转盘，机身采用塑料材质，因此重量也非常轻，并且除了黑色外，还提供了银色版本，与黑色蒙皮的手柄搭配，有一种复古相机的味道。\r\n手柄处特别设计，更为贴合手型。因此握持变得更为舒适，十分贴手。</p><p style=\"text-align:center;\"><img alt=\"索尼A6000\" src=\"http://img.sxunt.com/uploads/image/20150105/1420441282.jpg\" style=\"border:1px solid #cccccc;\" title=\"索尼A6000\"/><br/>索尼A6000</p><p>\r\n	索尼A6000的配置在同价位产品中堪称豪华，带有电子取景器、翻转屏、11张/秒连拍速度，堪称索尼微单?相机中对焦速度最快的增强型混合自动对焦系\r\n统，自定义键提升到7个，当然还有索尼几乎普及的WiFi无线传输以及NFC连接方式。另外，传感器也使用了全新的约2430万像素Exmor APS \r\nHD CMOS影像传感器，使用的是应用于A7R的无隙芯片镜片和镜片位置匹配技术，提高成像的锐度以及色彩表现。</p><p><br/></p><p><span style=\"font-size:16px;\"> 索尼在A6000上搭载的是全新的超高速混合对焦系统，支持179点相位差对焦点和25点的反差式对焦点，相位差对焦点的覆盖范围几乎全屏。索尼称是目\r\n前对焦最快的索尼尾单?相机，最快可达0.06s，事实上一对比就可以发现，这并没有吹嘘的成分，的确是快了很多。去年我们进行单电相机的年度评测的时\r\n候，参加横评的索尼NEX-5T微单?相机的对焦水平在参评产品中，对焦性能属于中下水平，但是A6000的对焦速度明显提升了好几个级别。处于可换镜头\r\n相机中的前列，性能已经比较接近对焦最快的M4/3阵营了。</span> </p><p><strong>索尼A6000样张</strong> </p><p style=\"text-align:center;\"><img alt=\"索尼A6000\" src=\"http://img.sxunt.com/uploads/image/20150105/1420446100.jpg\" title=\"索尼A6000\"/><br/>光圈:F8 &nbsp;快门:1.3 sec &nbsp;ISO:100</p><p style=\"text-align:center;\"><img alt=\"索尼A6000\" src=\"http://img.sxunt.com/uploads/image/20150105/1420445526.jpg\" title=\"索尼A6000\"/><br/>光圈:F5.6 &nbsp;快门:0.01 sec &nbsp;ISO:100</p><p><strong>编辑点评：</strong>索\r\n尼A6000是索尼微单?相机更换型号命名后的顶级APS-C画幅产品，打的是性价比的旗号，在机身材质、电子取景器分辨率等较为次要的方面作了妥协，而\r\n在核心配置上却一点不含糊，画质有明显提升，对焦速度也是目前索尼系微单?相机中最快的。加上电子取景器、翻转屏等方便的专业配置，以主流无反相机的价格\r\n定位来看，完全是超值的产品。<span class=\"clear\"></span> <span class=\"cmPriceTab\"> </span> </p><p><br/></p>', '1472485686', '3', '2130706433');
INSERT INTO `s_admin_log` VALUES ('108', '/admin/article/update?id=21', 'SXUNT修改了表sxunt_article id:21的category : =>攻略,updated_at : 0=>1472485752,status : 0=>1', '1472485752', '3', '2130706433');
INSERT INTO `s_admin_log` VALUES ('109', '/admin/article/update?id=21', 'SXUNT修改了表sxunt_article_data id:21的content : <p align=\"center\">\r\n	<img src=\"http://img.sxunt.com/uploads/image/20150105/1420429281.jpg\" />F13，16mm，1/500s，西藏山南贡嘎。\r\n</p>\r\n<br />\r\n<p>\r\n	<strong>开篇：</strong> \r\n</p>\r\n<p>\r\n	先\r\n自我介绍，我叫邹浩坚，90后，今年23岁，就读于东莞理工学院。江湖人称好贱，不信的话你用拼音输入法打我名字。我很骄傲很自豪地说我是来自东莞的摄影\r\n师，也是一名有3年多经验的粤语婚礼司仪，偶尔也在清吧驻唱，但现在主攻摄影。并且现在已经有自己的摄影工作室，我喜欢旅行，喜欢一个人旅行，更喜欢一个\r\n人旅行自拍。\r\n</p>\r\n<p>\r\n	旅途当中没有小伙伴或者不想麻烦小伙伴的话，自拍是非常好的方式去留影，而怎么去拍好自拍呢？应广大人民群众的要求，小弟断断\r\n续续用了一个月的时间整理了自己的经验，写下此贴给有需要的人，并且列出自己的参数，主要是光圈、焦距和快门速度，作品的表现是主观的，因此参数因创作目\r\n的而变，仅供参考。\r\n</p>\r\n<p>\r\n	本帖子分为开篇、扫盲篇、步骤篇、器材篇、后期篇、安全篇、心得篇、关键篇以及结尾篇。以下内容纯属个人摄影习惯以及创作想法，若有出入欢迎指出更正以及交流。\r\n</p>\r\n<div align=\"center\">\r\n	<img src=\"http://img.sxunt.com/uploads/image/20150105/1420430205.jpg\" width=\"640\" />F9，24mm，1/80s，泰国清迈。<br />\r\n</div>\r\n<p>\r\n	<strong>扫盲篇：</strong> \r\n</p>\r\n<p>\r\n	首\r\n先，咱来百度一下何为\"自拍\"，增强本文学术性、学科性以及最重要的一点，逼格：自拍（Selfie），即自行设定拍照时间。这个功能主要是给用户，在单\r\n独使用数码相机、手机等拍摄工具时，想拍摄自己的影像所使用的。人类史上第一张自拍照摄于1839年，照片的拍摄者是美国摄影师罗伯特·科尼利厄斯。首先\r\n向罗伯特致敬，自拍的鼻祖级人物。\r\n</p>\r\n<p align=\"center\">\r\n	<img src=\"http://img.sxunt.com/uploads/image/20150105/1420424424.jpg\" />F2.8，16mm，1/200s，广东惠州巽寮湾。\r\n</p>\r\n<p align=\"center\">\r\n	<br />\r\n</p>\r\n<p>\r\n	好的自拍绝对不是仅仅因为人长得好看，如果全靠样子才能拍出好的自拍那么我这篇帖子就没有其意义所在。\r\n</p>\r\n<p>\r\n	言归正传，自拍自拍，顾名思义自己给自己拍，如何拍出好的片子呢？拍摄之前我们要认识自拍的误区。第一要区别于以下自拍：\r\n</p>\r\n<p>\r\n	无厘头毫无美感的大头贴。若有冒犯您的女神，请关闭此贴。<img src=\"http://img.sxunt.com/uploads/image/20150105/1420425887.jpg\" /> \r\n</p>\r\n<p>\r\n	2.永远无法超越的潮流撒马特造型自拍。若您是其中一员，请关闭此贴。<img src=\"http://img.sxunt.com/uploads/image/20150105/1420422666.jpg\" /> \r\n</p>\r\n<p>\r\n	3.白条都遮不住的虚假大眼、装嫩嘟嘴、坦胸露乳的向下30度咔擦一声的非主流大头贴。若您刚刚拍完此类型照片，请关闭此贴。<img src=\"http://img.sxunt.com/uploads/image/20150105/1420422038.jpg\" /> \r\n</p>\r\n<p>\r\n	现在，恭喜大家还在浏览我的帖子，实在不容易。看完了自拍误区，来看看国外大师的自拍，可以理解成为摄影师自身的环境以及情绪人像。\r\n</p>\r\n<p>\r\n	22岁西班牙女摄影师Melania Brescia<img src=\"http://img.sxunt.com/uploads/image/20150105/1420423976.jpg\" /> \r\n</p>\r\n<hr style=\"page-break-after:always;\" class=\"ke-pagebreak\" />\r\n<p>\r\n	<br />\r\n</p>\r\n<p>\r\n	Melania的这自拍很适合在旅行当中拍摄，国内泸沽湖啊之类的湖泊都可以拍出类似的风格。<img src=\"http://img.sxunt.com/uploads/image/20150105/1420424390.jpg\" /> \r\n</p>\r\n<p>\r\n	这种偏后期的自拍增添照片的趣味性，对自拍进行后期创作是国外很多摄影师都会做的，我现在还没有到这程度，还停留在旅行风格的自拍。<img src=\"http://img.sxunt.com/uploads/image/20150105/1420424240.jpg\" /> \r\n</p>\r\n<p>\r\n	这种是很多女生都喜欢的风格，看了才发现原来在家里都可以拍出有感觉的照片，而不是那些无病呻吟的假装流泪，但这种对于场景的布置和用光都有较高的要求\r\n</p>\r\n<p>\r\n	90后美国摄影师 Alex Stoddard<img src=\"http://img.sxunt.com/uploads/image/20150105/1420425879.jpg\" /> \r\n</p>\r\n<img src=\"http://img.sxunt.com/uploads/image/20150105/1420422809.jpg\" /> \r\n<p>\r\n	这种自拍对于道具化妆各方面要求都很高，是不是觉得再看下去都没法自拍了。\r\n</p>\r\n<p>\r\n	21岁芝加哥美女摄影师Audrey Simper<img src=\"http://img.sxunt.com/uploads/image/20150105/1420424125.jpg\" /> \r\n</p>\r\n<p>\r\n	Audery的照片看完非常让人羡慕，年纪不大，但是很天赋。挑了这张给广大女同胞欣赏，原来有长发还能这样拍。<img src=\"http://img.sxunt.com/uploads/image/20150105/1420429937.jpg\" /> \r\n</p>\r\n<p>\r\n	是不是才发现原来情侣照还能这样拍。\r\n</p>\r\n<p>\r\n	好了，不再自虐了，技术层面或许技不如人，但是人始终得往高处走，我相信多看好的作品自然而然对自己审美水平的提高是有好处。\r\n</p>\r\n<p>\r\n	最后再来看看经典的游客照，这些属于不好的照片，是反面教材，没有创造性，随便找个人咔擦一声就好。拿自己做例子吧，免得得罪人哈哈哈。<img src=\"http://img.sxunt.com/uploads/image/20150105/1420428922.jpg\" /> \r\n</p>\r\n<p>\r\n	这些都是在地标性建筑拍摄的照片，没有新意没有艺术性，假如您觉得很好看，可能是我的原因吧（应该不会被打死吧）。\r\n</p>\r\n<p>\r\n	好了，了解了自拍误区以及可以区别好的和坏的自拍照之后我们开始自拍之旅。\r\n</p>\r\n<br />\r\n<p>\r\n	<strong>步骤篇：</strong> \r\n</p>\r\n<p>\r\n	一、选点。\r\n</p>\r\n<p>\r\n	1、到达一个地方首先要做的事情是环扫四周，寻求最好的点。\r\n</p>\r\n<p>\r\n	（1）这些点可以是俱有几何立体感的。<img src=\"http://img.sxunt.com/uploads/image/20150105/1420424347.jpg\" /> \r\n</p>\r\n<p align=\"center\">\r\n	F22，35mm，1/125s，广东深圳宝安国际机场。\r\n</p>\r\n<p>\r\n	当时距离停止登机时间还有10分钟，我的登机口不在这，还有好远，我只是看到这里几何立体感和光线很美，就立马架脚架拍了几张马上走了，当时已经设想好了拍摄成为剪影，所以参数调好马上咔擦走人。调参数下文详细有讲。\r\n</p>\r\n<p>\r\n	（2）这个地方可以是让你自己更好突出的地方。<img src=\"http://img.sxunt.com/uploads/image/20150105/1420429770.jpg\" /> \r\n</p>\r\n<hr style=\"page-break-after:always;\" class=\"ke-pagebreak\" />\r\n<p>\r\n	<br />\r\n</p>\r\n<p align=\"center\">\r\n	F14，17mm，1/160s，甘肃敦煌西千佛洞停车场。\r\n</p>\r\n<p>\r\n	那个时候在停车场看到这些石墩就想好了我要站在照片黄金比例的位置，看到那种天气就想好了后期要修成这种偏暗的色调。后来拍摄完之后一看就觉得那个位置很明显，第一眼看就会留意到。\r\n</p>\r\n<p>\r\n	（3）这个点可以是很耐人寻味的地方。<img src=\"http://img.sxunt.com/uploads/image/20150105/1420430684.jpg\" /> \r\n</p>\r\n<p align=\"center\">\r\n	F10，17mm，1/160，甘肃张掖丹霞。\r\n</p>\r\n<p>\r\n	拍摄时，观景台的人特别特别多，我最后将自己放在左下角，背靠观景台，大环境小主体的摄影语言，再加上丹霞地貌的景观，这张照片我很喜欢。\r\n</p>\r\n<p>\r\n	（4）这个点可以让人眼前一亮的地方。<img src=\"http://img.sxunt.com/uploads/image/20150105/1420423346.jpg\" /> \r\n</p>\r\n<p align=\"center\">\r\n	F18，16mm，1/80s，山西大同北岳恒山。\r\n</p>\r\n<p>\r\n	这张照片拍完发布可吓死我老妈，确实很危险，模仿需谨慎。抓住眼球的前提是必须得保住自己小命。\r\n</p>\r\n<p>\r\n	（5）这个点可以是对你有独特意义的地方。<img src=\"http://img.sxunt.com/uploads/image/20150105/1420427037.jpg\" /> \r\n</p>\r\n<p align=\"center\">\r\n	F5，16mm，1/125s，北京三里屯。\r\n</p>\r\n<p>\r\n	这是三里屯二楼的NIKE店橱窗前，当时是被这里的光线和RUNNING吸引到的，KEEP RUNNING，觉得对于自己有种鼓励的一种意义在。<img src=\"http://img.sxunt.com/uploads/image/20150105/1420431020.jpg\" /> \r\n</p>\r\n<p align=\"center\">\r\n	F9，16mm，1/400，澳门国际机场。\r\n</p>\r\n<p>\r\n	澳门机场我出发泰国马来西亚的机场，停机坪上的飞机，不远处的航站楼，标志着我旅行的开端。\r\n</p>\r\n<p>\r\n	（6）这个地方可以是让人看了很舒服干净难忘的地方。<img src=\"http://img.sxunt.com/uploads/image/20150105/1420422429.jpg\" /> \r\n</p>\r\n<p align=\"center\">\r\n	F9，16mm，1/320s，青海湖边。\r\n</p>\r\n<p>\r\n	阳光明媚的青海湖总有一种非常让人舒适的感觉，坐在湖边吹着风，想在海边一般。<img src=\"http://img.sxunt.com/uploads/image/20150105/1420426345.jpg\" /> \r\n</p>\r\n<p align=\"center\">\r\n	F16，35mm，1/80，青海茶卡盐湖。\r\n</p>\r\n<p>\r\n	干净的天空和盐湖，虽然比玻利维亚的天空之镜逊色了一点，但是照骗照骗嘛，拍出来还是觉得可以接受的。\r\n</p>\r\n<p>\r\n	2、选好大概位置之后需要选取角度。\r\n</p>\r\n<p>\r\n	首先要想好什么角度，仰拍俯拍还是平拍。\r\n</p>\r\n<img src=\"http://img.sxunt.com/uploads/image/20150105/1420424319.jpg\" /> \r\n<p align=\"center\">\r\n	F9，16mm，1/125s，广东深圳国际宝安机场。\r\n</p>\r\n<p>\r\n	用仰拍的角度再加上广角镜头将天花、身躯拉长就会有一种大气的感觉。<img src=\"http://img.sxunt.com/uploads/image/20150105/1420422564.jpg\" /> \r\n</p>\r\n<p align=\"center\">\r\n	F10，40mm，1/60s，马来西亚兰卡威。\r\n</p>\r\n<p>\r\n	当时在马来西亚的一个青年旅社，一个小凉亭特别舒服，打算用俯拍的方法去将慵懒束缚的身躯拍完，就有了这张照片。\r\n</p>\r\n<hr style=\"page-break-after:always;\" class=\"ke-pagebreak\" />\r\n<p>\r\n	<br />\r\n</p>\r\n<p>\r\n	辣麽大的地方全部拍吗？不是的，挑取没什麽人或者很有感觉的地方。\r\n</p>\r\n<img src=\"http://img.sxunt.com/uploads/image/20150105/1420426105.jpg\" /> \r\n<p align=\"center\">\r\n	F16，35mm，1/80s，青海茶卡盐湖。\r\n</p>\r\n<p>\r\n	背景很简单的地方，取景就这样取，人再往里一站，片子就出来了吧。\r\n</p>\r\n<p align=\"center\">\r\n	<img src=\"http://img.sxunt.com/uploads/image/20150105/1420430105.jpg\" />F4.5，24mm，1/5s，青海茶卡盐湖。\r\n</p>\r\n<p>\r\n	您看到现在，还觉得样子外貌很重要吗？你不需要看镜头，不需要露脸，拍个背影，拍个距离远到看不清楚你的脸的照片。<img src=\"http://img.sxunt.com/uploads/image/20150105/1420424626.jpg\" /> \r\n</p>\r\n<p align=\"center\">\r\n	F2.8，16mm，1/80s，山西平遥古城动车站。\r\n</p>\r\n<p>\r\n	让观众关注的点在你的景色，被迫知道您在里面就很好了。\r\n</p>\r\n<img src=\"http://img.sxunt.com/uploads/image/20150105/1420424087.jpg\" /> \r\n<p align=\"center\">\r\n	F5.6，65mm，1/250s，西藏拉萨色拉寺。\r\n</p>\r\n<p>\r\n	要是确实不想上镜，拍身体其他部位也是一个很不错的选择。<img src=\"http://img.sxunt.com/uploads/image/20150105/1420427653.jpg\" /> \r\n</p>\r\n<p align=\"center\">\r\n	F9，28mm，1/60s，马来西亚兰卡威。\r\n</p>\r\n<p>\r\n	最重要的是感觉，身体的每一个部分都可以好好地利用。\r\n</p>\r\n<p align=\"center\">\r\n	<img src=\"http://img.sxunt.com/uploads/image/20150105/1420421816.jpg\" />F14，28mm，1/250s，马来西亚兰卡威珍南海滩。\r\n</p>\r\n<p>\r\n	总而言之，拍摄前期的选择很重要。\r\n</p>\r\n<p>\r\n	<br />\r\n</p>\r\n<p>\r\n	<strong>二、调参数。</strong> \r\n</p>\r\n<p>\r\n	选点之后马上构思要怎麽个拍法。例如，你想拍剪影的效果，晚上的话你需要调高iso参数，大光圈，快门看想拍静止还是动感的，动感的剪影快门最好快于1/300秒，具体情况具体分析。\r\n</p>\r\n<p align=\"center\">\r\n	<img src=\"http://img.sxunt.com/uploads/image/20150105/1420431400.jpg\" />F2.8，35mm，1/320s，陕西西安。\r\n</p>\r\n<p>\r\n	西安钟鼓楼，其实这个位置拍摄还挺危险的，大转盘好多车辆飞快而过，所以动作必须要快，要求对参数的控制要比较准确，切勿拿生命开玩笑。\r\n</p>\r\n<p>\r\n	静止的剪影保底的快门要有1/40秒，个人拍摄习惯。\r\n</p>\r\n<p align=\"center\">\r\n	<img src=\"http://img.sxunt.com/uploads/image/20150105/1420430280.jpg\" />F4.5，17mm，1/50s，广西北海十里银滩。\r\n</p>\r\n<p>\r\n	参数这种东西变化较大，而且要根据摄影师个人的创作意愿去设置。\r\n</p>\r\n<p align=\"center\">\r\n	<img src=\"http://img.sxunt.com/uploads/image/20150105/1420428013.jpg\" />F22，16mm，1/160s，泰国苏梅岛。\r\n</p>\r\n<p align=\"center\">\r\n	<img src=\"http://img.sxunt.com/uploads/image/20150105/1420423664.jpg\" />F13，16mm，1/500s，甘肃张掖丹霞。\r\n</p>\r\n<hr style=\"page-break-after:always;\" class=\"ke-pagebreak\" />\r\n<p>\r\n	<br />\r\n</p>\r\n<p>\r\n	三、静候时机。选好点调好参数架好机器后就差时机了，时机这事不好等，人少的话好办，人多的话真的要等到曲终人散，这样的照片出来才有感觉。\r\n</p>\r\n<p align=\"center\">\r\n	<img src=\"http://img.sxunt.com/uploads/image/20150105/1420423079.jpg\" />F13，16mm，1/80s，青海青海湖。\r\n</p>\r\n<p>\r\n	去的时候是旺季，人特别多，挑一块少人的田不容易，必须得等，这是铁一般的事实，不等的话就和一大波剪刀手合照。\r\n</p>\r\n<p align=\"center\">\r\n	<img src=\"http://img.sxunt.com/uploads/image/20150105/1420430861.jpg\" />F22，16mm，1/80s，山西大同云冈石窟。\r\n</p>\r\n<p>\r\n	当时正值旅游旺季，人那个多，就趁一大波大妈在洞子里面参观没出来的时候赶紧拍一张。\r\n</p>\r\n<p>\r\n	假如人真的超级无敌多怎麽办？调慢速快门，曝光时间一秒至两秒左右，对焦对在自己身上，有些大神可以像石头一样忍着不动5分钟的话，那麽恭喜你，那些游客对你来说不是人，而是流水，太棒辣！\r\n</p>\r\n<p align=\"center\">\r\n	<img src=\"http://img.sxunt.com/uploads/image/20150105/1420423151.jpg\" />F22，26mm，1/8s，澳门街头。\r\n</p>\r\n<p>\r\n	想要拍出游人虚掉的感觉，可以使用慢门的方法，对焦在自己身上，让行人成为你图片中的亮点。\r\n</p>\r\n<p>\r\n	<br />\r\n</p>\r\n<p align=\"center\">\r\n	<strong>四、抓住最美的时刻。</strong><img src=\"http://img.sxunt.com/uploads/image/20150105/1420422871.jpg\" />F10,22mm,1/160s，山西大同古城。\r\n</p>\r\n<p>\r\n	当时我架好三脚架，摆好自行车的位置就坐上戏台，忽然这个时候有个小孩想跳上来一起和我拍照，但他怎么都爬不上，正当我想拉他一把的时候觉得应该按下快门，肯定是一个很有意思的画面，果然。<img src=\"http://img.sxunt.com/uploads/image/20150105/1420423160.jpg\" /> \r\n</p>\r\n<p align=\"center\">\r\n	F4，24mm，1/125s，西藏拉萨老光明茶馆。\r\n</p>\r\n<p align=\"center\">\r\n	在拉萨的日子，我经常去这家茶馆，这个小女孩我第二次见到她，当时就跟她微笑，她也对我露出天真地笑容，接着就按下了快门，太喜欢了。<img src=\"http://img.sxunt.com/uploads/image/20150105/1420430490.jpg\" />F10，27mm，1/60s，马来西亚马六甲。\r\n</p>\r\n<p>\r\n	当天在小镇里面逛，架好三脚架本来想拍自己和墙壁的，突然来了一只小猫，死死盯住我，我生怕它走掉，立马来拍一张，很有意思。\r\n</p>\r\n<p>\r\n	<br />\r\n</p>\r\n<p>\r\n	<strong>五、结合拍摄地的地方特色。</strong><img src=\"http://img.sxunt.com/uploads/image/20150105/1420423985.jpg\" /> \r\n</p>\r\n<p align=\"center\">\r\n	F5.6，73mm，1/250，西藏拉萨色拉寺。\r\n</p>\r\n<p>\r\n	选择非常有当地特色的建筑作为背景去拍摄，这是旅途当中很多人都想去拍的，但是必须得选取好的景别，站位和表情神态都得想好怎么去拍。<img src=\"http://img.sxunt.com/uploads/image/20150105/1420431598.jpg\" /> \r\n</p>\r\n<p align=\"center\">\r\n	F10，50mm，1/50s，西藏拉萨大昭寺。\r\n</p>\r\n<hr style=\"page-break-after:always;\" class=\"ke-pagebreak\" />\r\n<p>\r\n	<br />\r\n</p>\r\n<p>\r\n	买一套地方特色的衣服，尝试融入当地的特色，再加上当地人，这样看起来会很有意思。\r\n</p>\r\n<br />\r\n<p>\r\n	<strong>器材篇：（除了基本的相机和镜头）</strong> \r\n</p>\r\n<p>\r\n	1、三脚架永远是你最好的摄影师。\r\n</p>\r\n<img src=\"http://img.sxunt.com/uploads/image/20150105/1420429969.jpg\" /> \r\n<p>\r\n	有无数的人问我，你的照片真的是自拍的吗？我说是他们还不信。网上有某些自拍摄影师，谎称自拍，其实背后有团队操作运营，而我保证绝对三脚架自拍，这有什么难的？\r\n</p>\r\n<p>\r\n	我\r\n喜欢一个人的旅行，没小伙伴的话必须都靠自己，三脚架比你将机器放在一个物体上的好处是，一，安全性，三脚架能更好地固定机器，保障机器；二，可操作性，\r\n想拍横画幅的照片搁地上没关係，但你想拍竖画幅的照片怎麽招？想仰拍想俯拍又怎麽招？这时候，三脚架应运而生，了不起的人类发明。想怎麽拍就怎麽拍，还可\r\n以调慢速快门闹着玩。\r\n</p>\r\n<p align=\"center\">\r\n	<img src=\"http://img.sxunt.com/uploads/image/20150105/1420428825.jpg\" />F13,16mm，0.8s，北京地铁站。\r\n</p>\r\n<p>\r\n	地铁站人来人往是拍摄慢门的好地方，但是需要动作快，不然架三脚架会被人赶哦。\r\n</p>\r\n<p>\r\n	2、快门遥控器。<img src=\"http://img.sxunt.com/uploads/image/20150105/1420426397.jpg\" /> \r\n</p>\r\n<p>\r\n	如果说三脚架是你最好的摄影师，那麽快门遥控器就是你自拍最得力的助手。大多数相机的10秒定时令人太尴尬，拍得不好必须得来回几十万遍，就像我苏梅岛拍的这张照片，当时没买遥控器，来回60多遍才出片一张满意的，太纳闷了。\r\n</p>\r\n<p align=\"center\">\r\n	<img src=\"http://img.sxunt.com/uploads/image/20150105/1420426985.jpg\" />F10，25mm，1/500s，泰国苏梅岛。\r\n</p>\r\n<p>\r\n	后来买了个快门遥控器，去到哪拍到哪，妈妈再也不用担心我跑来跑去了。具体型号不同，线也不同，这麽好的东西淘X有卖、不打广告，谢谢。\r\n</p>\r\n<br />\r\n<p>\r\n	<strong>后期篇：</strong> \r\n</p>\r\n<p>\r\n	1、\r\n本人现阶段习惯先用photoshop进行初步调整，大概地剪裁，修复小细节例如将一些小垃圾P掉之类的。接着再用lightroom进行调色，最后再看\r\n需要个别再用photoshop进行最后的调整。lightroom这个软件调色非常棒，要不然Adobe为甚麽要将它单独再开发成一个软件。纵观来说\r\n嘛，photoshop和lightroom都可以调出同样的效果，但是要保持作品的统一性和风个性，还有一点就是要追求速度的话lightroom是不\r\n二选择。\r\n</p>\r\n<p>\r\n	<img src=\"http://img.sxunt.com/uploads/image/20150105/1420426983.jpg\" />像这张照片，看起来好像很美的样子，根本无法想象原片是什么样子。\r\n</p>\r\n<p>\r\n	<img src=\"http://img.sxunt.com/uploads/image/20150105/1420430571.jpg\" />这就是原片，星光稀少，阳台的杂物混乱，不远处的光源复杂影响视觉，因此必须要用photoshop处理一些小的东西。\r\n</p>\r\n<p>\r\n	<img src=\"http://img.sxunt.com/uploads/image/20150105/1420431370.jpg\" />看，简单粗暴地将阳台黑色框框里面的黄色广告灯牌掩盖成为黑色、将远方的杂光遮盖掉，画面就干净利索多了。\r\n</p>\r\n<hr style=\"page-break-after:always;\" class=\"ke-pagebreak\" />\r\n<p>\r\n	<br />\r\n</p>\r\n<p>\r\n	<img src=\"http://img.sxunt.com/uploads/image/20150105/1420431370.jpg\" />然后觉得星光不够的话，将另外单独的一张星野图与其合并，再导进lightroom进行处理。\r\n</p>\r\n<p>\r\n	<img src=\"http://img.sxunt.com/uploads/image/20150105/1420431260.jpg\" />越来越接近理想的状态。觉得不够亮再提亮光斑。\r\n</p>\r\n<p>\r\n	<img src=\"http://img.sxunt.com/uploads/image/20150105/1420422650.jpg\" />加个看不懂的水印，大功告成！伟大的后期！\r\n</p>\r\n<p>\r\n	<img src=\"http://img.sxunt.com/uploads/image/20150105/1420425424.jpg\" />2、照片风格。这个需要将照片内容和摄影师个人审美以及想表达的内容相结合。\r\n</p>\r\n<br />\r\n<p>\r\n	安全篇：\r\n</p>\r\n<p>\r\n	有\r\n好多朋友都在问，你三脚架放在那边自己跑开了你不怕被人抢走吗？我说，你有见过贼在瞬间可以收好三脚架，啪一声抱着单反和三脚架走掉吗？你回问，三脚架不\r\n要了呗，我想问，贼还有时间去研究怎麽拆云台？确实不放心的话教你一招，在选好点调好参数架好机位之后，请路人帮你按下快门，这也是自拍呀，摄影的技术你\r\n已经运用好了，需要的只是一个能够出力按快门的人呀。这样的话遥控器也省了，还有人帮你看器材哈哈。\r\n</p>\r\n<p>\r\n	<img src=\"http://img.sxunt.com/uploads/image/20150105/1420424842.jpg\" />F2.8，16mm，1/60s，山西平遥古城。\r\n</p>\r\n<br />\r\n<p>\r\n	<strong>心得篇：</strong> \r\n</p>\r\n<p>\r\n	1、不要觉得自拍是女生的权利，男生不用拍旅行照麽？调整好心态，从艺术摄影创作的角度出发。<img src=\"http://img.sxunt.com/uploads/image/20150105/1420431612.jpg\" /> \r\n</p>\r\n<p align=\"center\">\r\n	F4.5，16mm，1/60s，泰国清迈机场。\r\n</p>\r\n<p>\r\n	2、对比女生，男生的肢体动作和服饰相对的会逊色点，但是你可以进行思考创作，例如，男性比较阳刚的动作姿态（图），利用好道具，例如墨镜、背包、车等等。\r\n</p>\r\n<p align=\"center\">\r\n	<img src=\"http://img.sxunt.com/uploads/image/20150105/1420430407.jpg\" />F13，24mm，1/100s，四川甘孜磨西。\r\n</p>\r\n<p>\r\n	再如宠物。\r\n</p>\r\n<p align=\"center\">\r\n	<img src=\"http://img.sxunt.com/uploads/image/20150105/1420428072.jpg\" />F5.6，16mm，1/125s，广东东莞虎门。\r\n</p>\r\n<p>\r\n	要相信一点，没有想不出的作品，只有不动脑筋的摄影师。\r\n</p>\r\n<p>\r\n	3、在人多的地方自己对着相机拍照被众人围观，有人觉得好神经质、怕被人笑，这有什麽好笑的，难道有人用相机对着你，然后你在花的旁边摆一下卖蠢装萌的照片人家不笑话你？如果还是怕的话就等人群消散等到海枯石烂再拍呗。\r\n</p>\r\n<p align=\"center\">\r\n	<img src=\"http://img.sxunt.com/uploads/image/20150105/1420427769.jpg\" />F6.3，24mm，1/80s，马来西亚兰卡威。\r\n</p>\r\n<hr style=\"page-break-after:always;\" class=\"ke-pagebreak\" />\r\n<p>\r\n	<br />\r\n</p>\r\n<p>\r\n	当\r\n时一个人在马来西亚兰卡威，中午出去吃饭看见一家餐厅在马路边，光打进去非常漂亮，我在想在这吃顿饭拍张照片也挺好。架好机位后，一老外坐对面对着我笑，\r\n我也对着他笑接着拍好，他说想看看，我很乐意，结果他竖起大拇指。所以说，为什么要怕别人笑，或者别人是赞叹，是佩服你一人旅行的勇气。\r\n</p>\r\n<p>\r\n	4、多尝试多实践始终是出好片的大道理，空有想像不去实践，片子始终都是浮云。\r\n</p>\r\n<p>\r\n	5、\r\n拍摄之前必须得构思好，本篇介绍的旅行自拍偏艺术性，普通的游客照可以理解成为偏纪录性，有人说我就是想拍纪录性的游客照，可以！帮你想个办法，这种照片\r\n无非就是想在有纪念意义的地标建筑和场地合照，你将它当作是专题来做，类似于之前网上很火爆的牵着背向镜头的女朋友的手那组图片，自己思考怎麽拍个系列出\r\n来，好像我这次的旅行。<img src=\"http://img.sxunt.com/uploads/image/20150105/1420430247.jpg\" /> \r\n</p>\r\n<img src=\"http://img.sxunt.com/uploads/image/20150105/1420428716.jpg\" /><br />\r\n<p>\r\n	这样看起来会不会又可以留念而且看起来又不会好捞呢。\r\n</p>\r\n<br />\r\n<p>\r\n	<strong>关键篇：（很重要）</strong> \r\n</p>\r\n<p>\r\n	1、Pose应该怎么摆？这个需要你去看大量的明星照片，将他们的动作据为己有，关键就在于阅片量。\r\n</p>\r\n<p>\r\n	2、构图。这是照片至关重要的元素，构图好不好严重影响照片的质量。最简单的例子。<img src=\"http://img.sxunt.com/uploads/image/20150105/1420428217.jpg\" /> \r\n</p>\r\n<p align=\"center\">\r\n	F5.6，105mm，1/160s，西藏纳木错。\r\n</p>\r\n<p>\r\n	黄金比例，学摄影的人都听过，这是亘古不变的构图好方法，拍摄之前必须忖度好站的位置。此外，还有一个小贴士就是，画幅尽量大点，方便后期进行二次构图。\r\n</p>\r\n<p>\r\n	3、\r\n现场洞察力。我认为我个人接触到的摄影，区别于新闻纪实摄影，婚礼、风光之类的摄影，摄影师在拍摄现场的能力和后期能力各占一半，后期的话前面又讲，那另\r\n外一个关键就是现场能力。这个包括洞察力、技术、情绪引导等等，而现场洞察力说白了就是发现美的眼光，觉得哪里好看，哪里拍才会出彩，这种判断基本决定了\r\n你的成片。那如何提高这种能力呢？方法只有一个：多锻炼自己的能力，实践出真知。虽然好文艺，但是这是真理。\r\n</p>\r\n<br />\r\n<p>\r\n	<strong>结尾篇：</strong> \r\n</p>\r\n<p>\r\n	自拍是好玩，上瘾需谨慎，且拍且珍惜。搞得我现在谁拍我都不太愿意，自己拍好自己修图才好。\r\n</p>\r\n<p>\r\n	要拍出与众不同、有感觉的片子，阅片量是关键，从自身的个人审美水平出发，杜绝普通游客照是每一个摄影师的责任。<img src=\"http://img.sxunt.com/uploads/image/20150105/1420426045.jpg\" /> \r\n</p>\r\n<br />\r\n<p>\r\n	自从本帖子发出后，综合了大家的评论，有几点我统一回答一下：\r\n</p>\r\n<p>\r\n	1、\r\n以上照片都是自拍，我都一个人去旅行，没有团队包养我，我也没有钱去支付团队的费用。如果有团队的话，我还可以带多点好看的衣服出去，西装啊皮鞋啊长大衣\r\n啊拍出来效果更好看，而不是来来去去都是速干衣，背心，拖鞋，户外鞋等等。此外，我喜欢夜景，如果有团队的话我可以让他们打灯，也不至于我的自拍晚上都变\r\n了剪影，请问您注意到了吗？\r\n</p>\r\n<p>\r\n	2、关于三脚架被抢的疑惑。必须要看清场景，人多的时候是盗贼作案的好时机，但也是人在互相监督、约束。另外我\r\n当时在张掖丹霞地质公园，遇到好多摄影团，土豪摄影团，一支三脚架的价格比我所有摄影器材还要贵，请问小偷看得起我的吗？但这也是特例。所以等人少的时候\r\n拍摄是最好的。\r\n</p>\r\n<hr style=\"page-break-after:always;\" class=\"ke-pagebreak\" />\r\n<p>\r\n	<br />\r\n</p>\r\n<p>\r\n	3、对于自拍的定义，如果您还继续留言说\"你这个不是自拍\"\"我要的是面部表情的照片\"之类的话语，那么我前面开头一千字基本白写，还有，您那叫大头贴，也算自拍的一种，并不是所有的自拍都是那些，别再生活在自己对自拍的狭隘看法里，走出去吧亲。\r\n</p>\r\n<p>\r\n	4、\r\n后期是摄影的一部分，哪怕是胶卷时代，摄影师在当时的黑房里做了很多您所不知道的后期处理。后期的风格是摄影师的个人特性，就像作家一样，您喜欢谁的文笔\r\n就看谁的书，道理很简单吧？不喜欢就不买他的书呗，作家也不会因为您不喜欢他的书、不买他的书而改变他的文笔，不然他跟随波逐流的死鱼有什么区别。\r\n</p>\r\n<p>\r\n	5、Stay foolish，stay hungry.--Steve Jobs.\r\n</p>=><p style=\"text-align:center;\"><img src=\"http://img.sxunt.com/uploads/image/20150105/1420429281.jpg\"/>F13，16mm，1/500s，西藏山南贡嘎。</p><p><br/></p><p><strong>开篇：</strong> </p><p>\r\n	先\r\n自我介绍，我叫邹浩坚，90后，今年23岁，就读于东莞理工学院。江湖人称好贱，不信的话你用拼音输入法打我名字。我很骄傲很自豪地说我是来自东莞的摄影\r\n师，也是一名有3年多经验的粤语婚礼司仪，偶尔也在清吧驻唱，但现在主攻摄影。并且现在已经有自己的摄影工作室，我喜欢旅行，喜欢一个人旅行，更喜欢一个\r\n人旅行自拍。</p><p>\r\n	旅途当中没有小伙伴或者不想麻烦小伙伴的话，自拍是非常好的方式去留影，而怎么去拍好自拍呢？应广大人民群众的要求，小弟断断\r\n续续用了一个月的时间整理了自己的经验，写下此贴给有需要的人，并且列出自己的参数，主要是光圈、焦距和快门速度，作品的表现是主观的，因此参数因创作目\r\n的而变，仅供参考。</p><p>\r\n	本帖子分为开篇、扫盲篇、步骤篇、器材篇、后期篇、安全篇、心得篇、关键篇以及结尾篇。以下内容纯属个人摄影习惯以及创作想法，若有出入欢迎指出更正以及交流。</p><p><img src=\"http://img.sxunt.com/uploads/image/20150105/1420430205.jpg\" width=\"640\"/>F9，24mm，1/80s，泰国清迈。<br/></p><p><strong>扫盲篇：</strong> </p><p>\r\n	首\r\n先，咱来百度一下何为&quot;自拍&quot;，增强本文学术性、学科性以及最重要的一点，逼格：自拍（Selfie），即自行设定拍照时间。这个功能主要是给用户，在单\r\n独使用数码相机、手机等拍摄工具时，想拍摄自己的影像所使用的。人类史上第一张自拍照摄于1839年，照片的拍摄者是美国摄影师罗伯特·科尼利厄斯。首先\r\n向罗伯特致敬，自拍的鼻祖级人物。</p><p style=\"text-align:center;\"><img src=\"http://img.sxunt.com/uploads/image/20150105/1420424424.jpg\"/>F2.8，16mm，1/200s，广东惠州巽寮湾。</p><p style=\"text-align:center;\"><br/></p><p>\r\n	好的自拍绝对不是仅仅因为人长得好看，如果全靠样子才能拍出好的自拍那么我这篇帖子就没有其意义所在。</p><p>\r\n	言归正传，自拍自拍，顾名思义自己给自己拍，如何拍出好的片子呢？拍摄之前我们要认识自拍的误区。第一要区别于以下自拍：</p><p>\r\n	无厘头毫无美感的大头贴。若有冒犯您的女神，请关闭此贴。<img src=\"http://img.sxunt.com/uploads/image/20150105/1420425887.jpg\"/> </p><p>\r\n	2.永远无法超越的潮流撒马特造型自拍。若您是其中一员，请关闭此贴。<img src=\"http://img.sxunt.com/uploads/image/20150105/1420422666.jpg\"/> </p><p>\r\n	3.白条都遮不住的虚假大眼、装嫩嘟嘴、坦胸露乳的向下30度咔擦一声的非主流大头贴。若您刚刚拍完此类型照片，请关闭此贴。<img src=\"http://img.sxunt.com/uploads/image/20150105/1420422038.jpg\"/> </p><p>\r\n	现在，恭喜大家还在浏览我的帖子，实在不容易。看完了自拍误区，来看看国外大师的自拍，可以理解成为摄影师自身的环境以及情绪人像。</p><p>\r\n	22岁西班牙女摄影师Melania Brescia<img src=\"http://img.sxunt.com/uploads/image/20150105/1420423976.jpg\"/> </p><hr style=\"page-break-after:always;\" class=\"ke-pagebreak\"/><p><br/></p><p>\r\n	Melania的这自拍很适合在旅行当中拍摄，国内泸沽湖啊之类的湖泊都可以拍出类似的风格。<img src=\"http://img.sxunt.com/uploads/image/20150105/1420424390.jpg\"/> </p><p>\r\n	这种偏后期的自拍增添照片的趣味性，对自拍进行后期创作是国外很多摄影师都会做的，我现在还没有到这程度，还停留在旅行风格的自拍。<img src=\"http://img.sxunt.com/uploads/image/20150105/1420424240.jpg\"/> </p><p>\r\n	这种是很多女生都喜欢的风格，看了才发现原来在家里都可以拍出有感觉的照片，而不是那些无病呻吟的假装流泪，但这种对于场景的布置和用光都有较高的要求</p><p>\r\n	90后美国摄影师 Alex Stoddard<img src=\"http://img.sxunt.com/uploads/image/20150105/1420425879.jpg\"/> </p><p><img src=\"http://img.sxunt.com/uploads/image/20150105/1420422809.jpg\"/> </p><p>\r\n	这种自拍对于道具化妆各方面要求都很高，是不是觉得再看下去都没法自拍了。</p><p>\r\n	21岁芝加哥美女摄影师Audrey Simper<img src=\"http://img.sxunt.com/uploads/image/20150105/1420424125.jpg\"/> </p><p>\r\n	Audery的照片看完非常让人羡慕，年纪不大，但是很天赋。挑了这张给广大女同胞欣赏，原来有长发还能这样拍。<img src=\"http://img.sxunt.com/uploads/image/20150105/1420429937.jpg\"/> </p><p>\r\n	是不是才发现原来情侣照还能这样拍。</p><p>\r\n	好了，不再自虐了，技术层面或许技不如人，但是人始终得往高处走，我相信多看好的作品自然而然对自己审美水平的提高是有好处。</p><p>\r\n	最后再来看看经典的游客照，这些属于不好的照片，是反面教材，没有创造性，随便找个人咔擦一声就好。拿自己做例子吧，免得得罪人哈哈哈。<img src=\"http://img.sxunt.com/uploads/image/20150105/1420428922.jpg\"/> </p><p>\r\n	这些都是在地标性建筑拍摄的照片，没有新意没有艺术性，假如您觉得很好看，可能是我的原因吧（应该不会被打死吧）。</p><p>\r\n	好了，了解了自拍误区以及可以区别好的和坏的自拍照之后我们开始自拍之旅。</p><p><br/></p><p><strong>步骤篇：</strong> </p><p>\r\n	一、选点。</p><p>\r\n	1、到达一个地方首先要做的事情是环扫四周，寻求最好的点。</p><p>\r\n	（1）这些点可以是俱有几何立体感的。<img src=\"http://img.sxunt.com/uploads/image/20150105/1420424347.jpg\"/> </p><p style=\"text-align:center;\">\r\n	F22，35mm，1/125s，广东深圳宝安国际机场。</p><p>\r\n	当时距离停止登机时间还有10分钟，我的登机口不在这，还有好远，我只是看到这里几何立体感和光线很美，就立马架脚架拍了几张马上走了，当时已经设想好了拍摄成为剪影，所以参数调好马上咔擦走人。调参数下文详细有讲。</p><p>\r\n	（2）这个地方可以是让你自己更好突出的地方。<img src=\"http://img.sxunt.com/uploads/image/20150105/1420429770.jpg\"/> </p><hr style=\"page-break-after:always;\" class=\"ke-pagebreak\"/><p><br/></p><p style=\"text-align:center;\">\r\n	F14，17mm，1/160s，甘肃敦煌西千佛洞停车场。</p><p>\r\n	那个时候在停车场看到这些石墩就想好了我要站在照片黄金比例的位置，看到那种天气就想好了后期要修成这种偏暗的色调。后来拍摄完之后一看就觉得那个位置很明显，第一眼看就会留意到。</p><p>\r\n	（3）这个点可以是很耐人寻味的地方。<img src=\"http://img.sxunt.com/uploads/image/20150105/1420430684.jpg\"/> </p><p style=\"text-align:center;\">\r\n	F10，17mm，1/160，甘肃张掖丹霞。</p><p>\r\n	拍摄时，观景台的人特别特别多，我最后将自己放在左下角，背靠观景台，大环境小主体的摄影语言，再加上丹霞地貌的景观，这张照片我很喜欢。</p><p>\r\n	（4）这个点可以让人眼前一亮的地方。<img src=\"http://img.sxunt.com/uploads/image/20150105/1420423346.jpg\"/> </p><p style=\"text-align:center;\">\r\n	F18，16mm，1/80s，山西大同北岳恒山。</p><p>\r\n	这张照片拍完发布可吓死我老妈，确实很危险，模仿需谨慎。抓住眼球的前提是必须得保住自己小命。</p><p>\r\n	（5）这个点可以是对你有独特意义的地方。<img src=\"http://img.sxunt.com/uploads/image/20150105/1420427037.jpg\"/> </p><p style=\"text-align:center;\">\r\n	F5，16mm，1/125s，北京三里屯。</p><p>\r\n	这是三里屯二楼的NIKE店橱窗前，当时是被这里的光线和RUNNING吸引到的，KEEP RUNNING，觉得对于自己有种鼓励的一种意义在。<img src=\"http://img.sxunt.com/uploads/image/20150105/1420431020.jpg\"/> </p><p style=\"text-align:center;\">\r\n	F9，16mm，1/400，澳门国际机场。</p><p>\r\n	澳门机场我出发泰国马来西亚的机场，停机坪上的飞机，不远处的航站楼，标志着我旅行的开端。</p><p>\r\n	（6）这个地方可以是让人看了很舒服干净难忘的地方。<img src=\"http://img.sxunt.com/uploads/image/20150105/1420422429.jpg\"/> </p><p style=\"text-align:center;\">\r\n	F9，16mm，1/320s，青海湖边。</p><p>\r\n	阳光明媚的青海湖总有一种非常让人舒适的感觉，坐在湖边吹着风，想在海边一般。<img src=\"http://img.sxunt.com/uploads/image/20150105/1420426345.jpg\"/> </p><p style=\"text-align:center;\">\r\n	F16，35mm，1/80，青海茶卡盐湖。</p><p>\r\n	干净的天空和盐湖，虽然比玻利维亚的天空之镜逊色了一点，但是照骗照骗嘛，拍出来还是觉得可以接受的。</p><p>\r\n	2、选好大概位置之后需要选取角度。</p><p>\r\n	首先要想好什么角度，仰拍俯拍还是平拍。</p><p><img src=\"http://img.sxunt.com/uploads/image/20150105/1420424319.jpg\"/> </p><p style=\"text-align:center;\">\r\n	F9，16mm，1/125s，广东深圳国际宝安机场。</p><p>\r\n	用仰拍的角度再加上广角镜头将天花、身躯拉长就会有一种大气的感觉。<img src=\"http://img.sxunt.com/uploads/image/20150105/1420422564.jpg\"/> </p><p style=\"text-align:center;\">\r\n	F10，40mm，1/60s，马来西亚兰卡威。</p><p>\r\n	当时在马来西亚的一个青年旅社，一个小凉亭特别舒服，打算用俯拍的方法去将慵懒束缚的身躯拍完，就有了这张照片。</p><hr style=\"page-break-after:always;\" class=\"ke-pagebreak\"/><p><br/></p><p>\r\n	辣麽大的地方全部拍吗？不是的，挑取没什麽人或者很有感觉的地方。</p><p><img src=\"http://img.sxunt.com/uploads/image/20150105/1420426105.jpg\"/> </p><p style=\"text-align:center;\">\r\n	F16，35mm，1/80s，青海茶卡盐湖。</p><p>\r\n	背景很简单的地方，取景就这样取，人再往里一站，片子就出来了吧。</p><p style=\"text-align:center;\"><img src=\"http://img.sxunt.com/uploads/image/20150105/1420430105.jpg\"/>F4.5，24mm，1/5s，青海茶卡盐湖。</p><p>\r\n	您看到现在，还觉得样子外貌很重要吗？你不需要看镜头，不需要露脸，拍个背影，拍个距离远到看不清楚你的脸的照片。<img src=\"http://img.sxunt.com/uploads/image/20150105/1420424626.jpg\"/> </p><p style=\"text-align:center;\">\r\n	F2.8，16mm，1/80s，山西平遥古城动车站。</p><p>\r\n	让观众关注的点在你的景色，被迫知道您在里面就很好了。</p><p><img src=\"http://img.sxunt.com/uploads/image/20150105/1420424087.jpg\"/> </p><p style=\"text-align:center;\">\r\n	F5.6，65mm，1/250s，西藏拉萨色拉寺。</p><p>\r\n	要是确实不想上镜，拍身体其他部位也是一个很不错的选择。<img src=\"http://img.sxunt.com/uploads/image/20150105/1420427653.jpg\"/> </p><p style=\"text-align:center;\">\r\n	F9，28mm，1/60s，马来西亚兰卡威。</p><p>\r\n	最重要的是感觉，身体的每一个部分都可以好好地利用。</p><p style=\"text-align:center;\"><img src=\"http://img.sxunt.com/uploads/image/20150105/1420421816.jpg\"/>F14，28mm，1/250s，马来西亚兰卡威珍南海滩。</p><p>\r\n	总而言之，拍摄前期的选择很重要。</p><p><br/></p><p><strong>二、调参数。</strong> </p><p>\r\n	选点之后马上构思要怎麽个拍法。例如，你想拍剪影的效果，晚上的话你需要调高iso参数，大光圈，快门看想拍静止还是动感的，动感的剪影快门最好快于1/300秒，具体情况具体分析。</p><p style=\"text-align:center;\"><img src=\"http://img.sxunt.com/uploads/image/20150105/1420431400.jpg\"/>F2.8，35mm，1/320s，陕西西安。</p><p>\r\n	西安钟鼓楼，其实这个位置拍摄还挺危险的，大转盘好多车辆飞快而过，所以动作必须要快，要求对参数的控制要比较准确，切勿拿生命开玩笑。</p><p>\r\n	静止的剪影保底的快门要有1/40秒，个人拍摄习惯。</p><p style=\"text-align:center;\"><img src=\"http://img.sxunt.com/uploads/image/20150105/1420430280.jpg\"/>F4.5，17mm，1/50s，广西北海十里银滩。</p><p>\r\n	参数这种东西变化较大，而且要根据摄影师个人的创作意愿去设置。</p><p style=\"text-align:center;\"><img src=\"http://img.sxunt.com/uploads/image/20150105/1420428013.jpg\"/>F22，16mm，1/160s，泰国苏梅岛。</p><p style=\"text-align:center;\"><img src=\"http://img.sxunt.com/uploads/image/20150105/1420423664.jpg\"/>F13，16mm，1/500s，甘肃张掖丹霞。</p><hr style=\"page-break-after:always;\" class=\"ke-pagebreak\"/><p><br/></p><p>\r\n	三、静候时机。选好点调好参数架好机器后就差时机了，时机这事不好等，人少的话好办，人多的话真的要等到曲终人散，这样的照片出来才有感觉。</p><p style=\"text-align:center;\"><img src=\"http://img.sxunt.com/uploads/image/20150105/1420423079.jpg\"/>F13，16mm，1/80s，青海青海湖。</p><p>\r\n	去的时候是旺季，人特别多，挑一块少人的田不容易，必须得等，这是铁一般的事实，不等的话就和一大波剪刀手合照。</p><p style=\"text-align:center;\"><img src=\"http://img.sxunt.com/uploads/image/20150105/1420430861.jpg\"/>F22，16mm，1/80s，山西大同云冈石窟。</p><p>\r\n	当时正值旅游旺季，人那个多，就趁一大波大妈在洞子里面参观没出来的时候赶紧拍一张。</p><p>\r\n	假如人真的超级无敌多怎麽办？调慢速快门，曝光时间一秒至两秒左右，对焦对在自己身上，有些大神可以像石头一样忍着不动5分钟的话，那麽恭喜你，那些游客对你来说不是人，而是流水，太棒辣！</p><p style=\"text-align:center;\"><img src=\"http://img.sxunt.com/uploads/image/20150105/1420423151.jpg\"/>F22，26mm，1/8s，澳门街头。</p><p>\r\n	想要拍出游人虚掉的感觉，可以使用慢门的方法，对焦在自己身上，让行人成为你图片中的亮点。</p><p><br/></p><p style=\"text-align:center;\"><strong>四、抓住最美的时刻。</strong><img src=\"http://img.sxunt.com/uploads/image/20150105/1420422871.jpg\"/>F10,22mm,1/160s，山西大同古城。</p><p>\r\n	当时我架好三脚架，摆好自行车的位置就坐上戏台，忽然这个时候有个小孩想跳上来一起和我拍照，但他怎么都爬不上，正当我想拉他一把的时候觉得应该按下快门，肯定是一个很有意思的画面，果然。<img src=\"http://img.sxunt.com/uploads/image/20150105/1420423160.jpg\"/> </p><p style=\"text-align:center;\">\r\n	F4，24mm，1/125s，西藏拉萨老光明茶馆。</p><p style=\"text-align:center;\">\r\n	在拉萨的日子，我经常去这家茶馆，这个小女孩我第二次见到她，当时就跟她微笑，她也对我露出天真地笑容，接着就按下了快门，太喜欢了。<img src=\"http://img.sxunt.com/uploads/image/20150105/1420430490.jpg\"/>F10，27mm，1/60s，马来西亚马六甲。</p><p>\r\n	当天在小镇里面逛，架好三脚架本来想拍自己和墙壁的，突然来了一只小猫，死死盯住我，我生怕它走掉，立马来拍一张，很有意思。</p><p><br/></p><p><strong>五、结合拍摄地的地方特色。</strong><img src=\"http://img.sxunt.com/uploads/image/20150105/1420423985.jpg\"/> </p><p style=\"text-align:center;\">\r\n	F5.6，73mm，1/250，西藏拉萨色拉寺。</p><p>\r\n	选择非常有当地特色的建筑作为背景去拍摄，这是旅途当中很多人都想去拍的，但是必须得选取好的景别，站位和表情神态都得想好怎么去拍。<img src=\"http://img.sxunt.com/uploads/image/20150105/1420431598.jpg\"/> </p><p style=\"text-align:center;\">\r\n	F10，50mm，1/50s，西藏拉萨大昭寺。</p><hr style=\"page-break-after:always;\" class=\"ke-pagebreak\"/><p><br/></p><p>\r\n	买一套地方特色的衣服，尝试融入当地的特色，再加上当地人，这样看起来会很有意思。</p><p><br/></p><p><strong>器材篇：（除了基本的相机和镜头）</strong> </p><p>\r\n	1、三脚架永远是你最好的摄影师。</p><p><img src=\"http://img.sxunt.com/uploads/image/20150105/1420429969.jpg\"/> </p><p>\r\n	有无数的人问我，你的照片真的是自拍的吗？我说是他们还不信。网上有某些自拍摄影师，谎称自拍，其实背后有团队操作运营，而我保证绝对三脚架自拍，这有什么难的？</p><p>\r\n	我\r\n喜欢一个人的旅行，没小伙伴的话必须都靠自己，三脚架比你将机器放在一个物体上的好处是，一，安全性，三脚架能更好地固定机器，保障机器；二，可操作性，\r\n想拍横画幅的照片搁地上没关係，但你想拍竖画幅的照片怎麽招？想仰拍想俯拍又怎麽招？这时候，三脚架应运而生，了不起的人类发明。想怎麽拍就怎麽拍，还可\r\n以调慢速快门闹着玩。</p><p style=\"text-align:center;\"><img src=\"http://img.sxunt.com/uploads/image/20150105/1420428825.jpg\"/>F13,16mm，0.8s，北京地铁站。</p><p>\r\n	地铁站人来人往是拍摄慢门的好地方，但是需要动作快，不然架三脚架会被人赶哦。</p><p>\r\n	2、快门遥控器。<img src=\"http://img.sxunt.com/uploads/image/20150105/1420426397.jpg\"/> </p><p>\r\n	如果说三脚架是你最好的摄影师，那麽快门遥控器就是你自拍最得力的助手。大多数相机的10秒定时令人太尴尬，拍得不好必须得来回几十万遍，就像我苏梅岛拍的这张照片，当时没买遥控器，来回60多遍才出片一张满意的，太纳闷了。</p><p style=\"text-align:center;\"><img src=\"http://img.sxunt.com/uploads/image/20150105/1420426985.jpg\"/>F10，25mm，1/500s，泰国苏梅岛。</p><p>\r\n	后来买了个快门遥控器，去到哪拍到哪，妈妈再也不用担心我跑来跑去了。具体型号不同，线也不同，这麽好的东西淘X有卖、不打广告，谢谢。</p><p><br/></p><p><strong>后期篇：</strong> </p><p>\r\n	1、\r\n本人现阶段习惯先用photoshop进行初步调整，大概地剪裁，修复小细节例如将一些小垃圾P掉之类的。接着再用lightroom进行调色，最后再看\r\n需要个别再用photoshop进行最后的调整。lightroom这个软件调色非常棒，要不然Adobe为甚麽要将它单独再开发成一个软件。纵观来说\r\n嘛，photoshop和lightroom都可以调出同样的效果，但是要保持作品的统一性和风个性，还有一点就是要追求速度的话lightroom是不\r\n二选择。</p><p><img src=\"http://img.sxunt.com/uploads/image/20150105/1420426983.jpg\"/>像这张照片，看起来好像很美的样子，根本无法想象原片是什么样子。</p><p><img src=\"http://img.sxunt.com/uploads/image/20150105/1420430571.jpg\"/>这就是原片，星光稀少，阳台的杂物混乱，不远处的光源复杂影响视觉，因此必须要用photoshop处理一些小的东西。</p><p><img src=\"http://img.sxunt.com/uploads/image/20150105/1420431370.jpg\"/>看，简单粗暴地将阳台黑色框框里面的黄色广告灯牌掩盖成为黑色、将远方的杂光遮盖掉，画面就干净利索多了。</p><hr style=\"page-break-after:always;\" class=\"ke-pagebreak\"/><p><br/></p><p><img src=\"http://img.sxunt.com/uploads/image/20150105/1420431370.jpg\"/>然后觉得星光不够的话，将另外单独的一张星野图与其合并，再导进lightroom进行处理。</p><p><img src=\"http://img.sxunt.com/uploads/image/20150105/1420431260.jpg\"/>越来越接近理想的状态。觉得不够亮再提亮光斑。</p><p><img src=\"http://img.sxunt.com/uploads/image/20150105/1420422650.jpg\"/>加个看不懂的水印，大功告成！伟大的后期！</p><p><img src=\"http://img.sxunt.com/uploads/image/20150105/1420425424.jpg\"/>2、照片风格。这个需要将照片内容和摄影师个人审美以及想表达的内容相结合。</p><p><br/></p><p>\r\n	安全篇：</p><p>\r\n	有\r\n好多朋友都在问，你三脚架放在那边自己跑开了你不怕被人抢走吗？我说，你有见过贼在瞬间可以收好三脚架，啪一声抱着单反和三脚架走掉吗？你回问，三脚架不\r\n要了呗，我想问，贼还有时间去研究怎麽拆云台？确实不放心的话教你一招，在选好点调好参数架好机位之后，请路人帮你按下快门，这也是自拍呀，摄影的技术你\r\n已经运用好了，需要的只是一个能够出力按快门的人呀。这样的话遥控器也省了，还有人帮你看器材哈哈。</p><p><img src=\"http://img.sxunt.com/uploads/image/20150105/1420424842.jpg\"/>F2.8，16mm，1/60s，山西平遥古城。</p><p><br/></p><p><strong>心得篇：</strong> </p><p>\r\n	1、不要觉得自拍是女生的权利，男生不用拍旅行照麽？调整好心态，从艺术摄影创作的角度出发。<img src=\"http://img.sxunt.com/uploads/image/20150105/1420431612.jpg\"/> </p><p style=\"text-align:center;\">\r\n	F4.5，16mm，1/60s，泰国清迈机场。</p><p>\r\n	2、对比女生，男生的肢体动作和服饰相对的会逊色点，但是你可以进行思考创作，例如，男性比较阳刚的动作姿态（图），利用好道具，例如墨镜、背包、车等等。</p><p style=\"text-align:center;\"><img src=\"http://img.sxunt.com/uploads/image/20150105/1420430407.jpg\"/>F13，24mm，1/100s，四川甘孜磨西。</p><p>\r\n	再如宠物。</p><p style=\"text-align:center;\"><img src=\"http://img.sxunt.com/uploads/image/20150105/1420428072.jpg\"/>F5.6，16mm，1/125s，广东东莞虎门。</p><p>\r\n	要相信一点，没有想不出的作品，只有不动脑筋的摄影师。</p><p>\r\n	3、在人多的地方自己对着相机拍照被众人围观，有人觉得好神经质、怕被人笑，这有什麽好笑的，难道有人用相机对着你，然后你在花的旁边摆一下卖蠢装萌的照片人家不笑话你？如果还是怕的话就等人群消散等到海枯石烂再拍呗。</p><p style=\"text-align:center;\"><img src=\"http://img.sxunt.com/uploads/image/20150105/1420427769.jpg\"/>F6.3，24mm，1/80s，马来西亚兰卡威。</p><hr style=\"page-break-after:always;\" class=\"ke-pagebreak\"/><p><br/></p><p>\r\n	当\r\n时一个人在马来西亚兰卡威，中午出去吃饭看见一家餐厅在马路边，光打进去非常漂亮，我在想在这吃顿饭拍张照片也挺好。架好机位后，一老外坐对面对着我笑，\r\n我也对着他笑接着拍好，他说想看看，我很乐意，结果他竖起大拇指。所以说，为什么要怕别人笑，或者别人是赞叹，是佩服你一人旅行的勇气。</p><p>\r\n	4、多尝试多实践始终是出好片的大道理，空有想像不去实践，片子始终都是浮云。</p><p>\r\n	5、\r\n拍摄之前必须得构思好，本篇介绍的旅行自拍偏艺术性，普通的游客照可以理解成为偏纪录性，有人说我就是想拍纪录性的游客照，可以！帮你想个办法，这种照片\r\n无非就是想在有纪念意义的地标建筑和场地合照，你将它当作是专题来做，类似于之前网上很火爆的牵着背向镜头的女朋友的手那组图片，自己思考怎麽拍个系列出\r\n来，好像我这次的旅行。<img src=\"http://img.sxunt.com/uploads/image/20150105/1420430247.jpg\"/> </p><p><img src=\"http://img.sxunt.com/uploads/image/20150105/1420428716.jpg\"/><br/></p><p>\r\n	这样看起来会不会又可以留念而且看起来又不会好捞呢。</p><p><br/></p><p><strong>关键篇：（很重要）</strong> </p><p>\r\n	1、Pose应该怎么摆？这个需要你去看大量的明星照片，将他们的动作据为己有，关键就在于阅片量。</p><p>\r\n	2、构图。这是照片至关重要的元素，构图好不好严重影响照片的质量。最简单的例子。<img src=\"http://img.sxunt.com/uploads/image/20150105/1420428217.jpg\"/> </p><p style=\"text-align:center;\">\r\n	F5.6，105mm，1/160s，西藏纳木错。</p><p>\r\n	黄金比例，学摄影的人都听过，这是亘古不变的构图好方法，拍摄之前必须忖度好站的位置。此外，还有一个小贴士就是，画幅尽量大点，方便后期进行二次构图。</p><p>\r\n	3、\r\n现场洞察力。我认为我个人接触到的摄影，区别于新闻纪实摄影，婚礼、风光之类的摄影，摄影师在拍摄现场的能力和后期能力各占一半，后期的话前面又讲，那另\r\n外一个关键就是现场能力。这个包括洞察力、技术、情绪引导等等，而现场洞察力说白了就是发现美的眼光，觉得哪里好看，哪里拍才会出彩，这种判断基本决定了\r\n你的成片。那如何提高这种能力呢？方法只有一个：多锻炼自己的能力，实践出真知。虽然好文艺，但是这是真理。</p><p><br/></p><p><strong>结尾篇：</strong> </p><p>\r\n	自拍是好玩，上瘾需谨慎，且拍且珍惜。搞得我现在谁拍我都不太愿意，自己拍好自己修图才好。</p><p>\r\n	要拍出与众不同、有感觉的片子，阅片量是关键，从自身的个人审美水平出发，杜绝普通游客照是每一个摄影师的责任。<img src=\"http://img.sxunt.com/uploads/image/20150105/1420426045.jpg\"/> </p><p><br/></p><p>\r\n	自从本帖子发出后，综合了大家的评论，有几点我统一回答一下：</p><p>\r\n	1、\r\n以上照片都是自拍，我都一个人去旅行，没有团队包养我，我也没有钱去支付团队的费用。如果有团队的话，我还可以带多点好看的衣服出去，西装啊皮鞋啊长大衣\r\n啊拍出来效果更好看，而不是来来去去都是速干衣，背心，拖鞋，户外鞋等等。此外，我喜欢夜景，如果有团队的话我可以让他们打灯，也不至于我的自拍晚上都变\r\n了剪影，请问您注意到了吗？</p><p>\r\n	2、关于三脚架被抢的疑惑。必须要看清场景，人多的时候是盗贼作案的好时机，但也是人在互相监督、约束。另外我\r\n当时在张掖丹霞地质公园，遇到好多摄影团，土豪摄影团，一支三脚架的价格比我所有摄影器材还要贵，请问小偷看得起我的吗？但这也是特例。所以等人少的时候\r\n拍摄是最好的。</p><hr style=\"page-break-after:always;\" class=\"ke-pagebreak\"/><p><br/></p><p>\r\n	3、对于自拍的定义，如果您还继续留言说&quot;你这个不是自拍&quot;&quot;我要的是面部表情的照片&quot;之类的话语，那么我前面开头一千字基本白写，还有，您那叫大头贴，也算自拍的一种，并不是所有的自拍都是那些，别再生活在自己对自拍的狭隘看法里，走出去吧亲。</p><p>\r\n	4、\r\n后期是摄影的一部分，哪怕是胶卷时代，摄影师在当时的黑房里做了很多您所不知道的后期处理。后期的风格是摄影师的个人特性，就像作家一样，您喜欢谁的文笔\r\n就看谁的书，道理很简单吧？不喜欢就不买他的书呗，作家也不会因为您不喜欢他的书、不买他的书而改变他的文笔，不然他跟随波逐流的死鱼有什么区别。</p><p>\r\n	5、Stay foolish，stay hungry.--Steve Jobs.</p>', '1472485752', '3', '2130706433');
INSERT INTO `s_admin_log` VALUES ('110', '/admin/article/update?id=20', 'SXUNT修改了表sxunt_article id:20的category : =>攻略,updated_at : 0=>1472485821,status : 0=>1', '1472485821', '3', '2130706433');
INSERT INTO `s_admin_log` VALUES ('111', '/admin/article/update?id=20', 'SXUNT修改了表sxunt_article_data id:20的content : <p style=\"text-align:left;\">\r\n	2014年3 月1日—3月 14 \r\n日，中国著名摄影家王建军携大疆航拍器在美国西部航拍自然风光。期间途径美国加利福尼亚州、亚利桑那州、犹他州、 怀俄明州，地面行程 5032 \r\n公里。此行目的主要是为了试验近来火热的大疆航拍飞行器在风光摄影中的应用场景，也因此拍摄出了许多高质量的航拍图片。<br />\r\n航拍内容包括科罗拉多大峡谷、马蹄湾、鲍威尔湖、鹅颈湾、纪念碑山谷、死马谷、犹他高原岩溶地貌、犹他蘑菇石风蚀地貌、犹他硼砂矿、大提顿山、黄石大提顿牧场雪景等美国西部著名景观。\r\n</p>\r\n<p style=\"text-align:center;\">\r\n	<strong>（以下照片全部为大疆航拍飞行器拍摄）</strong> \r\n</p>\r\n<p style=\"text-align:center;\">\r\n	<br clear=\"all\" />\r\n<img src=\"http://img.sxunt.com/uploads/image/20150103/1420297701.jpg\" title=\"另一种角度之美 王建军航拍美国西部作品\" alt=\"另一种角度之美 王建军航拍美国西部作品\" style=\"border:1px solid Black;\" height=\"547\" align=\"no\" width=\"500\" /><br />\r\n大提顿国家公园<br />\r\nGrand Teton National Park<br />\r\nS800EVO + Sony A7r + Zeiss 35mm/2.8\r\n</p>\r\n<p>\r\n	大提顿国家公园位于美国怀俄明州西北部壮观的冰川山区，1929 年建立，占地1256 平方千米。公园内最高的山峰是大提顿峰，海拔4198 \r\n米，有存留至今的冰川。高耸入云的山巅，覆盖着千年的冰河。1942年美国摄影师安塞尔·伊士顿·亚当斯（Ansel Easton \r\nAdams）在这里创作了一幅反映大提顿自然景观的经典摄影作品。这张空中接片航拍作品，在亚当斯拍摄的相同位置，以无人机航拍的方式，将蜿蜒的蛇河与大\r\n提顿群峰同时纳入画面，以全新的高度延伸了经典。\r\n</p>\r\n<p style=\"text-align:center;\">\r\n	<img src=\"http://img.sxunt.com/uploads/image/20150103/1420291061.jpg\" title=\"另一种角度之美 王建军航拍美国西部作品\" alt=\"另一种角度之美 王建军航拍美国西部作品\" style=\"border:1px solid Black;\" height=\"335\" align=\"no\" width=\"500\" /><br />\r\n马蹄湾<br />\r\nHorseshoe Bend<br />\r\nS1000 + Canon 5D Mark III+ EF 16-35mm/2.8\r\n</p>\r\n<p style=\"text-align:left;\">\r\n	马蹄湾是美国西部风光标志性地标。以往站在地面拍摄，无法拍摄到大地延伸的地平线始终是个遗憾。这张在300多米高度拍摄的马蹄湾可以清晰呈现科罗拉多河\r\n在大地上蜿蜒走向的气势，突出了马蹄湾的方位感，以及其与周边环境地质结构的关系，产生了更大的视觉冲击。下方河面右侧驶过的快艇衬托出了马蹄湾宏大的气\r\n势。\r\n</p>\r\n<p style=\"text-align:center;\">\r\n	<img src=\"http://img.sxunt.com/uploads/image/20150103/1420295330.jpg\" title=\"另一种角度之美 王建军航拍美国西部作品\" alt=\"另一种角度之美 王建军航拍美国西部作品\" style=\"border:1px solid Black;\" height=\"500\" align=\"no\" width=\"500\" /><br />\r\n犹他州高原荒野岩溶地貌－1<br />\r\nUtah<br />\r\nS800EVO + Sony A7r + Zeiss 35mm / 2.8\r\n</p>\r\n<p style=\"text-align:left;\">\r\n	岩溶地貌是具有溶蚀力的水对可溶性岩石（大多为石灰岩）进行溶蚀等作用所形成的地表和地下形态的总称，除溶蚀作用以外，还包括流水的冲蚀、潜蚀，以及坍陷等机械侵蚀过程。这张航拍视角下的犹他高原荒野岩溶地貌像树根般延伸，在地面无法拍摄到这种奇特的景观。\r\n</p>\r\n<p style=\"text-align:center;\">\r\n	<img src=\"http://img.sxunt.com/uploads/image/20150103/1420297116.jpg\" title=\"另一种角度之美 王建军航拍美国西部作品\" alt=\"另一种角度之美 王建军航拍美国西部作品\" style=\"border:1px solid Black;\" height=\"328\" align=\"no\" width=\"500\" /><br />\r\n犹他州高原荒野岩溶地貌－2<br />\r\nUtah<br />\r\nS800EVO + Sony A7r + Zeiss 35mm / 2.8<br />\r\n犹他高原荒野波澜壮阔的岩溶地貌。\r\n</p>\r\n<p style=\"text-align:center;\">\r\n	<img src=\"http://img.sxunt.com/uploads/image/20150103/1420294030.jpg\" title=\"另一种角度之美 王建军航拍美国西部作品\" alt=\"另一种角度之美 王建军航拍美国西部作品\" style=\"border:1px solid Black;\" height=\"237\" align=\"no\" width=\"500\" /><br />\r\n纪念碑山谷<br />\r\nMonument Valley<br />\r\nS800EVO + Sony A7r + Zeiss 35mm / 2.8\r\n</p>\r\n<p style=\"text-align:left;\">\r\n	纪念碑山谷是美国印第安人的保留地，位于亚利桑那州和犹他州的交界处, 在科罗拉多高原上，是一个由砂岩形成的巨型孤峰群区域，其中最大的孤峰高于谷底约300米。这张空中接片展现了纪念碑山谷的宏大气势。\r\n</p>\r\n<a name=\"p4996221\"></a> \r\n<p style=\"text-align:center;\">\r\n	<br clear=\"all\" />\r\n<img style=\"border:1px solid Black;\" alt=\"另一种角度之美 王建军航拍美国西部作品\" title=\"另一种角度之美 王建军航拍美国西部作品\" src=\"http://img.sxunt.com/uploads/image/20150103/1420292234.jpg\" height=\"334\" align=\"no\" width=\"500\" /><br />\r\n抽象的印记\r\n</p>\r\n<hr style=\"page-break-after:always;\" class=\"ke-pagebreak\" />\r\n<br />\r\nWyoming<br />\r\nS800EVO + Sony A7r + Zeiss 35mm / 2.8<br />\r\n一辆红色汽车行驶在洲际公路上。公路旁，牧场羊群走出了一个抽象的印记。\r\n<p>\r\n	<br />\r\n</p>\r\n<p style=\"text-align:center;\">\r\n	<img style=\"border:1px solid Black;\" alt=\"另一种角度之美 王建军航拍美国西部作品\" title=\"另一种角度之美 王建军航拍美国西部作品\" src=\"http://img.sxunt.com/uploads/image/20150103/1420292502.jpg\" height=\"500\" align=\"no\" width=\"500\" /><br />\r\n怀俄明州冬季牧场－1<br />\r\nWyoming<br />\r\nS800EVO + Sony A7r + Zeiss 35mm / 2.8\r\n</p>\r\n<p style=\"text-align:left;\">\r\n	<br />\r\n画面下方如星盘的图形是牧场动物的栖息地，从空中看犹如印第安人的图腾，与远处蜿蜒的蛇河交相呼应。\r\n</p>\r\n<p style=\"text-align:center;\">\r\n	<img style=\"border:1px solid Black;\" alt=\"另一种角度之美 王建军航拍美国西部作品\" title=\"另一种角度之美 王建军航拍美国西部作品\" src=\"http://img.sxunt.com/uploads/image/20150103/1420295898.jpg\" height=\"334\" align=\"no\" width=\"500\" /><br />\r\n怀俄明州冬季牧场－2<br />\r\nWyoming<br />\r\nS800EVO + Sony A7r + Zeiss 35mm / 2.8<br />\r\n牧场动物在雪地中走出的图形。\r\n</p>\r\n<p style=\"text-align:center;\">\r\n	<img style=\"border:1px solid Black;\" alt=\"另一种角度之美 王建军航拍美国西部作品\" title=\"另一种角度之美 王建军航拍美国西部作品\" src=\"http://img.sxunt.com/uploads/image/20150103/1420295408.jpg\" height=\"262\" align=\"no\" width=\"500\" /><br />\r\n犹他州高原硼砂矿<br />\r\nUtah<br />\r\nS800EVO + Sony A7r + Zeiss 35mm / 2.8<br />\r\n犹他州高原硼砂矿，如大地彩绘，空中6张接片。\r\n</p>\r\n<p style=\"text-align:center;\">\r\n	<img style=\"border:1px solid Black;\" alt=\"另一种角度之美 王建军航拍美国西部作品\" title=\"另一种角度之美 王建军航拍美国西部作品\" src=\"http://img.sxunt.com/uploads/image/20150103/1420294790.jpg\" height=\"282\" align=\"no\" width=\"500\" /><br />\r\n鹅颈湾<br />\r\nGoosenecks<br />\r\nS1000 + Canon 5D Mark III+ EF 16-35mm/2.8\r\n</p>\r\n<p style=\"text-align:left;\">\r\n	鹅颈湾峡谷深 1000 \r\n英尺，一共有三个湾势，这绕来绕去的湾势的确就像鹅的脖子一样。由于规模宏大，在地面无法完整拍出这三个湾势。从300米高度拍摄的鹅颈湾，完整呈现了全\r\n部湾势、科罗拉多河的走向以及大地岩层的肌理。画面下方的车辆衬托出了鹅颈湾气势恢宏的壮观场面。\r\n</p>\r\n<p style=\"text-align:center;\">\r\n	<img style=\"border:1px solid Black;\" alt=\"另一种角度之美 王建军航拍美国西部作品\" title=\"另一种角度之美 王建军航拍美国西部作品\" src=\"http://img.sxunt.com/uploads/image/20150103/1420290826.jpg\" height=\"334\" align=\"no\" width=\"500\" /> \r\n</p>\r\n<p style=\"text-align:center;\">\r\n	使用大疆航拍器航拍中的中国著名摄影家王建军\r\n</p>\r\n<p style=\"text-align:left;\">\r\n	通过这次美国西部万里行的实践，检验了大疆创新的无人机航拍技术。航拍飞行器已为专业风光摄影界开创了便捷灵活、安全可靠的全新航拍方式，极大拓展了风光摄影艺术的创作空间和拍摄的可能性。\r\n</p>\r\n<br />=><p style=\"text-align:left;\">&nbsp; &nbsp;\r\n	2014年3 月1日—3月 14 \r\n日，中国著名摄影家王建军携大疆航拍器在美国西部航拍自然风光。期间途径美国加利福尼亚州、亚利桑那州、犹他州、 怀俄明州，地面行程 5032 \r\n公里。此行目的主要是为了试验近来火热的大疆航拍飞行器在风光摄影中的应用场景，也因此拍摄出了许多高质量的航拍图片。<br/>航拍内容包括科罗拉多大峡谷、马蹄湾、鲍威尔湖、鹅颈湾、纪念碑山谷、死马谷、犹他高原岩溶地貌、犹他蘑菇石风蚀地貌、犹他硼砂矿、大提顿山、黄石大提顿牧场雪景等美国西部著名景观。</p><p style=\"text-align:center;\"><strong>（以下照片全部为大疆航拍飞行器拍摄）</strong></p><p style=\"text-align:center;\"><br clear=\"all\"/><img src=\"http://img.sxunt.com/uploads/image/20150103/1420297701.jpg\" title=\"另一种角度之美 王建军航拍美国西部作品\" alt=\"另一种角度之美 王建军航拍美国西部作品\" style=\"border:1px solid Black;\" height=\"547\" align=\"no\" width=\"500\"/><br/>大提顿国家公园<br/>Grand Teton National Park<br/>S800EVO + Sony A7r + Zeiss 35mm/2.8</p><p>&nbsp; &nbsp;\r\n	大提顿国家公园位于美国怀俄明州西北部壮观的冰川山区，1929 年建立，占地1256 平方千米。公园内最高的山峰是大提顿峰，海拔4198 \r\n米，有存留至今的冰川。高耸入云的山巅，覆盖着千年的冰河。1942年美国摄影师安塞尔·伊士顿·亚当斯（Ansel Easton \r\nAdams）在这里创作了一幅反映大提顿自然景观的经典摄影作品。这张空中接片航拍作品，在亚当斯拍摄的相同位置，以无人机航拍的方式，将蜿蜒的蛇河与大\r\n提顿群峰同时纳入画面，以全新的高度延伸了经典。</p><p style=\"text-align:center;\"><img src=\"http://img.sxunt.com/uploads/image/20150103/1420291061.jpg\" title=\"另一种角度之美 王建军航拍美国西部作品\" alt=\"另一种角度之美 王建军航拍美国西部作品\" style=\"border:1px solid Black;\" height=\"335\" align=\"no\" width=\"500\"/><br/>马蹄湾<br/>Horseshoe Bend<br/>S1000 + Canon 5D Mark III+ EF 16-35mm/2.8</p><p style=\"text-align:left;\">&nbsp; &nbsp;\r\n	马蹄湾是美国西部风光标志性地标。以往站在地面拍摄，无法拍摄到大地延伸的地平线始终是个遗憾。这张在300多米高度拍摄的马蹄湾可以清晰呈现科罗拉多河\r\n在大地上蜿蜒走向的气势，突出了马蹄湾的方位感，以及其与周边环境地质结构的关系，产生了更大的视觉冲击。下方河面右侧驶过的快艇衬托出了马蹄湾宏大的气\r\n势。</p><p style=\"text-align:center;\"><img src=\"http://img.sxunt.com/uploads/image/20150103/1420295330.jpg\" title=\"另一种角度之美 王建军航拍美国西部作品\" alt=\"另一种角度之美 王建军航拍美国西部作品\" style=\"border:1px solid Black;\" height=\"500\" align=\"no\" width=\"500\"/><br/>犹他州高原荒野岩溶地貌－1<br/>Utah<br/>S800EVO + Sony A7r + Zeiss 35mm / 2.8</p><p style=\"text-align:left;\">&nbsp; &nbsp;\r\n	岩溶地貌是具有溶蚀力的水对可溶性岩石（大多为石灰岩）进行溶蚀等作用所形成的地表和地下形态的总称，除溶蚀作用以外，还包括流水的冲蚀、潜蚀，以及坍陷等机械侵蚀过程。这张航拍视角下的犹他高原荒野岩溶地貌像树根般延伸，在地面无法拍摄到这种奇特的景观。</p><p style=\"text-align:center;\"><img src=\"http://img.sxunt.com/uploads/image/20150103/1420297116.jpg\" title=\"另一种角度之美 王建军航拍美国西部作品\" alt=\"另一种角度之美 王建军航拍美国西部作品\" style=\"border:1px solid Black;\" height=\"328\" align=\"no\" width=\"500\"/><br/>犹他州高原荒野岩溶地貌－2<br/>Utah<br/>S800EVO + Sony A7r + Zeiss 35mm / 2.8<br/>犹他高原荒野波澜壮阔的岩溶地貌。</p><p style=\"text-align:center;\"><img src=\"http://img.sxunt.com/uploads/image/20150103/1420294030.jpg\" title=\"另一种角度之美 王建军航拍美国西部作品\" alt=\"另一种角度之美 王建军航拍美国西部作品\" style=\"border:1px solid Black;\" height=\"237\" align=\"no\" width=\"500\"/><br/>纪念碑山谷<br/>Monument Valley<br/>S800EVO + Sony A7r + Zeiss 35mm / 2.8</p><p style=\"text-align:left;\">&nbsp; &nbsp;\r\n	纪念碑山谷是美国印第安人的保留地，位于亚利桑那州和犹他州的交界处, 在科罗拉多高原上，是一个由砂岩形成的巨型孤峰群区域，其中最大的孤峰高于谷底约300米。这张空中接片展现了纪念碑山谷的宏大气势。</p><p><a name=\"p4996221\"></a></p><p style=\"text-align:center;\"><br clear=\"all\"/><img style=\"border:1px solid Black;\" alt=\"另一种角度之美 王建军航拍美国西部作品\" title=\"另一种角度之美 王建军航拍美国西部作品\" src=\"http://img.sxunt.com/uploads/image/20150103/1420292234.jpg\" height=\"334\" align=\"no\" width=\"500\"/><br/>抽象的印记</p><hr style=\"page-break-after:always;\" class=\"ke-pagebreak\"/><p><br/>Wyoming<br/>S800EVO + Sony A7r + Zeiss 35mm / 2.8<br/>一辆红色汽车行驶在洲际公路上。公路旁，牧场羊群走出了一个抽象的印记。</p><p><br/></p><p style=\"text-align:center;\"><img style=\"border:1px solid Black;\" alt=\"另一种角度之美 王建军航拍美国西部作品\" title=\"另一种角度之美 王建军航拍美国西部作品\" src=\"http://img.sxunt.com/uploads/image/20150103/1420292502.jpg\" height=\"500\" align=\"no\" width=\"500\"/><br/>怀俄明州冬季牧场－1<br/>Wyoming<br/>S800EVO + Sony A7r + Zeiss 35mm / 2.8</p><p style=\"text-align:left;\"><br/>画面下方如星盘的图形是牧场动物的栖息地，从空中看犹如印第安人的图腾，与远处蜿蜒的蛇河交相呼应。</p><p style=\"text-align:center;\"><img style=\"border:1px solid Black;\" alt=\"另一种角度之美 王建军航拍美国西部作品\" title=\"另一种角度之美 王建军航拍美国西部作品\" src=\"http://img.sxunt.com/uploads/image/20150103/1420295898.jpg\" height=\"334\" align=\"no\" width=\"500\"/><br/>怀俄明州冬季牧场－2<br/>Wyoming<br/>S800EVO + Sony A7r + Zeiss 35mm / 2.8<br/>牧场动物在雪地中走出的图形。</p><p style=\"text-align:center;\"><img style=\"border:1px solid Black;\" alt=\"另一种角度之美 王建军航拍美国西部作品\" title=\"另一种角度之美 王建军航拍美国西部作品\" src=\"http://img.sxunt.com/uploads/image/20150103/1420295408.jpg\" height=\"262\" align=\"no\" width=\"500\"/><br/>犹他州高原硼砂矿<br/>Utah<br/>S800EVO + Sony A7r + Zeiss 35mm / 2.8<br/>犹他州高原硼砂矿，如大地彩绘，空中6张接片。</p><p style=\"text-align:center;\"><img style=\"border:1px solid Black;\" alt=\"另一种角度之美 王建军航拍美国西部作品\" title=\"另一种角度之美 王建军航拍美国西部作品\" src=\"http://img.sxunt.com/uploads/image/20150103/1420294790.jpg\" height=\"282\" align=\"no\" width=\"500\"/><br/>鹅颈湾<br/>Goosenecks<br/>S1000 + Canon 5D Mark III+ EF 16-35mm/2.8</p><p style=\"text-align:left;\">&nbsp; &nbsp;\r\n	鹅颈湾峡谷深 1000 \r\n英尺，一共有三个湾势，这绕来绕去的湾势的确就像鹅的脖子一样。由于规模宏大，在地面无法完整拍出这三个湾势。从300米高度拍摄的鹅颈湾，完整呈现了全\r\n部湾势、科罗拉多河的走向以及大地岩层的肌理。画面下方的车辆衬托出了鹅颈湾气势恢宏的壮观场面。</p><p style=\"text-align:center;\"><img style=\"border:1px solid Black;\" alt=\"另一种角度之美 王建军航拍美国西部作品\" title=\"另一种角度之美 王建军航拍美国西部作品\" src=\"http://img.sxunt.com/uploads/image/20150103/1420290826.jpg\" height=\"334\" align=\"no\" width=\"500\"/></p><p style=\"text-align:center;\">&nbsp; &nbsp;\r\n	使用大疆航拍器航拍中的中国著名摄影家王建军</p><p style=\"text-align:left;\">&nbsp; &nbsp;\r\n	通过这次美国西部万里行的实践，检验了大疆创新的无人机航拍技术。航拍飞行器已为专业风光摄影界开创了便捷灵活、安全可靠的全新航拍方式，极大拓展了风光摄影艺术的创作空间和拍摄的可能性。</p><p><br/></p>', '1472485821', '3', '2130706433');
INSERT INTO `s_admin_log` VALUES ('112', '/admin/article/update?id=19', 'SXUNT修改了表sxunt_article id:19的category : =>器材,updated_at : 0=>1472485882,status : 0=>1', '1472485882', '3', '2130706433');
INSERT INTO `s_admin_log` VALUES ('113', '/admin/article/update?id=19', 'SXUNT修改了表sxunt_article_data id:19的content : <div class=\"article\">\r\n	<p align=\"center\">\r\n		<br clear=\"all\" />\r\n<img src=\"http://img.sxunt.com/uploads/image/20150103/1420289025.jpg\" alt=\"\" /><br />\r\n<strong>相关新闻图片截图</strong> \r\n	</p>\r\n	<p>\r\n		据传闻，他们打算发布的新型镜头数量非常可观，而且具体的发布时间应该会在1月初到2月中旬左右，具体为：\r\n	</p>\r\n	<p>\r\n		24mm f /1.4 DG<br />\r\n85mm f /1.4 DG<br />\r\n135mm f /1.8（或f/2） DG<br />\r\n12-24mm f/ 2.8 DC<br />\r\n14-24mm f/4 DG OS<br />\r\n16-20mm f /2 DG）<br />\r\n24-70mm f / 2 DG<br />\r\n300-600mm f/？\r\n	</p>\r\n	<p>\r\n		另外，关于85mm f / 1.4规格镜头。或许也正在开发中。这一经典规格镜头，适马之前在2010年左右曾经推出过，但市场反响一般。而如果推出85mm f / 1.4Art镜头，或许它们希望它的画质能够与蔡司85mm Otus镜头对比。\r\n	</p>\r\n	<p>\r\n		<strong><strong>·</strong>编辑观点：<br />\r\n<br />\r\n</strong> 虽然目前尚不了解适马推出相关镜头新品的消息，但根据之前的消息总体数量来判断，明年内适马推出的新镜头数量可能会在8-10款左右。\r\n	</p>\r\n	<p>\r\n		<strong>·扩展阅读：</strong><br />\r\n<br />\r\n适马发布最新Photo Pro 6.2.0后期软件<br />\r\nA口新选 适马最新50 1.4头海外市场开卖<br />\r\n适马宣布发售A卡口50mm F1.4 DG HSM镜头<br />\r\n黑科技生态新镜 适马150-600 S实拍图赏<br />\r\n民用大变焦新镜 适马18-300mm实拍样张\r\n	</p>\r\n</div>=><p style=\"text-align:center;\"><br clear=\"all\"/><img src=\"http://img.sxunt.com/uploads/image/20150103/1420289025.jpg\" alt=\"\"/><br/><strong>相关新闻图片截图</strong></p><p>&nbsp; &nbsp;\r\n		据传闻，他们打算发布的新型镜头数量非常可观，而且具体的发布时间应该会在1月初到2月中旬左右，具体为：</p><p>&nbsp; &nbsp;\r\n		24mm f /1.4 DG<br/>85mm f /1.4 DG<br/>135mm f /1.8（或f/2） DG<br/>12-24mm f/ 2.8 DC<br/>14-24mm f/4 DG OS<br/>16-20mm f /2 DG）<br/>24-70mm f / 2 DG<br/>300-600mm f/？</p><p>&nbsp; &nbsp;\r\n		另外，关于85mm f / 1.4规格镜头。或许也正在开发中。这一经典规格镜头，适马之前在2010年左右曾经推出过，但市场反响一般。而如果推出85mm f / 1.4Art镜头，或许它们希望它的画质能够与蔡司85mm Otus镜头对比。</p><p><strong><strong>·</strong>编辑观点：<br/><br/></strong> 虽然目前尚不了解适马推出相关镜头新品的消息，但根据之前的消息总体数量来判断，明年内适马推出的新镜头数量可能会在8-10款左右。</p><p><strong>·扩展阅读：</strong><br/><br/>适马发布最新Photo Pro 6.2.0后期软件<br/>A口新选 适马最新50 1.4头海外市场开卖<br/>适马宣布发售A卡口50mm F1.4 DG HSM镜头<br/>黑科技生态新镜 适马150-600 S实拍图赏<br/>民用大变焦新镜 适马18-300mm实拍样张</p>', '1472485882', '3', '2130706433');
INSERT INTO `s_admin_log` VALUES ('114', '/admin/article/update?id=18', 'SXUNT修改了表sxunt_article id:18的category : =>器材,updated_at : 0=>1472485951,status : 0=>1', '1472485951', '3', '2130706433');
INSERT INTO `s_admin_log` VALUES ('115', '/admin/article/update?id=18', 'SXUNT修改了表sxunt_article_data id:18的content : <p>\r\n	<span><img src=\"http://img.sxunt.com/uploads/image/20150102/1420187308.jpg\" alt=\"\" /><img src=\"http://img.sxunt.com/uploads/image/20150102/1420186196.jpg\" alt=\"\" /><img src=\"http://img.sxunt.com/uploads/image/20150102/1420180976.jpg\" alt=\"\" /><img src=\"http://img.sxunt.com/uploads/image/20150102/1420186146.jpg\" alt=\"\" /><img src=\"http://img.sxunt.com/uploads/image/20150102/1420189385.jpg\" alt=\"\" /><img src=\"http://img.sxunt.com/uploads/image/20150102/1420185388.jpg\" alt=\"\" /><img src=\"http://img.sxunt.com/uploads/image/20150102/1420183122.jpg\" alt=\"\" /><img src=\"http://img.sxunt.com/uploads/image/20150102/1420187788.jpg\" alt=\"\" /><img src=\"http://img.sxunt.com/uploads/image/20150102/1420183708.jpg\" alt=\"\" /><img src=\"http://img.sxunt.com/uploads/image/20150102/1420189402.jpg\" alt=\"\" /><img src=\"http://img.sxunt.com/uploads/image/20150102/1420181108.jpg\" alt=\"\" /><img src=\"http://img.sxunt.com/uploads/image/20150102/1420185975.jpg\" alt=\"\" /><img src=\"http://img.sxunt.com/uploads/image/20150102/1420181216.jpg\" alt=\"\" /><img src=\"http://img.sxunt.com/uploads/image/20150102/1420180431.jpg\" alt=\"\" /><img src=\"http://img.sxunt.com/uploads/image/20150102/1420183370.jpg\" alt=\"\" /><br />\r\n</span> \r\n</p>=><p><img src=\"http://img.sxunt.com/uploads/image/20150102/1420187308.jpg\" alt=\"\"/><img src=\"http://img.sxunt.com/uploads/image/20150102/1420186196.jpg\" alt=\"\"/><img src=\"http://img.sxunt.com/uploads/image/20150102/1420180976.jpg\" alt=\"\"/><img src=\"http://img.sxunt.com/uploads/image/20150102/1420186146.jpg\" alt=\"\"/><img src=\"http://img.sxunt.com/uploads/image/20150102/1420189385.jpg\" alt=\"\"/><img src=\"http://img.sxunt.com/uploads/image/20150102/1420185388.jpg\" alt=\"\"/><img src=\"http://img.sxunt.com/uploads/image/20150102/1420183122.jpg\" alt=\"\"/><img src=\"http://img.sxunt.com/uploads/image/20150102/1420187788.jpg\" alt=\"\"/><img src=\"http://img.sxunt.com/uploads/image/20150102/1420183708.jpg\" alt=\"\"/><img src=\"http://img.sxunt.com/uploads/image/20150102/1420189402.jpg\" alt=\"\"/><img src=\"http://img.sxunt.com/uploads/image/20150102/1420181108.jpg\" alt=\"\"/><img src=\"http://img.sxunt.com/uploads/image/20150102/1420185975.jpg\" alt=\"\"/><img src=\"http://img.sxunt.com/uploads/image/20150102/1420181216.jpg\" alt=\"\"/><img src=\"http://img.sxunt.com/uploads/image/20150102/1420180431.jpg\" alt=\"\"/><img src=\"http://img.sxunt.com/uploads/image/20150102/1420183370.jpg\" alt=\"\"/><br/> </p>', '1472485951', '3', '2130706433');
INSERT INTO `s_admin_log` VALUES ('116', '/admin/article/update?id=17', 'SXUNT修改了表sxunt_article id:17的category : =>器材,updated_at : 0=>1472486002,status : 0=>1', '1472486002', '3', '2130706433');
INSERT INTO `s_admin_log` VALUES ('117', '/admin/article/update?id=17', 'SXUNT修改了表sxunt_article_data id:17的content : <p align=\"center\">\r\n	<span><img src=\"http://img.sxunt.com/uploads/image/20150102/1420184177.jpg\" alt=\"\" /><br />\r\n</span> \r\n</p>\r\n<p>\r\n	<span>福伦达HELIAR 40mm F2.8 \r\nVM新镜成为了目前FE卡口镜头的最新选择，作为一款德系品牌手动镜头新品，它的体积轻便、光学结构先进。我们一起来今天欣赏一下此镜头的实际拍摄样张。</span> \r\n</p>\r\n<p>\r\n	<span><br />\r\n</span> \r\n</p>\r\n<p>\r\n	<span>这款镜头看上去不但体积轻便，而且质感十足，镜筒看上去非常纤细，相信在做工方面能够满足我们的需求。而它的物理卡口虽然为索尼卡口，但是实际上它\r\n也可以使用索尼的全画幅微单相机上，具体为FE卡口。从具体参数上看，该镜头采用3组5片式光学结构，10叶片圆形光圈，最近对焦距离0.5m，重\r\n132g，滤镜口径52mm。</span> \r\n</p>=><p style=\"text-align:center;\"><img src=\"http://img.sxunt.com/uploads/image/20150102/1420184177.jpg\" alt=\"\"/><br/> </p><p>福伦达HELIAR 40mm F2.8 \r\nVM新镜成为了目前FE卡口镜头的最新选择，作为一款德系品牌手动镜头新品，它的体积轻便、光学结构先进。我们一起来今天欣赏一下此镜头的实际拍摄样张。</p><p><br/> </p><p>这款镜头看上去不但体积轻便，而且质感十足，镜筒看上去非常纤细，相信在做工方面能够满足我们的需求。而它的物理卡口虽然为索尼卡口，但是实际上它\r\n也可以使用索尼的全画幅微单相机上，具体为FE卡口。从具体参数上看，该镜头采用3组5片式光学结构，10叶片圆形光圈，最近对焦距离0.5m，重\r\n132g，滤镜口径52mm。</p>', '1472486002', '3', '2130706433');
INSERT INTO `s_admin_log` VALUES ('118', '/admin/article/update?id=8', 'SXUNT修改了表sxunt_article id:8的category : =>影赛,updated_at : 0=>1472486096,status : 0=>1', '1472486096', '3', '2130706433');
INSERT INTO `s_admin_log` VALUES ('119', '/admin/article/update?id=8', 'SXUNT修改了表sxunt_article_data id:8的content : <p>\r\n	<strong>关于第9届“人类贡献奖”（HPA2015）的几个重要信息</strong> \r\n</p>\r\n<p>\r\n	1.&nbsp;征稿日期：2014年9月16日-2015年4月15日<br />\r\n2.&nbsp;征稿形式：网络注册投稿。登陆年赛官网<a href=\"http://2015.hpa.org.cn\">http://2015.hpa.org.cn</a>，注册并上传参赛作品。<br />\r\n3.&nbsp;征集组照：8-14幅/组，每人限投3组<br />\r\n4.&nbsp;参赛咨询：86 10 82035418；1623239822（QQ）；web@hpa.org.cn\r\n</p>\r\n<p>\r\n	国际民俗摄影“人类贡献奖”年赛（Humanity Photo Awards \r\n，简称HPA）由中国民俗摄影协会于1998年创办，并与联合国教科文组织共同主办至今。历经16年共8届赛事，HPA以其在世界多元文化领域的唯一性、\r\n权威性和不可复制性在国际摄影赛事中独树一帜。\r\n</p>\r\n<p>\r\n	<strong>用摄影记录民俗事象</strong> \r\n</p>\r\n<p>\r\n	HPA历经16年共8届赛事，已拥有153个注册成员国，吸引了来自137个国家和地区的摄影师参赛，累计16031人次参赛，真实、生动、深刻地记录了\r\n167个国家和地区独具特色、丰富多彩的民俗事像以及它们的沿革与变迁，为世界留存了一个蔚为大观的多元文化图片库。\r\n</p>\r\n<p>\r\n	<strong>用图片故事分享民俗文化</strong> \r\n</p>\r\n<p>\r\n	只征集“组照”，用图片故事分享民俗文化，是HPA与其它摄影赛事的最大区别，这一传统从创办延续至今，充分体现了民俗摄影必须“深入采访，系列报道，小题大做”的采访特色，和对民俗摄影师的“高标准、严要求”。<br />\r\n规格更高，意义更大，责任更重\r\n</p>\r\n<p>\r\n	HPA正在迈入新的发展历程，从圆满结束的第8届HPA颁奖盛典开始至第12届HPA（2021年）已经被列入《联合国文化和睦国际十年\r\n（2013-2022）计划》的整体规划中。让世界民俗影像承担起人类多元文化记录、传播、交流和共享的责任，推动文化多样性的繁荣和发展！\r\n</p>\r\n<p>\r\n	欢迎注册参赛！\r\n</p>\r\n<p align=\"center\">\r\n	<a href=\"http://sai.fengniao.com/495/pic_4954140_1.html\"><br clear=\"all\" />\r\n<img src=\"http://img.sxunt.com/uploads/image/20141229/1419836043.jpg\" alt=\"\" /></a> \r\n</p>\r\n<p align=\"center\">\r\n	<strong>第9届国际民俗摄影“人类贡献奖”年赛参赛章程</strong> \r\n</p>\r\n<p align=\"center\">\r\n	<strong> </strong> \r\n</p>\r\n<p>\r\n	<br />\r\n</p>\r\n<p>\r\n	<strong>年赛宗旨</strong> \r\n</p>\r\n<p>\r\n	号召全世界每一位有责任心、尊重生命、热爱生活的人士端起相机，以专题系列摄影的手段：发掘、抢救各民族濒临消逝的民俗事象。\r\n</p>\r\n<p>\r\n	真实、生动、深刻地记录当今世界各民族民俗事象的沿革与变迁。\r\n</p>\r\n<p>\r\n	记录、传播、共享多元文化，加强人类交流和理解，促进世界和平与发展。\r\n</p>\r\n<p>\r\n	为世界民俗图库博物馆汇集全球文化的记录。\r\n</p>\r\n<p>\r\n	<strong>年赛主办</strong> \r\n</p>\r\n<p>\r\n	中国民俗摄影协会（CFPA）联合国教科文组织（UNESCO）\r\n</p>\r\n<p>\r\n	<strong>年赛日程</strong> \r\n</p>\r\n<p>\r\n	征稿日期：2014年9月16日—2015年4月15日。<br />\r\n评选：2015年7月中旬之前，经初、复评、终审产生全部奖项。记录奖、提名奖，将分阶段在<a href=\"http://www.hpa.org.cn\">http://www.hpa.org.cn</a> 公布，终审评委特别奖、文献奖、大奖，将在颁奖典礼现场揭晓。\r\n</p>\r\n<p>\r\n	颁奖：2015年9月16日举办隆重的颁奖典礼。\r\n</p>\r\n<p>\r\n	<strong>征稿类别</strong> \r\n</p>\r\n<p>\r\n	请在下列征稿类别中自由选择，并以组照（每组8-14幅）的形式参赛。\r\n</p>\r\n<p>\r\n	人物服饰类:\r\n</p>\r\n<p>\r\n	不同民族的服装和饰物，如常服、礼服、冠履、佩饰、发式等，以及服装和饰物的制作，服饰的穿着礼仪、禁忌等独特的服饰习俗。\r\n</p>\r\n<p>\r\n	建筑文化类:\r\n</p>\r\n<p>\r\n	传统民居建筑、公共设施、特色建筑（如宗教建筑）的修建过程、建筑结构、室内格局及各类家具装饰等，不同地域建筑与周边环境的关系，不同民族的居住习惯\r\n</p>\r\n<p>\r\n	生活习俗类:\r\n</p>\r\n<p>\r\n	最寻常的日常起居习惯，比如饮食方式、食品制作，比如清洁方式与禁忌；不同地区的生态意识、教育形态、民间医药等；某一地区、民族或部落的综合、系列生活习俗。\r\n</p>\r\n<p>\r\n	生产商贸类\r\n</p>\r\n<p>\r\n	适合于一定生态环境的传统生产方式，如捕鱼、狩猎、农业、林业、养殖等，以及对各种物质材料进行加工的手工业、民间工艺，为便利生活提供的服务业，对产品进行运输、交易的商贸活动等。\r\n</p>\r\n<hr style=\"page-break-after:always;\" class=\"ke-pagebreak\" />\r\n<p>\r\n	节庆活动类:\r\n</p>\r\n<p>\r\n	各种生产性、季节性、文娱性节日，宗教庆典，庙会等，以及节日中的各民族传统体育竞技活动，游艺娱乐习俗，音乐、舞蹈、戏剧等，尤其要体现出它们在乡里、民族交往中的积极作用。\r\n</p>\r\n<p>\r\n	传统礼仪类:\r\n</p>\r\n<p>\r\n	诞生、成年、婚嫁、丧葬、道德、敬老等传统礼仪，家庭与个人喜庆、村落与家族典礼，崇拜、禁忌、民间宗教仪式等。\r\n</p>\r\n<p>\r\n	<strong>奖项设置</strong> \r\n</p>\r\n<p align=\"center\">\r\n	<img src=\"http://img.sxunt.com/uploads/image/20141229/1419836292.png\" alt=\"\" /> \r\n</p>\r\n<p>\r\n	①依据评审原则，共设5级奖项，依次为：G大奖，D文献奖，S终审评委特别奖，N提名奖，P记录奖。<br />\r\n②③所有获奖者均享受尊贵邀请，参加3-6天的颁奖典礼系列活动。<br />\r\n④依据本届获奖者分布划定补贴区域，衡量注册地至颁奖地常规交通工具的最基本费用，为享受该待遇的获奖者提供交通补贴。获奖者抵达颁奖地后，在组委会规定的时效及限额内，以实名票据报销。<br />\r\n⑤按“征稿类别”所列六类专题，各设大奖1名，允许空缺。评选标准：摄影技艺、文献史料价值及拍摄难度三方面综合水平较高，且最能体现“人类贡献奖”年赛宗旨。<br />\r\n⑥⑦依据组照的故事性、拍摄者的采访及编辑技巧等原则，终审评委将在提名奖中遴选出若干名终审评委特别奖，以资鼓励，其获奖者也将获得交通补贴。提名奖的最终名额为上限100名减去终审评委特别奖的若干名。<br />\r\n⑧为鼓励阿拉伯国家、非洲、拉丁美洲和加勒比海地区的摄影师记录本土文化，上述地区的本届提名奖作者将有获得交通补贴的机会。\r\n</p>\r\n<p>\r\n	只有参加颁奖典礼及系列活动的获奖者才能获得交通补贴。\r\n</p>\r\n<p>\r\n	前往颁奖地的签证由获奖者自行办理、费用自付，主办方会给予力所能及的协助，但不对任何可能导致的签证问题负责。\r\n</p>\r\n<p>\r\n	获奖作品均有机会由HPA宣传DVD、当届年赛出版物收录，出席典礼的获奖者均获颁纸质获奖证书、获赠当届年赛出版物。\r\n</p>\r\n<p>\r\n	所有获奖者、参赛者请于2016年9月16日前登录，下载电子获奖证书、参赛纪念证。\r\n</p>\r\n<p>\r\n	<strong>参赛规则</strong>仔细阅读，按要求参赛。\r\n</p>\r\n<p>\r\n	<strong>有关参赛者：</strong> \r\n</p>\r\n<p>\r\n	1、采用网上投稿方式。请参赛者登录年赛官方网站<a href=\"http://2015.hpa.org.cn\">http://2015.hpa.org.cn</a>，注册并上传参赛作品，请使用中文或英文填写信息。<br />\r\n2、注册时所填“姓名”须与有效身份证件相符，不接受“艺名”、“笔名”等非真实姓名的署名要求。<br />\r\n3、参赛者无专业、性别、年龄、民族、国家与地区等限制。<br />\r\n4、参赛者必须是照片的拍摄者本人，否则取消获奖资格。<br />\r\n5、不得以两人或两人以上名义参赛。<br />\r\n6、凡参赛者，即确认接受本届年赛全部章程，并已合法解决参赛作品内容所涉名誉权、肖像权、隐私权、商标权、商号权及其他合法权益。<br />\r\n7、本届年赛评审团、工作组成员作品不得参赛。<br />\r\n有关参赛作品：<br />\r\n8、除历届“人类贡献奖”年赛的获奖作品外，其他展览或比赛中的获奖作品均可参赛。<br />\r\n9、参赛作品内容无国家、民族限定（可以拍摄一个国家的多个民族，也可以是在不同国家拍摄的同一个民族）。<br />\r\n10、参赛作品无拍摄时间限制，一次拍摄或多年连续拍摄均可。<br />\r\n11、参赛类别自选，主办方和评审团不负责调换类别。<br />\r\n12、参赛者每人限送组照作品3组，每组不少于8幅，不超过14幅。<br />\r\n13、本届比赛只接受指定网站传输的数字文件，参赛作品为JPG格式，每幅图片1-4兆。<br />\r\n14、参赛作品可使用软件在不改变作品原貌的情况下做必要的后期处理，不得做合成、添加、删除、大幅度改变色彩等技术处理，不得以添加边框、背景等形式对电子图像进行变相装裱。为保证记录的真实性，凡合成照、拼贴照、特技照不予参评。<br />\r\n15、参赛作品须附以内容真实的文字说明。\r\n</p>\r\n<p>\r\n	<strong>主办者申明：</strong> \r\n</p>\r\n<p>\r\n	16、本届年赛不收参赛费。<br />\r\n17、为保证评选公正，参赛者的个人信息不得出现在图片的说明文字中和图片的任何位置上，违反者不予参评。<br />\r\n18、在尊重作者署名权的原则下，主办单位有权在“人类贡献奖”年赛相关非商业性的宣传推广活动中（包括出版物、展览、影视节目、网络、电子媒体等）无偿、重复使用作者姓名及参赛作品和说明，并可能对后者进行必要的剪辑和修改。<br />\r\n19、参赛作品必须在2015年4月15日前，通过指定网站完成上传（以主办方完整收到为准）。<br />\r\n20、最终解释权归中国民俗摄影协会。\r\n</p>\r\n<p>\r\n	<strong>参赛咨询</strong> \r\n</p>\r\n<p>\r\n	<span style=\"color:#99BB00;\"><strong>中国民俗摄影协会</strong></span><br />\r\nQQ：1623239822<br />\r\n电话：010-62250403<br />\r\n电子信箱：web@hpa.org.cn\r\n</p>=><p><strong>关于第9届“人类贡献奖”（HPA2015）的几个重要信息</strong> </p><p>\r\n	1.&nbsp;征稿日期：2014年9月16日-2015年4月15日<br/>2.&nbsp;征稿形式：网络注册投稿。登陆年赛官网<a href=\"http://2015.hpa.org.cn\">http://2015.hpa.org.cn</a>，注册并上传参赛作品。<br/>3.&nbsp;征集组照：8-14幅/组，每人限投3组<br/>4.&nbsp;参赛咨询：86 10 82035418；1623239822（QQ）；web@hpa.org.cn</p><p>\r\n	国际民俗摄影“人类贡献奖”年赛（Humanity Photo Awards \r\n，简称HPA）由中国民俗摄影协会于1998年创办，并与联合国教科文组织共同主办至今。历经16年共8届赛事，HPA以其在世界多元文化领域的唯一性、\r\n权威性和不可复制性在国际摄影赛事中独树一帜。</p><p><strong>用摄影记录民俗事象</strong> </p><p>\r\n	HPA历经16年共8届赛事，已拥有153个注册成员国，吸引了来自137个国家和地区的摄影师参赛，累计16031人次参赛，真实、生动、深刻地记录了\r\n167个国家和地区独具特色、丰富多彩的民俗事像以及它们的沿革与变迁，为世界留存了一个蔚为大观的多元文化图片库。</p><p><strong>用图片故事分享民俗文化</strong> </p><p>\r\n	只征集“组照”，用图片故事分享民俗文化，是HPA与其它摄影赛事的最大区别，这一传统从创办延续至今，充分体现了民俗摄影必须“深入采访，系列报道，小题大做”的采访特色，和对民俗摄影师的“高标准、严要求”。<br/>规格更高，意义更大，责任更重</p><p>\r\n	HPA正在迈入新的发展历程，从圆满结束的第8届HPA颁奖盛典开始至第12届HPA（2021年）已经被列入《联合国文化和睦国际十年\r\n（2013-2022）计划》的整体规划中。让世界民俗影像承担起人类多元文化记录、传播、交流和共享的责任，推动文化多样性的繁荣和发展！</p><p>\r\n	欢迎注册参赛！</p><p style=\"text-align:center;\"><a href=\"http://sai.fengniao.com/495/pic_4954140_1.html\"><br clear=\"all\"/><img src=\"http://img.sxunt.com/uploads/image/20141229/1419836043.jpg\" alt=\"\"/></a> </p><p style=\"text-align:center;\"><strong>第9届国际民俗摄影“人类贡献奖”年赛参赛章程</strong> </p><p style=\"text-align:center;\"><strong> </strong> </p><p><br/></p><p><strong>年赛宗旨</strong> </p><p>\r\n	号召全世界每一位有责任心、尊重生命、热爱生活的人士端起相机，以专题系列摄影的手段：发掘、抢救各民族濒临消逝的民俗事象。</p><p>\r\n	真实、生动、深刻地记录当今世界各民族民俗事象的沿革与变迁。</p><p>\r\n	记录、传播、共享多元文化，加强人类交流和理解，促进世界和平与发展。</p><p>\r\n	为世界民俗图库博物馆汇集全球文化的记录。</p><p><strong>年赛主办</strong> </p><p>\r\n	中国民俗摄影协会（CFPA）联合国教科文组织（UNESCO）</p><p><strong>年赛日程</strong> </p><p>\r\n	征稿日期：2014年9月16日—2015年4月15日。<br/>评选：2015年7月中旬之前，经初、复评、终审产生全部奖项。记录奖、提名奖，将分阶段在<a href=\"http://www.hpa.org.cn\">http://www.hpa.org.cn</a> 公布，终审评委特别奖、文献奖、大奖，将在颁奖典礼现场揭晓。</p><p>\r\n	颁奖：2015年9月16日举办隆重的颁奖典礼。</p><p><strong>征稿类别</strong> </p><p>\r\n	请在下列征稿类别中自由选择，并以组照（每组8-14幅）的形式参赛。</p><p>\r\n	人物服饰类:</p><p>\r\n	不同民族的服装和饰物，如常服、礼服、冠履、佩饰、发式等，以及服装和饰物的制作，服饰的穿着礼仪、禁忌等独特的服饰习俗。</p><p>\r\n	建筑文化类:</p><p>\r\n	传统民居建筑、公共设施、特色建筑（如宗教建筑）的修建过程、建筑结构、室内格局及各类家具装饰等，不同地域建筑与周边环境的关系，不同民族的居住习惯</p><p>\r\n	生活习俗类:</p><p>\r\n	最寻常的日常起居习惯，比如饮食方式、食品制作，比如清洁方式与禁忌；不同地区的生态意识、教育形态、民间医药等；某一地区、民族或部落的综合、系列生活习俗。</p><p>\r\n	生产商贸类</p><p>\r\n	适合于一定生态环境的传统生产方式，如捕鱼、狩猎、农业、林业、养殖等，以及对各种物质材料进行加工的手工业、民间工艺，为便利生活提供的服务业，对产品进行运输、交易的商贸活动等。</p><hr style=\"page-break-after:always;\" class=\"ke-pagebreak\"/><p>\r\n	节庆活动类:</p><p>\r\n	各种生产性、季节性、文娱性节日，宗教庆典，庙会等，以及节日中的各民族传统体育竞技活动，游艺娱乐习俗，音乐、舞蹈、戏剧等，尤其要体现出它们在乡里、民族交往中的积极作用。</p><p>\r\n	传统礼仪类:</p><p>\r\n	诞生、成年、婚嫁、丧葬、道德、敬老等传统礼仪，家庭与个人喜庆、村落与家族典礼，崇拜、禁忌、民间宗教仪式等。</p><p><strong>奖项设置</strong> </p><p style=\"text-align:center;\"><img src=\"http://img.sxunt.com/uploads/image/20141229/1419836292.png\" alt=\"\"/> </p><p>\r\n	①依据评审原则，共设5级奖项，依次为：G大奖，D文献奖，S终审评委特别奖，N提名奖，P记录奖。<br/>②③所有获奖者均享受尊贵邀请，参加3-6天的颁奖典礼系列活动。<br/>④依据本届获奖者分布划定补贴区域，衡量注册地至颁奖地常规交通工具的最基本费用，为享受该待遇的获奖者提供交通补贴。获奖者抵达颁奖地后，在组委会规定的时效及限额内，以实名票据报销。<br/>⑤按“征稿类别”所列六类专题，各设大奖1名，允许空缺。评选标准：摄影技艺、文献史料价值及拍摄难度三方面综合水平较高，且最能体现“人类贡献奖”年赛宗旨。<br/>⑥⑦依据组照的故事性、拍摄者的采访及编辑技巧等原则，终审评委将在提名奖中遴选出若干名终审评委特别奖，以资鼓励，其获奖者也将获得交通补贴。提名奖的最终名额为上限100名减去终审评委特别奖的若干名。<br/>⑧为鼓励阿拉伯国家、非洲、拉丁美洲和加勒比海地区的摄影师记录本土文化，上述地区的本届提名奖作者将有获得交通补贴的机会。</p><p>\r\n	只有参加颁奖典礼及系列活动的获奖者才能获得交通补贴。</p><p>\r\n	前往颁奖地的签证由获奖者自行办理、费用自付，主办方会给予力所能及的协助，但不对任何可能导致的签证问题负责。</p><p>\r\n	获奖作品均有机会由HPA宣传DVD、当届年赛出版物收录，出席典礼的获奖者均获颁纸质获奖证书、获赠当届年赛出版物。</p><p>\r\n	所有获奖者、参赛者请于2016年9月16日前登录，下载电子获奖证书、参赛纪念证。</p><p><strong>参赛规则</strong>仔细阅读，按要求参赛。</p><p><strong>有关参赛者：</strong> </p><p>\r\n	1、采用网上投稿方式。请参赛者登录年赛官方网站<a href=\"http://2015.hpa.org.cn\">http://2015.hpa.org.cn</a>，注册并上传参赛作品，请使用中文或英文填写信息。<br/>2、注册时所填“姓名”须与有效身份证件相符，不接受“艺名”、“笔名”等非真实姓名的署名要求。<br/>3、参赛者无专业、性别、年龄、民族、国家与地区等限制。<br/>4、参赛者必须是照片的拍摄者本人，否则取消获奖资格。<br/>5、不得以两人或两人以上名义参赛。<br/>6、凡参赛者，即确认接受本届年赛全部章程，并已合法解决参赛作品内容所涉名誉权、肖像权、隐私权、商标权、商号权及其他合法权益。<br/>7、本届年赛评审团、工作组成员作品不得参赛。<br/>有关参赛作品：<br/>8、除历届“人类贡献奖”年赛的获奖作品外，其他展览或比赛中的获奖作品均可参赛。<br/>9、参赛作品内容无国家、民族限定（可以拍摄一个国家的多个民族，也可以是在不同国家拍摄的同一个民族）。<br/>10、参赛作品无拍摄时间限制，一次拍摄或多年连续拍摄均可。<br/>11、参赛类别自选，主办方和评审团不负责调换类别。<br/>12、参赛者每人限送组照作品3组，每组不少于8幅，不超过14幅。<br/>13、本届比赛只接受指定网站传输的数字文件，参赛作品为JPG格式，每幅图片1-4兆。<br/>14、参赛作品可使用软件在不改变作品原貌的情况下做必要的后期处理，不得做合成、添加、删除、大幅度改变色彩等技术处理，不得以添加边框、背景等形式对电子图像进行变相装裱。为保证记录的真实性，凡合成照、拼贴照、特技照不予参评。<br/>15、参赛作品须附以内容真实的文字说明。</p><p><strong>主办者申明：</strong> </p><p>\r\n	16、本届年赛不收参赛费。<br/>17、为保证评选公正，参赛者的个人信息不得出现在图片的说明文字中和图片的任何位置上，违反者不予参评。<br/>18、在尊重作者署名权的原则下，主办单位有权在“人类贡献奖”年赛相关非商业性的宣传推广活动中（包括出版物、展览、影视节目、网络、电子媒体等）无偿、重复使用作者姓名及参赛作品和说明，并可能对后者进行必要的剪辑和修改。<br/>19、参赛作品必须在2015年4月15日前，通过指定网站完成上传（以主办方完整收到为准）。<br/>20、最终解释权归中国民俗摄影协会。</p><p><strong>参赛咨询</strong> </p><p><span style=\"color:#99BB00;\"><strong>中国民俗摄影协会</strong></span><br/>QQ：1623239822<br/>电话：010-62250403<br/>电子信箱：web@hpa.org.cn</p>', '1472486096', '3', '2130706433');
INSERT INTO `s_admin_log` VALUES ('120', '/admin/article/update?id=7', 'SXUNT修改了表sxunt_article id:7的category : =>器材,updated_at : 0=>1472486165,status : 0=>1', '1472486165', '3', '2130706433');
INSERT INTO `s_admin_log` VALUES ('121', '/admin/article/update?id=7', 'SXUNT修改了表sxunt_article_data id:7的content : <p>\r\n	<img src=\"http://img.sxunt.com/uploads/image/20141229/1419831800.jpg\" alt=\"\" /> \r\n</p>\r\n<p>\r\n	<span>虽然目前此镜头看似要推迟上市，但依然吸引了不少富士用户的\r\n眼光。我们在今天与读者们分享此镜头的实际拍摄样张，从另外一个角度了解一下此镜头的实际表现。&nbsp;&nbsp;&nbsp; \r\n该镜头是一种适合富士X系列无反相机使用的自动对焦镜头，并具有相当于85mm(等效35mm焦距)以及F1.2超大光圈设计，从规格上看，它属于“人像\r\n利器”。此在光学结构中加入了一片APD变迹滤镜（Apodization Filter）。而且，XF 56mm F1.2 R \r\nAPD镜头还使用了双光圈设计，而当中一片 APD 滤镜最特别之处是会令光线从中央至边缘逐渐减弱（圆形渐变灰），目的是令到虚化部份的过渡更加柔和。</span> \r\n</p>\r\n<p>\r\n	<br />\r\n</p>=><p><img src=\"http://img.sxunt.com/uploads/image/20141229/1419831800.jpg\" alt=\"\"/> </p><p>虽然目前此镜头看似要推迟上市，但依然吸引了不少富士用户的\r\n眼光。我们在今天与读者们分享此镜头的实际拍摄样张，从另外一个角度了解一下此镜头的实际表现。&nbsp;&nbsp;&nbsp; \r\n该镜头是一种适合富士X系列无反相机使用的自动对焦镜头，并具有相当于85mm(等效35mm焦距)以及F1.2超大光圈设计，从规格上看，它属于“人像\r\n利器”。此在光学结构中加入了一片APD变迹滤镜（Apodization Filter）。而且，XF 56mm F1.2 R \r\nAPD镜头还使用了双光圈设计，而当中一片 APD 滤镜最特别之处是会令光线从中央至边缘逐渐减弱（圆形渐变灰），目的是令到虚化部份的过渡更加柔和。</p><p><br/></p>', '1472486165', '3', '2130706433');
INSERT INTO `s_admin_log` VALUES ('122', '/admin/article/update?id=6', 'SXUNT修改了表sxunt_article id:6的category : =>器材,updated_at : 0=>1472486238,status : 0=>1', '1472486238', '3', '2130706433');
INSERT INTO `s_admin_log` VALUES ('123', '/admin/article/update?id=6', 'SXUNT修改了表sxunt_article_data id:6的content : <p>\r\n	<span><img src=\"http://img.sxunt.com/uploads/image/20141229/1419839541.jpg\" alt=\"\" /><br />\r\n</span> \r\n</p>\r\n<p>\r\n	<span>该产品目前已经在全球范围内铺货，让我们有机会了解到这款产品量产版的一些情况。&nbsp;&nbsp;&nbsp;　它是首次采用4/3传感器的徕卡\r\nD-Lux系列机型，外观设计继续保持了复古特色，全金属机身做工不俗。它内置280万画点电子取景器，3英寸LCD液晶显示屏。内置NFC、Wi-Fi\r\n功能，可通过智能手机或平板电脑进行传输或者远程操控。具体来看，它使用了1280万像素图像传感器，搭配Vario-Summilux \r\n10.9–34mm f/1.7–2.8 ASPH镜头，等效焦距24-75mm。另外，它的最高感光度为ISO \r\n25600，快门速度范围60-1/16000秒，而且最高连拍速度实现了11张每秒的目标值。</span> \r\n</p>=><p><img src=\"http://img.sxunt.com/uploads/image/20141229/1419839541.jpg\" alt=\"\"/><br/></p><p>该产品目前已经在全球范围内铺货，让我们有机会了解到这款产品量产版的一些情况。&nbsp;&nbsp;&nbsp;　它是首次采用4/3传感器的徕卡\r\nD-Lux系列机型，外观设计继续保持了复古特色，全金属机身做工不俗。它内置280万画点电子取景器，3英寸LCD液晶显示屏。内置NFC、Wi-Fi\r\n功能，可通过智能手机或平板电脑进行传输或者远程操控。具体来看，它使用了1280万像素图像传感器，搭配Vario-Summilux \r\n10.9–34mm f/1.7–2.8 ASPH镜头，等效焦距24-75mm。另外，它的最高感光度为ISO \r\n25600，快门速度范围60-1/16000秒，而且最高连拍速度实现了11张每秒的目标值。</p>', '1472486239', '3', '2130706433');
INSERT INTO `s_admin_log` VALUES ('124', '/admin/article/update?id=5', 'SXUNT修改了表sxunt_article id:5的category : =>影讯,updated_at : 0=>1472486386,status : 0=>1', '1472486386', '3', '2130706433');
INSERT INTO `s_admin_log` VALUES ('125', '/admin/article/update?id=5', 'SXUNT修改了表sxunt_article_data id:5的content : <p>\n	<img src=\"http://img.sxunt.com/uploads/image/20141229/1419831117.jpg\" alt=\"\" /> \n</p>\n<p>\n	开幕式由PSA China常务副主席王莉女士主持，特克斯县县委书记刘莉女士、PSA China \n主席邓大端先生、尚8摄影艺术展览馆馆长王晓廉先生、英国摄影家Mr. Brian \nMagor、台湾中华艺术摄影家学会理事长林再生先生先后为开幕式致辞。随后，大家共同为开幕式剪彩并走进展厅，与到场嘉宾一同观看展览。\n</p>\n<br />\n本次影展为大家展出入围和获奖作品共计200幅，其中包括精选自“第三届特克斯国际摄影大赛”的入围和获奖作品共115幅，这些作品是从来自全球14个国\n家或地区的675位摄影人的3778幅作品中，严格遵循公平、公正的原则，依据PSA \nChina赛事认证标准评选而出的。此外，为了更多角度的展现美国摄影学会PSA国际摄影展的理念，同时展出的还有精选自“第四届PSA \nChina国际摄影大赛”的85幅获奖作品。这些作品在尚8摄影艺术展览馆的3个展馆分别进行展览，使用面积达2000平，欢迎广大摄影爱好者观展！<br />\n<br />\n展出时间：2014年12月18日——12月25日<br />\n影展地点：北京摄影艺术展览馆，位于北京市朝阳区下甸甲3号院尚8国际广告产业园（大望路光辉桥南300米，百子湾路苹果社区北侧）=><p><img src=\"http://img.sxunt.com/uploads/image/20141229/1419831117.jpg\" alt=\"\"/> </p><p>\r\n	开幕式由PSA China常务副主席王莉女士主持，特克斯县县委书记刘莉女士、PSA China \r\n主席邓大端先生、尚8摄影艺术展览馆馆长王晓廉先生、英国摄影家Mr. Brian \r\nMagor、台湾中华艺术摄影家学会理事长林再生先生先后为开幕式致辞。随后，大家共同为开幕式剪彩并走进展厅，与到场嘉宾一同观看展览。</p><p><br/>本次影展为大家展出入围和获奖作品共计200幅，其中包括精选自“第三届特克斯国际摄影大赛”的入围和获奖作品共115幅，这些作品是从来自全球14个国\r\n家或地区的675位摄影人的3778幅作品中，严格遵循公平、公正的原则，依据PSA \r\nChina赛事认证标准评选而出的。此外，为了更多角度的展现美国摄影学会PSA国际摄影展的理念，同时展出的还有精选自“第四届PSA \r\nChina国际摄影大赛”的85幅获奖作品。这些作品在尚8摄影艺术展览馆的3个展馆分别进行展览，使用面积达2000平，欢迎广大摄影爱好者观展！<br/><br/>展出时间：2014年12月18日——12月25日<br/>影展地点：北京摄影艺术展览馆，位于北京市朝阳区下甸甲3号院尚8国际广告产业园（大望路光辉桥南300米，百子湾路苹果社区北侧）</p>', '1472486386', '3', '2130706433');
INSERT INTO `s_admin_log` VALUES ('126', '/admin/article/update?id=4', 'SXUNT修改了表sxunt_article id:4的category : =>影讯,updated_at : 0=>1472486474,status : 0=>1', '1472486474', '3', '2130706433');
INSERT INTO `s_admin_log` VALUES ('127', '/admin/article/update?id=4', 'SXUNT修改了表sxunt_article_data id:4的content : <p>\r\n	<b><img src=\"http://img.sxunt.com/uploads/image/20141229/1419830779.jpg\" alt=\"\" /></b> \r\n</p>\r\n<p style=\"text-align:center;\">\r\n	<b>大展开幕式现场</b> \r\n</p>\r\n<p>\r\n	本次活动由中国文联摄影艺术中心、内蒙古自治区旅游局、<br />\r\n兴安盟委员会、行政公署主办，兴安盟委宣传部、阿尔山市委、市政府、影像中国网承办，内蒙古人像摄影协会、兴安盟旅游局、北京智汇堂文化传媒有限公司、内蒙古大兴安阿尔山旅游公司、兴安盟摄影家协会协办。<br />\r\n冰雪摄影大展在阿尔山市火山温泉国家公园地质博物馆举行，坚持“高水平、少而精”的原则，通过“七个一”摄影载体，全方位、多角度的深刻展示阿尔山的独特\r\n冰雪资源，让更多摄影人聚焦阿尔山的冬季冰雪文化，用影像的力量牵动阿尔山冬季文化旅游真正的火起来。现场共分为四个摄影展区：《冰雪世界--中俄蒙摄影\r\n家联展》、《童年记忆--中俄蒙青少年摄影作品展》、《可爱家园—内蒙古冬日摄影作品展》、《丰收硕果—首届阿尔山冰雪摄影大展获奖作品汇报展》。此次展\r\n览共展出摄影作品456幅，其中展出首届阿尔山冰雪摄影大展获奖作品106幅，中国摄影名家作品100幅，俄蒙摄影名家和中俄蒙青少年摄影作品100幅，\r\n自治区、兴安盟、阿尔山市摄影家和爱好者摄影作品150幅。\r\n</p>\r\n<p style=\"text-align:center;\">\r\n	<img src=\"http://img.sxunt.com/uploads/image/20141229/1419823995.jpg\" alt=\"\" /><br />\r\n<b>展览现场</b> \r\n</p>\r\n<p>\r\n	<br />\r\n阿尔山冰雪摄影大展的启动，也同时拉开了第四届中俄蒙国际摄影节的序幕，活动从2014年12月21日到2015年7月底结束。旨在秉承和发挥已形成的阿\r\n尔山冰雪摄影国际品牌，吸引更多俄罗斯、蒙古国摄影家和国内顶级摄影家的参与，充分体现摄影节的区域性国际特色，推动内蒙古及东北亚地区的群众性摄影活动\r\n的普及与提高。（李冲）\r\n</p>=><p><strong><img src=\"http://img.sxunt.com/uploads/image/20141229/1419830779.jpg\" alt=\"\"/></strong> </p><p style=\"text-align:center;\"><strong>大展开幕式现场</strong> </p><p>\r\n	本次活动由中国文联摄影艺术中心、内蒙古自治区旅游局、<br/>兴安盟委员会、行政公署主办，兴安盟委宣传部、阿尔山市委、市政府、影像中国网承办，内蒙古人像摄影协会、兴安盟旅游局、北京智汇堂文化传媒有限公司、内蒙古大兴安阿尔山旅游公司、兴安盟摄影家协会协办。<br/>冰雪摄影大展在阿尔山市火山温泉国家公园地质博物馆举行，坚持“高水平、少而精”的原则，通过“七个一”摄影载体，全方位、多角度的深刻展示阿尔山的独特\r\n冰雪资源，让更多摄影人聚焦阿尔山的冬季冰雪文化，用影像的力量牵动阿尔山冬季文化旅游真正的火起来。现场共分为四个摄影展区：《冰雪世界--中俄蒙摄影\r\n家联展》、《童年记忆--中俄蒙青少年摄影作品展》、《可爱家园—内蒙古冬日摄影作品展》、《丰收硕果—首届阿尔山冰雪摄影大展获奖作品汇报展》。此次展\r\n览共展出摄影作品456幅，其中展出首届阿尔山冰雪摄影大展获奖作品106幅，中国摄影名家作品100幅，俄蒙摄影名家和中俄蒙青少年摄影作品100幅，\r\n自治区、兴安盟、阿尔山市摄影家和爱好者摄影作品150幅。</p><p style=\"text-align:center;\"><img src=\"http://img.sxunt.com/uploads/image/20141229/1419823995.jpg\" alt=\"\"/><br/><strong>展览现场</strong> </p><p><br/>阿尔山冰雪摄影大展的启动，也同时拉开了第四届中俄蒙国际摄影节的序幕，活动从2014年12月21日到2015年7月底结束。旨在秉承和发挥已形成的阿\r\n尔山冰雪摄影国际品牌，吸引更多俄罗斯、蒙古国摄影家和国内顶级摄影家的参与，充分体现摄影节的区域性国际特色，推动内蒙古及东北亚地区的群众性摄影活动\r\n的普及与提高。（李冲）</p>', '1472486474', '3', '2130706433');
INSERT INTO `s_admin_log` VALUES ('128', '/admin/article/delete?id=3', 'SXUNT修改了表sxunt_article id:3的updated_at : 1472373357=>1472486559,deleted_at : 0=>1472486559', '1472486559', '3', '2130706433');
INSERT INTO `s_admin_log` VALUES ('129', '/admin/article/update?id=24', 'SXUNT修改了表sxunt_article id:24的updated_at : 1483350107=>1483350200', '1483350201', '3', '2130706433');
INSERT INTO `s_admin_log` VALUES ('130', '/admin/article/update?id=24', 'SXUNT修改了表sxunt_article id:24的updated_at : 1483350200=>1483352534', '1483352534', '3', '2130706433');
INSERT INTO `s_admin_log` VALUES ('131', '/admin/article/update?id=24', 'SXUNT修改了表sxunt_article id:24的updated_at : 1483352534=>1483354316,cover : http://img.sxunt.com/upload/image/20170102/1483349767.jpg=>http://img.sxunt.com/upload/image/20170102/1483354281.jpg,qcPic : =>http://img.sxunt.com/upload/image/20170102/1483354258.jpg', '1483354316', '3', '2130706433');
INSERT INTO `s_admin_log` VALUES ('132', '/admin/article/update?id=24', 'SXUNT修改了表sxunt_article id:24的updated_at : 1483354316=>1483354972,cover : http://img.sxunt.com/upload/image/20170102/1483354281.jpg=>http://img.sxunt.com/upload/image/20170102/1483354967.jpg', '1483354972', '3', '2130706433');
INSERT INTO `s_admin_log` VALUES ('133', '/admin/article/update?id=24', 'SXUNT修改了表sxunt_article id:24的updated_at : 1483354972=>1483356369,cover : =>http://img.sxunt.com/upload/image/20170102/1483356295.jpg,qcPic : =>http://img.sxunt.com/upload/image/20170102/1483356330.jpg', '1483356369', '3', '2130706433');
INSERT INTO `s_admin_log` VALUES ('134', '/admin/article/update?id=24', 'SXUNT修改了表sxunt_article id:24的updated_at : 1483356369=>1483356536,status : 0=>1', '1483356536', '3', '2130706433');
INSERT INTO `s_admin_log` VALUES ('135', '/admin/admin/menu/update?id=46', 'SXUNT修改了表sxunt_menu id:46的order : 5=>5,icon : fa-google-wallet=>camera', '1490438199', '3', '2130706433');
INSERT INTO `s_admin_log` VALUES ('136', '/admin/admin/menu/update?id=46', 'SXUNT修改了表sxunt_menu id:46的order : 5=>5,icon : camera=>google-wallet', '1490438280', '3', '2130706433');
INSERT INTO `s_admin_log` VALUES ('137', '/admin/admin/menu/update?id=46', 'SXUNT修改了表sxunt_menu id:46的order : 5=>6', '1490438309', '3', '2130706433');
INSERT INTO `s_admin_log` VALUES ('138', '/admin/admin/menu/update?id=47', 'SXUNT修改了表sxunt_menu id:47的order : =>1', '1490438650', '3', '2130706433');
INSERT INTO `s_admin_log` VALUES ('139', '/admin/admin/menu/update?id=48', 'SXUNT修改了表sxunt_menu id:48的order : =>2', '1490438663', '3', '2130706433');
INSERT INTO `s_admin_log` VALUES ('140', '/admin/edify/update?id=37', 'SXUNT修改了表sxunt_edify id:37的orderid : 100=>100,posttime : 2017=>1970-01-01 08:33:37,hits : 100=>100', '1490521435', '3', '2130706433');
INSERT INTO `s_admin_log` VALUES ('141', '/admin/edify/update?id=34&flag=1', 'SXUNT修改了表sxunt_edify id:34的flag : h,t=>,orderid : 23=>100,posttime : 1420167202=>2015-01-02 10:53:22,hits : 203=>100', '1490523290', '3', '2130706433');
INSERT INTO `s_admin_log` VALUES ('142', '/admin/article/create', 'SXUNT修改了表sxunt_article id:25的desc : =>v ', '1490526575', '3', '2130706433');
INSERT INTO `s_admin_log` VALUES ('143', '/admin/article/delete?id=25', 'SXUNT修改了表sxunt_article id:25的updated_at : 1490526575=>1490526679,deleted_at : 0=>1490526679', '1490526679', '3', '2130706433');
INSERT INTO `s_admin_log` VALUES ('144', '/admin/edify/update?id=41&flag=1', 'SXUNT修改了表sxunt_edify id:41的orderid : 300=>300,posttime : 1490528700=>1490528700,hits : 345=>345', '1490528735', '3', '2130706433');
INSERT INTO `s_admin_log` VALUES ('145', '/admin/admin/menu/update?id=49', 'SXUNT修改了表sxunt_menu id:49的order : =>7,icon : =>align-justify', '1491103809', '3', '2130706433');
INSERT INTO `s_admin_log` VALUES ('146', '/admin/admin/menu/update?id=50', 'SXUNT修改了表sxunt_menu id:50的route : =>/adv-type/index', '1491103956', '3', '2130706433');
INSERT INTO `s_admin_log` VALUES ('147', '/admin/adv-type/update?id=22', 'SXUNT修改了表sxunt_adv_type id:22的type_name : 100=>1005,width : 1000=>10005,height : 500=>5005', '1491107120', '3', '2130706433');
INSERT INTO `s_admin_log` VALUES ('148', '/admin/admin/menu/update?id=50', 'SXUNT修改了表sxunt_menu id:50的name : 广告类型列表=>类型列表', '1491114996', '3', '2130706433');
INSERT INTO `s_admin_log` VALUES ('149', '/admin/admin/menu/update?id=51', 'SXUNT修改了表sxunt_menu id:51的name : 添加广告类型=>添加类型', '1491115006', '3', '2130706433');
INSERT INTO `s_admin_log` VALUES ('150', '/admin/admin/menu/update?id=50', 'SXUNT修改了表sxunt_menu id:50的order : =>1', '1491115036', '3', '2130706433');
INSERT INTO `s_admin_log` VALUES ('151', '/admin/admin/menu/update?id=51', 'SXUNT修改了表sxunt_menu id:51的order : =>2', '1491115049', '3', '2130706433');
INSERT INTO `s_admin_log` VALUES ('152', '/admin/admin/menu/update?id=52', 'SXUNT修改了表sxunt_menu id:52的order : 2=>3', '1491115590', '3', '2130706433');
INSERT INTO `s_admin_log` VALUES ('153', '/admin/admin/menu/update?id=53', 'SXUNT修改了表sxunt_menu id:53的parent : 52=>49,order : 3=>4', '1491115743', '3', '2130706433');
INSERT INTO `s_admin_log` VALUES ('154', '/admin/adv/update?id=40', 'SXUNT修改了表sxunt_adv id:40的type_id : 2=>2,info : test=><p>test</p>,advorder : 1=>123,is_show : 1=>1', '1491201032', '3', '2130706433');
INSERT INTO `s_admin_log` VALUES ('155', '/admin/adv/update?id=40', 'SXUNT修改了表sxunt_adv id:40的type_id : 2=>2,jumpurl : #=>https://www.baidu.com/,advorder : 123=>123,is_show : 1=>1', '1491201070', '3', '2130706433');
INSERT INTO `s_admin_log` VALUES ('156', '/admin/adv/update?id=40', 'SXUNT修改了表sxunt_adv id:40的type_id : 2=>2,advorder : 123=>123,is_show : 1=>0', '1491201495', '3', '2130706433');
INSERT INTO `s_admin_log` VALUES ('157', '/admin/adv/update?id=40', 'SXUNT修改了表sxunt_adv id:40的type_id : 2=>2,advorder : 123=>123,is_show : 0=>1', '1491201504', '3', '2130706433');
INSERT INTO `s_admin_log` VALUES ('158', '/admin/adv/update?id=39', 'SXUNT修改了表sxunt_adv id:39的type_id : 21=>21,advorder : 50=>50,is_show : 1=>0', '1491206110', '3', '2130706433');
INSERT INTO `s_admin_log` VALUES ('159', '/admin/adv/update?id=39', 'SXUNT修改了表sxunt_adv id:39的type_id : 21=>21,advorder : 50=>50,is_show : 0=>1', '1491206123', '3', '2130706433');
INSERT INTO `s_admin_log` VALUES ('160', '/admin/adv/update?id=3', 'SXUNT修改了表sxunt_adv id:3的type_id : 1=>1,advorder : 50=>50,is_show : 1=>0', '1491206178', '3', '2130706433');
INSERT INTO `s_admin_log` VALUES ('161', '/admin/admin/menu/update?id=54', 'SXUNT修改了表sxunt_menu id:54的order : =>8', '1491635334', '3', '2130706433');
INSERT INTO `s_admin_log` VALUES ('162', '/admin/admin/menu/update?id=57', 'SXUNT修改了表sxunt_menu id:57的order : 2=>3', '1491636609', '3', '2130706433');
INSERT INTO `s_admin_log` VALUES ('163', '/admin/diary/update?id=46', 'SXUNT修改了表sxunt_diary id:46的cid : 6=>6,date_time : 2017-04-15=>2017-04-15 14:58:31,content : <p>DDD<br/></p>=><p>DDD<img alt=\"34248875_1024.jpg\" src=\"http://img.sxunt.com/upload/image/20170415/1492239531947818.jpg\" title=\"1492239531947818.jpg\"/></p>', '1492239554', '3', '2130706433');
INSERT INTO `s_admin_log` VALUES ('164', '/admin/gallery/update?id=111', 'SXUNT修改了表sxunt_gallery id:111的cid : 17=>17,date_time : 2015-04-10 15:58:30=>2015-04-10 23:58:30,describe : 两年了/离开了-中国丽人网=><p>两年了/离开了-中国丽人网</p>,show : 1=>0', '1492242870', '3', '2130706433');
INSERT INTO `s_admin_log` VALUES ('165', '/admin/gallery/update?id=111', 'SXUNT修改了表sxunt_gallery id:111的cid : 17=>17,date_time : 2015-04-10 23:58:30=>2015-04-11 07:58:30,show : 0=>1', '1492242882', '3', '2130706433');
INSERT INTO `s_admin_log` VALUES ('166', '/admin/article/update?id=23', 'SXUNT修改了表sxunt_article id:23的updated_at : 1472485627=>1492845872', '1492845872', '3', '2130706433');
INSERT INTO `s_admin_log` VALUES ('167', '/admin/article/update?id=23', 'SXUNT修改了表sxunt_article_data id:23的content : <br clear=\"all\" />\r\n<p style=\"text-align:center;\">\r\n	<img src=\"http://img.sxunt.com/uploads/image/20150106/1420556752.jpg\" alt=\"\" /><br />\r\n<strong>富士XF 16-55mm F2.8 R LM WR镜头</strong> \r\n</p>\r\n<p style=\"text-align:left;\">\r\n	富士XF 16-55mm F2.8 R LM WR镜头采用轻量化内对焦设计，最快合焦速度仅0.06秒，在与富士X-T1的静音拍照模式搭配使用时，可实现安静又迅速的对焦体验。美中不足的是，镜头不支持防抖。\r\n</p>\r\n<p style=\"text-align:center;\">\r\n	<img src=\"http://img.sxunt.com/uploads/image/20150106/1420560178.jpg\" alt=\"\" /><br />\r\n<strong>富士XF 16-55mm F2.8 R LM WR镜头搭载富士X-T1</strong> \r\n</p>\r\n<p style=\"text-align:left;\">\r\n	<span style=\"text-align:left;\"> 富士XF 16-55mm F2.8 R LM WR镜头具有9片光圈叶片，12组17片光学结构，3片非球面镜，3片ED镜片，最近对焦距离0.3m，滤镜口径77mm。</span> \r\n</p>\r\n<p style=\"text-align:left;\">\r\n	镜头于今年2月初左右出货，售价1200美元，约合人民币7458元。\r\n</p>\r\n<p style=\"text-align:left;\">\r\n	<strong>·编辑观点：</strong> \r\n</p>\r\n<p style=\"text-align:left;\">\r\n	富士新发布的XF 16-55mm F2.8 R LM \r\nWR镜头官方解释是搭配X-T1来使用的，f/2.8的恒定大光圈绝对比套机镜头给力，但不足也是显而易见的，镜头不带防抖功能，并且体积略大，长\r\n106mm，重655g，对于微单的便携性来说是有一些牺牲的。\r\n</p>=><p><br clear=\"all\"/></p><p style=\"text-align:center;\"><img src=\"http://img.sxunt.com/uploads/image/20150106/1420556752.jpg\" alt=\"\"/><br/><strong>富士XF 16-55mm F2.8 R LM WR镜头</strong> </p><p style=\"text-align:left;\">\r\n	富士XF 16-55mm F2.8 R LM WR镜头采用轻量化内对焦设计，最快合焦速度仅0.06秒，在与富士X-T1的静音拍照模式搭配使用时，可实现安静又迅速的对焦体验。美中不足的是，镜头不支持防抖。</p><p style=\"text-align:center;\"><img src=\"http://img.sxunt.com/uploads/image/20150106/1420560178.jpg\" alt=\"\"/><br/><strong>富士XF 16-55mm F2.8 R LM WR镜头搭载富士X-T1</strong> </p><p style=\"text-align:left;\"><span style=\"text-align:left;\"> 富士XF 16-55mm F2.8 R LM WR镜头具有9片光圈叶片，12组17片光学结构，3片非球面镜，3片ED镜片，最近对焦距离0.3m，滤镜口径77mm。</span> </p><p style=\"text-align:left;\">\r\n	镜头于今年2月初左右出货，售价1200美元，约合人民币7458元。</p><p style=\"text-align:left;\"><strong>·编辑观点：</strong> </p><p style=\"text-align:left;\">\r\n	富士新发布的XF 16-55mm F2.8 R LM \r\nWR镜头官方解释是搭配X-T1来使用的，f/2.8的恒定大光圈绝对比套机镜头给力，但不足也是显而易见的，镜头不带防抖功能，并且体积略大，长\r\n106mm，重655g，对于微单的便携性来说是有一些牺牲的。</p>', '1492845872', '3', '2130706433');
INSERT INTO `s_admin_log` VALUES ('168', '/admin/config/update?id=8', 'SXUNT修改了表sxunt_config id:8的value : test=>FOOTER FOOTER,type : 5=>5,updated_at : 1464882498=>1492914788', '1492914789', '3', '2130706433');
INSERT INTO `s_admin_log` VALUES ('169', '/admin/config/update?id=5', 'SXUNT修改了表sxunt_config id:5的value : test=>SITE_ICP ,type : 1=>1,updated_at : 1464882498=>1492914815', '1492914815', '3', '2130706433');
INSERT INTO `s_admin_log` VALUES ('170', '/admin/config/update?id=4', 'SXUNT修改了表sxunt_config id:4的value : yiicmf=>SXUNT，始渲，摄影，单反，图片，摄影灵感，摄影技巧，摄影教程，摄影入门，摄影器材，单反相机入门教程,type : 1=>1,updated_at : 1464882498=>1492914874', '1492914874', '3', '2130706433');
INSERT INTO `s_admin_log` VALUES ('171', '/admin/config/update?id=3', 'SXUNT修改了表sxunt_config id:3的value : yiicmf=>最初渲染(Original Render) | 始渲(SXUNT)，在这里你可以找到与摄影相关的灵感、技巧、教程、资讯。我们并不知道会发生什么，意味着一切都从未知开始，从未知的世界去发现它，渲染、熏陶它...,type : 1=>1,updated_at : 1464882498=>1492914892', '1492914892', '3', '2130706433');
INSERT INTO `s_admin_log` VALUES ('172', '/admin/adv-type/update?id=1', 'SXUNT修改了表sxunt_adv_type id:1的type_name : 首页-头部banner三张=>首页-头部banner三张6,width : 1000=>1000,height : 400=>400', '1507027512', '3', '2130706433');
INSERT INTO `s_admin_log` VALUES ('173', '/admin/adv-type/update?id=1', 'SXUNT修改了表sxunt_adv_type id:1的type_name : 首页-头部banner三张6=>首页-头部banner三张,width : 1000=>1000,height : 400=>400', '1507027517', '3', '2130706433');
INSERT INTO `s_admin_log` VALUES ('174', '/admin/adv/update?id=3', 'SXUNT修改了表sxunt_adv id:3的type_id : 1=>1,title : 金色奇缘=>金色奇缘0,advorder : 100=>100,is_show : 1=>1', '1507042102', '3', '2130706433');
INSERT INTO `s_admin_log` VALUES ('175', '/admin/adv/update?id=3', 'SXUNT修改了表sxunt_adv id:3的type_id : 1=>1,title : 金色奇缘0=>金色奇缘,advorder : 100=>100,is_show : 1=>1', '1507042123', '3', '2130706433');
INSERT INTO `s_admin_log` VALUES ('176', '/admin/edify/update?id=41', 'SXUNT修改了表sxunt_edify id:41的orderid : 300=>300,posttime : 1490528700=>1490528700,checkinfo : true=>false,hits : 345=>345', '1507090838', '3', '2130706433');
INSERT INTO `s_admin_log` VALUES ('177', '/admin/edify/update?id=41', 'SXUNT修改了表sxunt_edify id:41的orderid : 300=>300,posttime : 1490528700=>1490528700,checkinfo : false=>true,hits : 345=>345', '1507090883', '3', '2130706433');
INSERT INTO `s_admin_log` VALUES ('178', '/admin/edify/update?id=41', 'SXUNT修改了表sxunt_edify id:41的orderid : 300=>300,posttime : 1490528700=>1490528700,checkinfo : true=>,hits : 345=>345', '1507090979', '3', '2130706433');
INSERT INTO `s_admin_log` VALUES ('179', '/admin/edify/update?id=41', 'SXUNT修改了表sxunt_edify id:41的orderid : 300=>300,posttime : 1490528700=>1490528700,checkinfo : =>true,hits : 345=>345', '1507091000', '3', '2130706433');
INSERT INTO `s_admin_log` VALUES ('180', '/admin/edify/update?id=16', 'SXUNT修改了表sxunt_edify id:16的orderid : 6=>6,posttime : 1417608041=>1417608041,other : =><p>XXXXXXXX</p>,hits : 173=>173', '1511669882', '3', '2130706433');
INSERT INTO `s_admin_log` VALUES ('181', '/admin/edify/update?id=16', 'SXUNT修改了表sxunt_edify id:16的orderid : 6=>6,posttime : 1417608041=>1417608041,other : <p>XXXXXXXX</p>=>,hits : 173=>173', '1511669897', '3', '2130706433');
INSERT INTO `s_admin_log` VALUES ('182', '/admin/article/update?id=9', 'SXUNT修改了表sxunt_article id:9的updated_at : 1472485126=>1512184398,is_top : 0=>1', '1512184398', '3', '2130706433');
INSERT INTO `s_admin_log` VALUES ('183', '/admin/article/update?id=9', 'SXUNT修改了表sxunt_article id:9的updated_at : 1512184398=>1512197751,is_top : 1=>1', '1512197752', '3', '2130706433');
INSERT INTO `s_admin_log` VALUES ('184', '/admin/article/update?id=20', 'SXUNT修改了表sxunt_article id:20的updated_at : 1472485821=>1512199372,is_top : 0=>0', '1512199372', '3', '2130706433');
INSERT INTO `s_admin_log` VALUES ('185', '/admin/article/update?id=5', 'SXUNT修改了表sxunt_article id:5的updated_at : 1472486386=>1512199418,is_top : 0=>0', '1512199418', '3', '2130706433');
INSERT INTO `s_admin_log` VALUES ('186', '/admin/system/config', 'SXUNT修改了表s_config id:1的updated_at : 1464882497=>1598857540', '1598857540', '3', '2130706433');
INSERT INTO `s_admin_log` VALUES ('187', '/admin/system/config', 'SXUNT修改了表s_config id:3的updated_at : 1492914892=>1598857540', '1598857540', '3', '2130706433');
INSERT INTO `s_admin_log` VALUES ('188', '/admin/system/config', 'SXUNT修改了表s_config id:4的updated_at : 1492914874=>1598857540', '1598857540', '3', '2130706433');
INSERT INTO `s_admin_log` VALUES ('189', '/admin/system/config', 'SXUNT修改了表s_config id:5的updated_at : 1492914815=>1598857540', '1598857540', '3', '2130706433');
INSERT INTO `s_admin_log` VALUES ('190', '/admin/system/config', 'SXUNT修改了表s_config id:6的value : SXUNT-始渲=>AXE,updated_at : 1464882498=>1598857540', '1598857540', '3', '2130706433');
INSERT INTO `s_admin_log` VALUES ('191', '/admin/system/config', 'SXUNT修改了表s_config id:7的updated_at : 1464882498=>1598857540', '1598857540', '3', '2130706433');
INSERT INTO `s_admin_log` VALUES ('192', '/admin/system/config', 'SXUNT修改了表s_config id:8的updated_at : 1492914788=>1598857540', '1598857540', '3', '2130706433');
INSERT INTO `s_admin_log` VALUES ('193', '/admin/system/config', 'SXUNT修改了表s_config id:9的updated_at : 1464882498=>1598857541', '1598857541', '3', '2130706433');
INSERT INTO `s_admin_log` VALUES ('194', '/admin/system/config', 'SXUNT修改了表s_config id:10的updated_at : 1464882498=>1598857541', '1598857541', '3', '2130706433');
INSERT INTO `s_admin_log` VALUES ('195', '/admin/system/config', 'SXUNT修改了表s_config id:11的updated_at : 1464882498=>1598857541', '1598857541', '3', '2130706433');
INSERT INTO `s_admin_log` VALUES ('196', '/admin/system/config', 'SXUNT修改了表s_config id:1的updated_at : 1598857540=>1598858112', '1598858112', '3', '2130706433');
INSERT INTO `s_admin_log` VALUES ('197', '/admin/system/config', 'SXUNT修改了表s_config id:3的value : 最初渲染(Original Render) | 始渲(SXUNT)，在这里你可以找到与摄影相关的灵感、技巧、教程、资讯。我们并不知道会发生什么，意味着一切都从未知开始，从未知的世界去发现它，渲染、熏陶它...=>AXE,updated_at : 1598857540=>1598858112', '1598858112', '3', '2130706433');
INSERT INTO `s_admin_log` VALUES ('198', '/admin/system/config', 'SXUNT修改了表s_config id:4的value : SXUNT，始渲，摄影，单反，图片，摄影灵感，摄影技巧，摄影教程，摄影入门，摄影器材，单反相机入门教程=>AXE,updated_at : 1598857540=>1598858112', '1598858112', '3', '2130706433');
INSERT INTO `s_admin_log` VALUES ('199', '/admin/system/config', 'SXUNT修改了表s_config id:5的updated_at : 1598857540=>1598858112', '1598858112', '3', '2130706433');
INSERT INTO `s_admin_log` VALUES ('200', '/admin/system/config', 'SXUNT修改了表s_config id:6的updated_at : 1598857540=>1598858112', '1598858112', '3', '2130706433');
INSERT INTO `s_admin_log` VALUES ('201', '/admin/system/config', 'SXUNT修改了表s_config id:7的updated_at : 1598857540=>1598858112', '1598858112', '3', '2130706433');
INSERT INTO `s_admin_log` VALUES ('202', '/admin/system/config', 'SXUNT修改了表s_config id:8的updated_at : 1598857540=>1598858112', '1598858112', '3', '2130706433');
INSERT INTO `s_admin_log` VALUES ('203', '/admin/system/config', 'SXUNT修改了表s_config id:9的updated_at : 1598857541=>1598858112', '1598858112', '3', '2130706433');
INSERT INTO `s_admin_log` VALUES ('204', '/admin/system/config', 'SXUNT修改了表s_config id:10的updated_at : 1598857541=>1598858112', '1598858112', '3', '2130706433');
INSERT INTO `s_admin_log` VALUES ('205', '/admin/system/config', 'SXUNT修改了表s_config id:11的updated_at : 1598857541=>1598858112', '1598858112', '3', '2130706433');

-- ----------------------------
-- Table structure for `s_article`
-- ----------------------------
DROP TABLE IF EXISTS `s_article`;
CREATE TABLE `s_article` (
  `id` int(11) NOT NULL AUTO_INCREMENT,
  `title` varchar(50) NOT NULL COMMENT '标题',
  `category` varchar(50) NOT NULL COMMENT '分类',
  `category_id` int(11) NOT NULL,
  `author` varchar(100) NOT NULL COMMENT '作者',
  `published_at` int(10) NOT NULL,
  `created_at` int(10) NOT NULL,
  `updated_at` int(10) NOT NULL,
  `status` tinyint(1) NOT NULL COMMENT '状态',
  `cover` varchar(255) DEFAULT NULL COMMENT '封面',
  `qcPic` varchar(255) NOT NULL COMMENT 'qcPic',
  `comment` int(11) NOT NULL,
  `up` int(11) NOT NULL DEFAULT '0',
  `down` int(11) NOT NULL DEFAULT '0',
  `view` int(11) NOT NULL DEFAULT '0',
  `desc` varchar(255) DEFAULT NULL,
  `user_id` int(11) NOT NULL DEFAULT '0',
  `source` varchar(50) NOT NULL,
  `deleted_at` int(10) NOT NULL DEFAULT '0',
  `is_top` tinyint(1) DEFAULT '0' COMMENT '是否顶至',
  PRIMARY KEY (`id`)
) ENGINE=InnoDB AUTO_INCREMENT=26 DEFAULT CHARSET=utf8;

-- ----------------------------
-- Records of s_article
-- ----------------------------
INSERT INTO `s_article` VALUES ('4', '中俄蒙国际摄影节暨阿尔山冰雪摄影大展', '影讯', '1', '摄影节组委会', '0', '1483286400', '1512182400', '1', 'http://img.sxunt.com/uploads/image/20141229/1419828867.jpg', '', '0', '0', '0', '21', '“第四届中俄蒙国际摄影节”暨“中国·阿尔山第二届冰雪摄影大展”在阿尔山市开幕\r\n    用镜头观察生活、用心灵感悟人生、用光影记录时代，这是每一个摄影人的理想和追求。2014年12月21日，主题为“冰雪摄影·圆梦北疆”的“第四届中俄蒙国际摄影节”暨“中国·阿尔山第二届冰雪摄影大展”在冰雪圣城阿尔山隆重开幕。来自蒙古、俄罗斯、法国、新加坡和全国各地的摄影家们以及全国多家媒体齐聚阿尔山，参与了这次盛大的摄影盛会。', '0', '', '0', '0');
INSERT INTO `s_article` VALUES ('5', '2014 PSA China特克斯国际摄影展开幕', '影讯', '1', '始渲-SXUNT', '0', '1483286400', '1512199418', '1', 'http://img.sxunt.com/uploads/image/20141229/1419828665.jpg', '', '0', '0', '0', '0', '12月18日下午3时，由新疆特克斯县县政府联合PSA China共同主办，尚8文化集团、半月谈新媒体承办，尚8国际艺术中心、北京摄影艺术展览馆协办的“2014 PSA China特克斯国际摄影展”在尚8摄影艺术展览馆隆重开幕。', '0', '', '0', '0');
INSERT INTO `s_article` VALUES ('6', '另类大底DC 量产版徕卡D-LUX', '器材', '2', '小缕', '0', '1483286400', '1472486238', '1', 'http://img.sxunt.com/uploads/image/20141229/1419834523.jpg', 'http://img.sxunt.com/uploads/image/20141229/1419839052.jpg', '0', '0', '0', '0', '徕卡D-Lux(Typ109)是一款具备了大底尺寸传感器+专业镜头的新型相机，与松下LX100产品有很多共同的之处。', '0', '', '0', '0');
INSERT INTO `s_article` VALUES ('7', '强力虚化 富士56mm F1.2 APD', '器材', '2', '小缕', '0', '1483286400', '1472486165', '1', 'http://img.sxunt.com/uploads/image/20141229/1419833264.jpg', 'http://img.sxunt.com/uploads/image/20141229/1419840507.jpg', '0', '0', '0', '0', '富士56mm F1.2 APD是一款在今年9月份发布的个性化强势镜头，具备了同级别镜头所没有的“特殊虚化”功能。', '0', '', '0', '0');
INSERT INTO `s_article` VALUES ('8', '第9届“人类贡献奖”年赛征稿启事', '影赛', '3', '小缕', '0', '1483286400', '1472486096', '1', 'http://img.sxunt.com/uploads/image/20141229/1419834986.jpg', '', '0', '0', '0', '0', '国际民俗摄影“人类贡献奖”年赛（Humanity Photo Awards ，简称HPA）由中国民俗摄影协会于1998年创办，并与联合国教科文组织共同主办至今。历经16年共8届赛事，HPA以其在世界多元文化领域的唯一性、权威性和不可复制性在国际摄影赛事中独树一帜。', '0', '', '0', '0');
INSERT INTO `s_article` VALUES ('9', '全球的欢庆时刻 十个跨年旅行圣地推荐', '攻略', '5', '小缕', '0', '1483286400', '1512291611', '1', 'http://img.sxunt.com/uploads/image/20141229/1419843522.jpg', '', '1', '0', '0', '22', '在欢庆新年的活动上，当然少不了五彩纸屑、香槟酒和倒数计秒，但一些城市的庆祝活动另有亮点，比如欢庆派对、烟火表演以及持续到次日凌晨的极佳灯展。不论你是乐于在里约热内卢的科帕卡巴纳海滩跳桑巴舞，还是向往在香港的维多利亚湾观看烟火表演，新年去不一样的地方跨年，总会带来一段特别的经历!', '0', '', '0', '1');
INSERT INTO `s_article` VALUES ('10', '你去过了没 全球几大优质低价旅游地', '旅行', '4', '小缕', '0', '1483286400', '1472484999', '1', 'http://img.sxunt.com/uploads/image/20141229/1419839902.jpg', '', '0', '0', '0', '0', '想周游各地却碍于资金不足？只需游览消费价格低的旅游地，低价吃住玩，问题便迎刃而解。你是想去美丽的沙滩还是古色古香的城市呢？美国旅游网站 Smarter Travel为你搜罗十大低价旅游地，省钱又省心。这些地方在接下几年内不一定仍然保持低价，所以心动不如行动，想去就赶紧去吧!', '0', '', '0', '0');
INSERT INTO `s_article` VALUES ('11', '1839-2014直接摄影原作展”心得分享会', '影讯', '1', '小缕', '0', '1483286400', '1472484874', '1', 'http://img.sxunt.com/uploads/image/20141229/1419845119.jpg', '', '0', '0', '0', '0', ' 由中国美术馆、中国摄影家协会主办，北京泰吉轩文化发展有限公司协办的“乘物游心——1839-1937直接摄影原作展”，于2014年11月14日在中国美术馆开幕。', '0', '', '0', '0');
INSERT INTO `s_article` VALUES ('12', '多项技术新升级 佳能EF 100-400 II', '器材', '2', '小缕', '0', '1483286400', '1512182849', '1', 'http://img.sxunt.com/uploads/image/20141229/1419842973.jpg', 'http://img.sxunt.com/uploads/image/20141229/1419837440.jpg', '0', '0', '0', '11', '2014年11月，佳能发布了旗下新一代“大白兔”——EF 100-400/4.5-5.6L IS II USM镜头。', '0', '', '0', '0');
INSERT INTO `s_article` VALUES ('13', '国产骄傲 永诺/佳能50mm F1.8对比图赏', '器材', '2', '小缕', '0', '1483286400', '1472484726', '1', 'http://img.sxunt.com/uploads/image/20141229/1419844742.jpg', 'http://img.sxunt.com/uploads/image/20141229/1419842397.jpg', '0', '0', '0', '0', '前一阵上市的永诺50mm f/1.8受到了各方影友的强烈关注，其外形与佳能“小痰盂”50mm f/1.8极其相似。', '0', '', '0', '0');
INSERT INTO `s_article` VALUES ('14', '一位女摄影师的复仇：偷我包后果很严重', '影讯', '1', '小缕', '0', '1483286400', '1472484647', '1', 'http://img.sxunt.com/uploads/image/20141229/1419843876.jpg', '', '0', '0', '0', '0', '2011年，女摄影师Jessamyn Lovell发现她的钱包在旧金山SF Camerawork画廊被人偷走，不久之后就收到了一堆信用卡被盗刷的账单、交通罚单，甚至被盗用姓名顶罪。按照常理，这时Jessamyn应该选择冻 结信用卡止损并报警，不过她还是做了另外的选择——让天下人都知道小偷是谁。', '0', '', '0', '0');
INSERT INTO `s_article` VALUES ('15', '一览全球最高大上的苹果店', '其它', '6', '小缕', '0', '1483286400', '1472484555', '1', 'http://img.sxunt.com/uploads/image/20141229/1419845897.jpg', '', '0', '0', '0', '0', '手机固然重要，但是对于苹果来说，店 面是宣传自家品牌的第一道门面，最近有外媒评选出全球最美的苹果店，身为果粉的你去过哪家呢？', '0', '', '0', '0');
INSERT INTO `s_article` VALUES ('16', '得色空间：拉黑、高山《无知流放》展讯', '影讯', '1', '得色空间', '0', '1483286400', '1472482877', '1', 'http://img.sxunt.com/uploads/image/20150102/1420187173.jpg', '', '0', '0', '0', '0', '2014年下半年，拉黑和高山通过众筹的方式完成了三个展览，其中包括一些摄影作品露天展、装置及行为作品。此次展览，我们把当时的部分展览现场、展出作 品、行为记录、装置记录与在路上拍摄的摄影作品放到展厅，一是总结该项目的结果；二是试图在展厅让作品、现场记录与展厅空间产生新的对话。', '0', '', '0', '0');
INSERT INTO `s_article` VALUES ('17', 'FE卡口新镜 福伦达40mm f/2.8头', '器材', '2', '始渲-SXUNT', '0', '1483286400', '1472486002', '1', 'http://img.sxunt.com/uploads/image/20150102/1420187082.jpg', 'http://img.sxunt.com/uploads/image/20150102/1420184792.jpg', '1', '0', '0', '0', '福伦达HELIAR 40mm F2.8 VM新镜成为了目前FE卡口镜头的最新选择，作为一款德系品牌手动镜头新品，它的体积轻便、光学结构先进。我们一起来今天欣赏一下此镜头的实际拍摄样张。', '0', '', '0', '0');
INSERT INTO `s_article` VALUES ('18', '新年礼物？外媒盘点奇异像钟的奇特相机', '器材', '2', '赵陆陆', '0', '1483286400', '1472485951', '1', 'http://img.sxunt.com/uploads/image/20150102/1420186080.jpg', 'http://img.sxunt.com/uploads/image/20150102/1420180931.jpg', '1', '0', '0', '0', '新年将至，相信不少读者朋友都在为新的开始做打算。而关于“时间点”的摄影器材也有很多，国外网站最近针对这一话题进行了小小盘点，让我们一起来看看，目前市面上有哪些相机与钟表有关。', '0', '', '0', '1');
INSERT INTO `s_article` VALUES ('19', '数量惊人 外网曝光2015年适马新镜列表', '器材', '2', '始渲-SXUNT', '0', '1483286400', '1472485882', '1', 'http://img.sxunt.com/uploads/image/20150103/1420298825.jpg', '', '0', '0', '0', '0', '2015年即将来临，已经有不少厂家已在暗自发力，准备发布最新的产品来满足市场的需求。而最近一直以“黑科技”见长的适马公司，也在准备发布属于自己品牌的新品，而且数量不少。', '0', '', '0', '0');
INSERT INTO `s_article` VALUES ('20', '另一种角度之美 王建军航拍美国西部作品', '攻略', '5', '始渲-SXUNT', '0', '1483286400', '1512199372', '1', 'http://img.sxunt.com/uploads/image/20150103/1420291144.jpg', '', '0', '0', '0', '0', '2014年3 月1日—3月 14 日，中国著名摄影家王建军携大疆航拍器在美国西部航拍自然风光。期间途径美国加利福尼亚州、亚利桑那州、犹他州、 怀俄明州，地面行程 5032 公里。', '0', '', '0', '0');
INSERT INTO `s_article` VALUES ('21', '如何才能拍出一张特别好看的自拍照？', '攻略', '5', '邹浩坚', '0', '1483286400', '1472485752', '1', 'http://img.sxunt.com/uploads/image/20150105/1420428926.jpg', '', '1', '0', '0', '0', '旅途当中没有小伙伴或者不想麻烦小伙伴的话，自拍是非常好的方式去留影，而怎么去拍好自拍呢？', '0', '', '0', '0');
INSERT INTO `s_article` VALUES ('22', '选好入门很重要 4000元热门单电单反推荐', '器材', '2', '始渲-SXUNT', '0', '1483286400', '1512221551', '1', 'http://img.sxunt.com/uploads/image/20150105/1420444549.jpg', 'http://img.sxunt.com/uploads/image/20150105/1420443161.jpg', '1', '0', '0', '11', '对于相机没什么概念的新手来说，如果你一开始不清楚自己要选什么相机，那就从预算入手吧。就普通的旅拍和家用而言，4000元级别的入门相机已经足够，买贵了其实没有必要。今年在单反和单电市场还是有不少不错的入门产品，一起来看看有没有合适的吧！', '0', '', '0', '0');
INSERT INTO `s_article` VALUES ('23', '可搭配X-T1 富士发布16-55mm f/2.8镜头', '器材', '2', '始渲-SXUNT', '0', '1483286400', '1512222388', '1', 'http://img.sxunt.com/uploads/image/20150106/1420551938.jpg', 'http://img.sxunt.com/uploads/image/20150106/1420559390.jpg', '8', '1', '1', '252', '根据dpreview最 新消息，富士发布XF 16-55mm F2.8 R LM WR，该镜头具有f/2.8恒定大光圈，等效焦距24-84mm，镜筒采用全天候防尘防水滴设计，镜头采用富士新开发的纳米GI镀膜技术，能够有效抑制眩 光和鬼影，让镜头在全焦段都能实现一个较高的分辨率成像表现。', '0', '', '0', '0');
INSERT INTO `s_article` VALUES ('24', 'vvs', '影讯', '1', '', '1483286400', '1483350107', '1512222316', '1', 'http://img.sxunt.com/upload/image/20170102/1483356295.jpg', 'http://img.sxunt.com/upload/image/20170102/1483356330.jpg', '2', '0', '0', '116', 'vvv', '0', 'v', '0', '0');
INSERT INTO `s_article` VALUES ('25', 'aav', '旅行', '4', '', '1490450278', '1490526575', '1490526679', '1', '', '', '0', '0', '0', '0', 'v ', '0', '', '1490526679', '0');

-- ----------------------------
-- Table structure for `s_article_data`
-- ----------------------------
DROP TABLE IF EXISTS `s_article_data`;
CREATE TABLE `s_article_data` (
  `id` int(11) NOT NULL,
  `content` text NOT NULL,
  PRIMARY KEY (`id`)
) ENGINE=InnoDB DEFAULT CHARSET=utf8;

-- ----------------------------
-- Records of s_article_data
-- ----------------------------
INSERT INTO `s_article_data` VALUES ('4', '<p><strong><img src=\"http://img.sxunt.com/uploads/image/20141229/1419830779.jpg\" alt=\"\"/></strong> </p><p style=\"text-align:center;\"><strong>大展开幕式现场</strong> </p><p>\r\n	本次活动由中国文联摄影艺术中心、内蒙古自治区旅游局、<br/>兴安盟委员会、行政公署主办，兴安盟委宣传部、阿尔山市委、市政府、影像中国网承办，内蒙古人像摄影协会、兴安盟旅游局、北京智汇堂文化传媒有限公司、内蒙古大兴安阿尔山旅游公司、兴安盟摄影家协会协办。<br/>冰雪摄影大展在阿尔山市火山温泉国家公园地质博物馆举行，坚持“高水平、少而精”的原则，通过“七个一”摄影载体，全方位、多角度的深刻展示阿尔山的独特\r\n冰雪资源，让更多摄影人聚焦阿尔山的冬季冰雪文化，用影像的力量牵动阿尔山冬季文化旅游真正的火起来。现场共分为四个摄影展区：《冰雪世界--中俄蒙摄影\r\n家联展》、《童年记忆--中俄蒙青少年摄影作品展》、《可爱家园—内蒙古冬日摄影作品展》、《丰收硕果—首届阿尔山冰雪摄影大展获奖作品汇报展》。此次展\r\n览共展出摄影作品456幅，其中展出首届阿尔山冰雪摄影大展获奖作品106幅，中国摄影名家作品100幅，俄蒙摄影名家和中俄蒙青少年摄影作品100幅，\r\n自治区、兴安盟、阿尔山市摄影家和爱好者摄影作品150幅。</p><p style=\"text-align:center;\"><img src=\"http://img.sxunt.com/uploads/image/20141229/1419823995.jpg\" alt=\"\"/><br/><strong>展览现场</strong> </p><p><br/>阿尔山冰雪摄影大展的启动，也同时拉开了第四届中俄蒙国际摄影节的序幕，活动从2014年12月21日到2015年7月底结束。旨在秉承和发挥已形成的阿\r\n尔山冰雪摄影国际品牌，吸引更多俄罗斯、蒙古国摄影家和国内顶级摄影家的参与，充分体现摄影节的区域性国际特色，推动内蒙古及东北亚地区的群众性摄影活动\r\n的普及与提高。（李冲）</p>');
INSERT INTO `s_article_data` VALUES ('5', '<p><img src=\"http://img.sxunt.com/uploads/image/20141229/1419831117.jpg\" alt=\"\"/> </p><p>\r\n	开幕式由PSA China常务副主席王莉女士主持，特克斯县县委书记刘莉女士、PSA China \r\n主席邓大端先生、尚8摄影艺术展览馆馆长王晓廉先生、英国摄影家Mr. Brian \r\nMagor、台湾中华艺术摄影家学会理事长林再生先生先后为开幕式致辞。随后，大家共同为开幕式剪彩并走进展厅，与到场嘉宾一同观看展览。</p><p><br/>本次影展为大家展出入围和获奖作品共计200幅，其中包括精选自“第三届特克斯国际摄影大赛”的入围和获奖作品共115幅，这些作品是从来自全球14个国\r\n家或地区的675位摄影人的3778幅作品中，严格遵循公平、公正的原则，依据PSA \r\nChina赛事认证标准评选而出的。此外，为了更多角度的展现美国摄影学会PSA国际摄影展的理念，同时展出的还有精选自“第四届PSA \r\nChina国际摄影大赛”的85幅获奖作品。这些作品在尚8摄影艺术展览馆的3个展馆分别进行展览，使用面积达2000平，欢迎广大摄影爱好者观展！<br/><br/>展出时间：2014年12月18日——12月25日<br/>影展地点：北京摄影艺术展览馆，位于北京市朝阳区下甸甲3号院尚8国际广告产业园（大望路光辉桥南300米，百子湾路苹果社区北侧）</p>');
INSERT INTO `s_article_data` VALUES ('6', '<p><img src=\"http://img.sxunt.com/uploads/image/20141229/1419839541.jpg\" alt=\"\"/><br/></p><p>该产品目前已经在全球范围内铺货，让我们有机会了解到这款产品量产版的一些情况。&nbsp;&nbsp;&nbsp;　它是首次采用4/3传感器的徕卡\r\nD-Lux系列机型，外观设计继续保持了复古特色，全金属机身做工不俗。它内置280万画点电子取景器，3英寸LCD液晶显示屏。内置NFC、Wi-Fi\r\n功能，可通过智能手机或平板电脑进行传输或者远程操控。具体来看，它使用了1280万像素图像传感器，搭配Vario-Summilux \r\n10.9–34mm f/1.7–2.8 ASPH镜头，等效焦距24-75mm。另外，它的最高感光度为ISO \r\n25600，快门速度范围60-1/16000秒，而且最高连拍速度实现了11张每秒的目标值。</p>');
INSERT INTO `s_article_data` VALUES ('7', '<p><img src=\"http://img.sxunt.com/uploads/image/20141229/1419831800.jpg\" alt=\"\"/> </p><p>虽然目前此镜头看似要推迟上市，但依然吸引了不少富士用户的\r\n眼光。我们在今天与读者们分享此镜头的实际拍摄样张，从另外一个角度了解一下此镜头的实际表现。&nbsp;&nbsp;&nbsp; \r\n该镜头是一种适合富士X系列无反相机使用的自动对焦镜头，并具有相当于85mm(等效35mm焦距)以及F1.2超大光圈设计，从规格上看，它属于“人像\r\n利器”。此在光学结构中加入了一片APD变迹滤镜（Apodization Filter）。而且，XF 56mm F1.2 R \r\nAPD镜头还使用了双光圈设计，而当中一片 APD 滤镜最特别之处是会令光线从中央至边缘逐渐减弱（圆形渐变灰），目的是令到虚化部份的过渡更加柔和。</p><p><br/></p>');
INSERT INTO `s_article_data` VALUES ('8', '<p><strong>关于第9届“人类贡献奖”（HPA2015）的几个重要信息</strong> </p><p>\r\n	1.&nbsp;征稿日期：2014年9月16日-2015年4月15日<br/>2.&nbsp;征稿形式：网络注册投稿。登陆年赛官网<a href=\"http://2015.hpa.org.cn\">http://2015.hpa.org.cn</a>，注册并上传参赛作品。<br/>3.&nbsp;征集组照：8-14幅/组，每人限投3组<br/>4.&nbsp;参赛咨询：86 10 82035418；1623239822（QQ）；web@hpa.org.cn</p><p>\r\n	国际民俗摄影“人类贡献奖”年赛（Humanity Photo Awards \r\n，简称HPA）由中国民俗摄影协会于1998年创办，并与联合国教科文组织共同主办至今。历经16年共8届赛事，HPA以其在世界多元文化领域的唯一性、\r\n权威性和不可复制性在国际摄影赛事中独树一帜。</p><p><strong>用摄影记录民俗事象</strong> </p><p>\r\n	HPA历经16年共8届赛事，已拥有153个注册成员国，吸引了来自137个国家和地区的摄影师参赛，累计16031人次参赛，真实、生动、深刻地记录了\r\n167个国家和地区独具特色、丰富多彩的民俗事像以及它们的沿革与变迁，为世界留存了一个蔚为大观的多元文化图片库。</p><p><strong>用图片故事分享民俗文化</strong> </p><p>\r\n	只征集“组照”，用图片故事分享民俗文化，是HPA与其它摄影赛事的最大区别，这一传统从创办延续至今，充分体现了民俗摄影必须“深入采访，系列报道，小题大做”的采访特色，和对民俗摄影师的“高标准、严要求”。<br/>规格更高，意义更大，责任更重</p><p>\r\n	HPA正在迈入新的发展历程，从圆满结束的第8届HPA颁奖盛典开始至第12届HPA（2021年）已经被列入《联合国文化和睦国际十年\r\n（2013-2022）计划》的整体规划中。让世界民俗影像承担起人类多元文化记录、传播、交流和共享的责任，推动文化多样性的繁荣和发展！</p><p>\r\n	欢迎注册参赛！</p><p style=\"text-align:center;\"><a href=\"http://sai.fengniao.com/495/pic_4954140_1.html\"><br clear=\"all\"/><img src=\"http://img.sxunt.com/uploads/image/20141229/1419836043.jpg\" alt=\"\"/></a> </p><p style=\"text-align:center;\"><strong>第9届国际民俗摄影“人类贡献奖”年赛参赛章程</strong> </p><p style=\"text-align:center;\"><strong> </strong> </p><p><br/></p><p><strong>年赛宗旨</strong> </p><p>\r\n	号召全世界每一位有责任心、尊重生命、热爱生活的人士端起相机，以专题系列摄影的手段：发掘、抢救各民族濒临消逝的民俗事象。</p><p>\r\n	真实、生动、深刻地记录当今世界各民族民俗事象的沿革与变迁。</p><p>\r\n	记录、传播、共享多元文化，加强人类交流和理解，促进世界和平与发展。</p><p>\r\n	为世界民俗图库博物馆汇集全球文化的记录。</p><p><strong>年赛主办</strong> </p><p>\r\n	中国民俗摄影协会（CFPA）联合国教科文组织（UNESCO）</p><p><strong>年赛日程</strong> </p><p>\r\n	征稿日期：2014年9月16日—2015年4月15日。<br/>评选：2015年7月中旬之前，经初、复评、终审产生全部奖项。记录奖、提名奖，将分阶段在<a href=\"http://www.hpa.org.cn\">http://www.hpa.org.cn</a> 公布，终审评委特别奖、文献奖、大奖，将在颁奖典礼现场揭晓。</p><p>\r\n	颁奖：2015年9月16日举办隆重的颁奖典礼。</p><p><strong>征稿类别</strong> </p><p>\r\n	请在下列征稿类别中自由选择，并以组照（每组8-14幅）的形式参赛。</p><p>\r\n	人物服饰类:</p><p>\r\n	不同民族的服装和饰物，如常服、礼服、冠履、佩饰、发式等，以及服装和饰物的制作，服饰的穿着礼仪、禁忌等独特的服饰习俗。</p><p>\r\n	建筑文化类:</p><p>\r\n	传统民居建筑、公共设施、特色建筑（如宗教建筑）的修建过程、建筑结构、室内格局及各类家具装饰等，不同地域建筑与周边环境的关系，不同民族的居住习惯</p><p>\r\n	生活习俗类:</p><p>\r\n	最寻常的日常起居习惯，比如饮食方式、食品制作，比如清洁方式与禁忌；不同地区的生态意识、教育形态、民间医药等；某一地区、民族或部落的综合、系列生活习俗。</p><p>\r\n	生产商贸类</p><p>\r\n	适合于一定生态环境的传统生产方式，如捕鱼、狩猎、农业、林业、养殖等，以及对各种物质材料进行加工的手工业、民间工艺，为便利生活提供的服务业，对产品进行运输、交易的商贸活动等。</p><hr style=\"page-break-after:always;\" class=\"ke-pagebreak\"/><p>\r\n	节庆活动类:</p><p>\r\n	各种生产性、季节性、文娱性节日，宗教庆典，庙会等，以及节日中的各民族传统体育竞技活动，游艺娱乐习俗，音乐、舞蹈、戏剧等，尤其要体现出它们在乡里、民族交往中的积极作用。</p><p>\r\n	传统礼仪类:</p><p>\r\n	诞生、成年、婚嫁、丧葬、道德、敬老等传统礼仪，家庭与个人喜庆、村落与家族典礼，崇拜、禁忌、民间宗教仪式等。</p><p><strong>奖项设置</strong> </p><p style=\"text-align:center;\"><img src=\"http://img.sxunt.com/uploads/image/20141229/1419836292.png\" alt=\"\"/> </p><p>\r\n	①依据评审原则，共设5级奖项，依次为：G大奖，D文献奖，S终审评委特别奖，N提名奖，P记录奖。<br/>②③所有获奖者均享受尊贵邀请，参加3-6天的颁奖典礼系列活动。<br/>④依据本届获奖者分布划定补贴区域，衡量注册地至颁奖地常规交通工具的最基本费用，为享受该待遇的获奖者提供交通补贴。获奖者抵达颁奖地后，在组委会规定的时效及限额内，以实名票据报销。<br/>⑤按“征稿类别”所列六类专题，各设大奖1名，允许空缺。评选标准：摄影技艺、文献史料价值及拍摄难度三方面综合水平较高，且最能体现“人类贡献奖”年赛宗旨。<br/>⑥⑦依据组照的故事性、拍摄者的采访及编辑技巧等原则，终审评委将在提名奖中遴选出若干名终审评委特别奖，以资鼓励，其获奖者也将获得交通补贴。提名奖的最终名额为上限100名减去终审评委特别奖的若干名。<br/>⑧为鼓励阿拉伯国家、非洲、拉丁美洲和加勒比海地区的摄影师记录本土文化，上述地区的本届提名奖作者将有获得交通补贴的机会。</p><p>\r\n	只有参加颁奖典礼及系列活动的获奖者才能获得交通补贴。</p><p>\r\n	前往颁奖地的签证由获奖者自行办理、费用自付，主办方会给予力所能及的协助，但不对任何可能导致的签证问题负责。</p><p>\r\n	获奖作品均有机会由HPA宣传DVD、当届年赛出版物收录，出席典礼的获奖者均获颁纸质获奖证书、获赠当届年赛出版物。</p><p>\r\n	所有获奖者、参赛者请于2016年9月16日前登录，下载电子获奖证书、参赛纪念证。</p><p><strong>参赛规则</strong>仔细阅读，按要求参赛。</p><p><strong>有关参赛者：</strong> </p><p>\r\n	1、采用网上投稿方式。请参赛者登录年赛官方网站<a href=\"http://2015.hpa.org.cn\">http://2015.hpa.org.cn</a>，注册并上传参赛作品，请使用中文或英文填写信息。<br/>2、注册时所填“姓名”须与有效身份证件相符，不接受“艺名”、“笔名”等非真实姓名的署名要求。<br/>3、参赛者无专业、性别、年龄、民族、国家与地区等限制。<br/>4、参赛者必须是照片的拍摄者本人，否则取消获奖资格。<br/>5、不得以两人或两人以上名义参赛。<br/>6、凡参赛者，即确认接受本届年赛全部章程，并已合法解决参赛作品内容所涉名誉权、肖像权、隐私权、商标权、商号权及其他合法权益。<br/>7、本届年赛评审团、工作组成员作品不得参赛。<br/>有关参赛作品：<br/>8、除历届“人类贡献奖”年赛的获奖作品外，其他展览或比赛中的获奖作品均可参赛。<br/>9、参赛作品内容无国家、民族限定（可以拍摄一个国家的多个民族，也可以是在不同国家拍摄的同一个民族）。<br/>10、参赛作品无拍摄时间限制，一次拍摄或多年连续拍摄均可。<br/>11、参赛类别自选，主办方和评审团不负责调换类别。<br/>12、参赛者每人限送组照作品3组，每组不少于8幅，不超过14幅。<br/>13、本届比赛只接受指定网站传输的数字文件，参赛作品为JPG格式，每幅图片1-4兆。<br/>14、参赛作品可使用软件在不改变作品原貌的情况下做必要的后期处理，不得做合成、添加、删除、大幅度改变色彩等技术处理，不得以添加边框、背景等形式对电子图像进行变相装裱。为保证记录的真实性，凡合成照、拼贴照、特技照不予参评。<br/>15、参赛作品须附以内容真实的文字说明。</p><p><strong>主办者申明：</strong> </p><p>\r\n	16、本届年赛不收参赛费。<br/>17、为保证评选公正，参赛者的个人信息不得出现在图片的说明文字中和图片的任何位置上，违反者不予参评。<br/>18、在尊重作者署名权的原则下，主办单位有权在“人类贡献奖”年赛相关非商业性的宣传推广活动中（包括出版物、展览、影视节目、网络、电子媒体等）无偿、重复使用作者姓名及参赛作品和说明，并可能对后者进行必要的剪辑和修改。<br/>19、参赛作品必须在2015年4月15日前，通过指定网站完成上传（以主办方完整收到为准）。<br/>20、最终解释权归中国民俗摄影协会。</p><p><strong>参赛咨询</strong> </p><p><span style=\"color:#99BB00;\"><strong>中国民俗摄影协会</strong></span><br/>QQ：1623239822<br/>电话：010-62250403<br/>电子信箱：web@hpa.org.cn</p>');
INSERT INTO `s_article_data` VALUES ('9', '<p style=\"text-indent:2em;\">\r\n	1、新年前夜夜餐&nbsp; 巴西，里约热内卢</p><p style=\"text-align:center;text-indent:2em;\"><br clear=\"all\"/><img src=\"http://www.sxunt.com/uploads/image/20141229/ceADaWVoW3EQ.jpg\" title=\"全球的欢庆时刻 十个跨年旅行圣地推荐\" alt=\"全球的欢庆时刻 十个跨年旅行圣地推荐\" style=\"border:1px solid Black;\" height=\"333\" align=\"no\" width=\"500\"/> </p><p style=\"text-indent:2em;\">\r\n	在新年的前夜，位于巴西科帕卡巴纳海滩的新年前夜夜餐是世界上最热闹的新年庆祝活动之一。巨大的舞台沿着海滨搭建，游客可以尽情享受传统舞蹈和音乐表演。\r\n届时会有超过200万的游客身着象征好运的白色礼服欢聚在一起，畅饮香槟、跳起桑巴舞，一同等待午夜钟声的敲响。当12点的钟声响起，新的一年会伴随着海\r\n上五彩缤纷的焰火表演一同到来。<br/><br/><br/>2、时代广场&nbsp; 美国，纽约市</p><p style=\"text-align:center;\"><img src=\"http://www.sxunt.com/uploads/image/20141229/cey0pV8l6sgSI.jpg\" title=\"全球的欢庆时刻 十个跨年旅行圣地推荐\" alt=\"全球的欢庆时刻 十个跨年旅行圣地推荐\" style=\"border:1px solid Black;\" height=\"375\" align=\"no\" width=\"500\"/> </p><p style=\"text-align:center;\"><img src=\"http://www.sxunt.com/uploads/image/20141229/ceITUhsyilCWU.jpg\" title=\"全球的欢庆时刻 十个跨年旅行圣地推荐\" alt=\"全球的欢庆时刻 十个跨年旅行圣地推荐\" style=\"border:1px solid Black;\" height=\"298\" align=\"no\" width=\"500\"/> </p><p style=\"text-align:center;\"><img src=\"http://www.sxunt.com/uploads/image/20141229/ceDFhJRMpuqU.jpg\" title=\"全球的欢庆时刻 十个跨年旅行圣地推荐\" alt=\"全球的欢庆时刻 十个跨年旅行圣地推荐\" style=\"border:1px solid Black;\" height=\"333\" align=\"no\" width=\"500\"/> </p><p style=\"text-indent:2em;\"><br/>纽约这座标志性的城市是新年前夜的代名词，数百万的游人从世界各地聚集而来观看落球仪式。在等待最终倒计时的过程中，还有壮观的烟火表演以及音乐演出。闪耀的五彩纸屑飞扬在午夜的空中，烟火将夜空照亮。<br/><br/><br/>3、跨年活动&nbsp; 苏格兰，爱丁堡</p><p style=\"text-align:center;\"><img src=\"http://www.sxunt.com/uploads/image/20141229/cetT81MksgQFQ.jpg\" title=\"全球的欢庆时刻 十个跨年旅行圣地推荐\" alt=\"全球的欢庆时刻 十个跨年旅行圣地推荐\" style=\"border:1px solid Black;\" height=\"287\" align=\"no\" width=\"500\"/> </p><p style=\"text-indent:2em;\"><br/>爱丁堡的跨年活动算得上是世界上最大型的新年街头聚会之一，爱丁堡城堡上的烟火表演将为期四天的街头庆祝活动推向了高潮。火炬之光游行、烛光音乐会以及苏格兰民族舞蹈都只是这个庆祝活动的其中的一小部分亮点。<br/><br/><br/>4、澳大利亚，悉尼</p><p style=\"text-align:center;\"><img src=\"http://www.sxunt.com/uploads/image/20141229/ceasceP8BcBx2.jpg\" title=\"全球的欢庆时刻 十个跨年旅行圣地推荐\" alt=\"全球的欢庆时刻 十个跨年旅行圣地推荐\" style=\"border:1px solid Black;\" height=\"334\" align=\"no\" width=\"500\"/> </p><p style=\"text-align:center;\"><img src=\"http://www.sxunt.com/uploads/image/20141229/ceFNg3Ct88Sf.jpg\" title=\"全球的欢庆时刻 十个跨年旅行圣地推荐\" alt=\"全球的欢庆时刻 十个跨年旅行圣地推荐\" style=\"border:1px solid Black;\" height=\"353\" align=\"no\" width=\"500\"/> </p><p style=\"text-align:center;\"><img src=\"http://www.sxunt.com/uploads/image/20141229/ce0JGkjtdcU8E.jpg\" title=\"全球的欢庆时刻 十个跨年旅行圣地推荐\" alt=\"全球的欢庆时刻 十个跨年旅行圣地推荐\" style=\"border:1px solid Black;\" height=\"321\" align=\"no\" width=\"500\"/> </p><p style=\"text-indent:2em;\"><br/>在悉尼的跨年庆祝活动上，游人可以看到世界上最大型的烟火表演。悉尼也被称作世界的&quot;新年夜之都&quot;，届时会有传统的庆典活动、空中特技表演以及叹为观止的烟火汇演。随着午夜12点钟声的敲响，重达7吨的烟火同时燃放，瞬间照亮悉尼海港大桥和周围的建筑。</p><p style=\"text-indent:2em;\"><br/></p><p style=\"text-indent:2em;\">\r\n	5、香榭丽舍大街&nbsp; 法国，巴黎</p><p style=\"text-align:center;text-indent:2em;\"><br clear=\"all\"/><img src=\"http://www.sxunt.com/uploads/image/20141229/ceVguVn5ZNAFE.jpg\" title=\"全球的欢庆时刻 十个跨年旅行圣地推荐\" alt=\"全球的欢庆时刻 十个跨年旅行圣地推荐\" style=\"border:1px solid Black;\" height=\"333\" align=\"no\" width=\"500\"/> </p><p style=\"text-indent:2em;\"><br/></p><hr style=\"page-break-after:always;\" class=\"ke-pagebreak\"/><p><br/></p><p style=\"text-indent:2em;\"><br/></p><p style=\"text-align:center;\"><img src=\"http://www.sxunt.com/uploads/image/20141229/cendXYHG3Ygu2.jpg\" title=\"全球的欢庆时刻 十个跨年旅行圣地推荐\" alt=\"全球的欢庆时刻 十个跨年旅行圣地推荐\" style=\"border:1px solid Black;\" height=\"322\" align=\"no\" width=\"500\"/> </p><p style=\"text-align:center;\"><img src=\"http://www.sxunt.com/uploads/image/20141229/cePwWE2rlmLNw.jpg\" title=\"全球的欢庆时刻 十个跨年旅行圣地推荐\" alt=\"全球的欢庆时刻 十个跨年旅行圣地推荐\" style=\"border:1px solid Black;\" height=\"318\" align=\"no\" width=\"500\"/> </p><p style=\"text-align:center;\"><img src=\"http://www.sxunt.com/uploads/image/20141229/ceKQS0fHeus.jpg\" title=\"全球的欢庆时刻 十个跨年旅行圣地推荐\" alt=\"全球的欢庆时刻 十个跨年旅行圣地推荐\" style=\"border:1px solid Black;\" height=\"327\" align=\"no\" width=\"500\"/> </p><p style=\"text-indent:2em;\">\r\n	巴黎人用时髦的方式庆祝着新年。在&quot;光明之城&quot;巴黎，耀眼的灯展和烟火表演独具特色，此外在香榭丽舍大街还有大型的街头聚会，人们畅饮着香槟。午夜时刻的埃菲尔铁塔会上演壮观的灯光表演，人们互相亲吻脸颊以送上新年的祝福。<br/><br/><br/>6、泰晤士河&nbsp; 英国，伦敦</p><p style=\"text-align:center;\"><img src=\"http://www.sxunt.com/uploads/image/20141229/ceqyc4rjN66yg.jpg\" title=\"全球的欢庆时刻 十个跨年旅行圣地推荐\" alt=\"全球的欢庆时刻 十个跨年旅行圣地推荐\" style=\"border:1px solid Black;\" height=\"332\" align=\"no\" width=\"500\"/> </p><p style=\"text-align:center;\"><img src=\"http://www.sxunt.com/uploads/image/20141229/ceOWNIne5S1nw.jpg\" title=\"全球的欢庆时刻 十个跨年旅行圣地推荐\" alt=\"全球的欢庆时刻 十个跨年旅行圣地推荐\" style=\"border:1px solid Black;\" height=\"375\" align=\"no\" width=\"500\"/> </p><p style=\"text-indent:2em;\"><br/>泰晤士河的新年烟火表演同样吸引着全球各地的游客。烟火从被称作&quot;伦敦眼&quot;的巨型摩天轮点燃，游客可以在河边欣赏绚丽的烟火，也可以在特拉法加和议会广场的大屏幕中观看烟火燃放的盛况。<br/><br/>7、盛大舞会&nbsp; 奥地利，维也纳</p><p style=\"text-align:center;\"><img src=\"http://www.sxunt.com/uploads/image/20141229/ceopIdLPKycCk.jpg\" title=\"全球的欢庆时刻 十个跨年旅行圣地推荐\" alt=\"全球的欢庆时刻 十个跨年旅行圣地推荐\" style=\"border:1px solid Black;\" height=\"375\" align=\"no\" width=\"500\"/> </p><p style=\"text-align:center;\"><img src=\"http://www.sxunt.com/uploads/image/20141229/cefhBGulbReUM.jpg\" title=\"全球的欢庆时刻 十个跨年旅行圣地推荐\" alt=\"全球的欢庆时刻 十个跨年旅行圣地推荐\" style=\"border:1px solid Black;\" height=\"326\" align=\"no\" width=\"500\"/> </p><p style=\"text-align:center;\"><img src=\"http://www.sxunt.com/uploads/image/20141229/ce0MDFrY0NBzI.jpg\" title=\"全球的欢庆时刻 十个跨年旅行圣地推荐\" alt=\"全球的欢庆时刻 十个跨年旅行圣地推荐\" style=\"border:1px solid Black;\" height=\"375\" align=\"no\" width=\"500\"/> </p><p style=\"text-indent:2em;\"><br/>与在街头庆祝新年的城市不同，维也纳将地点选在了舞厅。盛大舞会在霍夫堡宫举行，古典音乐、芭蕾表演和有四道菜的晚宴都是这场舞会的特色。而午夜的欢庆活动主要是烟火表演和蓝色多瑙河圆舞曲的上演。</p><p style=\"text-indent:2em;\">\r\n	8、亚拉公园&nbsp; 澳大利亚，墨尔本</p><p style=\"text-align:center;text-indent:2em;\"><br clear=\"all\"/><img src=\"http://www.sxunt.com/uploads/image/20141229/ce1YG0TylZbuM.jpg\" title=\"全球的欢庆时刻 十个跨年旅行圣地推荐\" alt=\"全球的欢庆时刻 十个跨年旅行圣地推荐\" style=\"border:1px solid Black;\" height=\"333\" align=\"no\" width=\"500\"/> </p><p style=\"text-align:center;\"><img src=\"http://www.sxunt.com/uploads/image/20141229/cejIBaDfhHkAY.jpg\" title=\"全球的欢庆时刻 十个跨年旅行圣地推荐\" alt=\"全球的欢庆时刻 十个跨年旅行圣地推荐\" style=\"border:1px solid Black;\" height=\"282\" align=\"no\" width=\"500\"/> </p><p style=\"text-indent:2em;\"><br/>新年的前夜，和家人一起在墨尔本的亚拉公园听到新年的钟声也是一件很幸福的事情。公园会举办一系列的活动，包括互换新年礼物、盛装表演、化妆晚会以及社团艺术表演。孩子们和父母可以一同在维多利亚港观看色彩斑斓的午夜烟火表演。</p><p style=\"text-indent:2em;\"><br/></p><hr style=\"page-break-after:always;\" class=\"ke-pagebreak\"/><p><br/><br/><br/>9、拉斯维加斯大道&nbsp; 美国，拉斯维加斯</p><p><br/></p><p style=\"text-indent:2em;\"><br/></p><p style=\"text-align:center;\"><img src=\"http://www.sxunt.com/uploads/image/20141229/ceZR7YWh39Q.jpg\" title=\"全球的欢庆时刻 十个跨年旅行圣地推荐\" alt=\"全球的欢庆时刻 十个跨年旅行圣地推荐\" style=\"border:1px solid Black;\" height=\"346\" align=\"no\" width=\"500\"/> </p><p style=\"text-indent:2em;\"><br/>新年前夜的拉斯维加斯可谓热闹非凡，整条拉斯维加斯大道俨然变作一个规模巨大的街头派对，这可丝毫没有辜负它作为&quot;世界派对之都&quot;的美誉。热闹的欢庆活动\r\n除了烟火演出还包括乐队的现场演出和激光表演。在百乐宫的喷泉下来一个午夜之吻，这似乎已经成为了传统。香槟和鸡尾酒再外加赌博，才算构成了新年中完整的\r\n罪恶之城。<br/><br/>10、英里派对&nbsp; 德国，柏林</p><p style=\"text-align:center;\"><img src=\"http://www.sxunt.com/uploads/image/20141229/ceTmENPhEuHGQ.jpg\" title=\"全球的欢庆时刻 十个跨年旅行圣地推荐\" alt=\"全球的欢庆时刻 十个跨年旅行圣地推荐\" style=\"border:1px solid Black;\" height=\"328\" align=\"no\" width=\"500\"/> </p><p style=\"text-align:center;\"><img src=\"http://www.sxunt.com/uploads/image/20141229/ceqfrQpApllDI.jpg\" title=\"全球的欢庆时刻 十个跨年旅行圣地推荐\" alt=\"全球的欢庆时刻 十个跨年旅行圣地推荐\" style=\"border:1px solid Black;\" height=\"338\" align=\"no\" width=\"500\"/> </p><p style=\"text-indent:2em;\"><br/>柏林的&quot;英里派对&quot;可谓是世界上规模最大的露天新年派对之一。两千米长的街道里有着各种独具特色的酒吧和全球不同风味的食品摊位，同样还有激光表演，另\r\n外，在街道的主舞台上还会上演现场音乐会，当然也少不了流行乐演唱。狂欢之夜将在大型的烟火表演中落下帷幕。没有尽兴的游客也可以在街头永不停止的舞池中\r\n嗨到黎明。</p><p style=\"text-indent:2em;\"><br/></p><p style=\"text-indent:2em;\"><br/></p><p style=\"text-indent:2em;\"><br/></p>');
INSERT INTO `s_article_data` VALUES ('10', '<p><img style=\"border:1px solid Black;\" alt=\"你去过了没 全球几大优质低价旅游地\" title=\"你去过了没 全球几大优质低价旅游地\" src=\"http://www.sxunt.com/uploads/image/20141229/ceBxxdzkCkZGs.jpg\" height=\"329\" align=\"no\" width=\"500\"/></p><p style=\"text-align:center;\"><img style=\"border:1px solid Black;\" alt=\"你去过了没 全球几大优质低价旅游地\" title=\"你去过了没 全球几大优质低价旅游地\" src=\"http://www.sxunt.com/uploads/image/20141229/ceP7vS4NP5MoU.jpg\" height=\"329\" align=\"no\" width=\"500\"/><br/><strong>菲律宾</strong></p><p><br/>菲律宾<br/>如果你爱挑便宜货、喜欢户外互动和爱吃，那么一定要来菲律宾。菲律宾彰显各国文化特色，自然风光秀丽，旅游业十分发达。孤独星球旅行网最近 \r\n把菲律宾评为2014最值得一去的旅游地。首席信息官研究财富管理模式，制作出价格和收入报告，报告显示世界上部分最便宜的商店和高档饭店都坐落于菲律宾\r\n马尼拉。例如，在菲律宾一个全新的衣柜售价410美元——但类似的衣柜在日本东京则售价2870美元。在菲律宾好的餐馆，点3个菜一般只需18美元，但在\r\n 日内瓦或奥斯陆则需95美元。<br/>尽管菲律宾前段时间受台风海雁袭击，损失惨重，但旅游业是促进国家恢复的重要手段，得到相当重视，所以不用担心，赶紧去菲律宾游玩吧!菲律宾大部分地区和主要著名的旅游景点并未受到破坏。</p><p style=\"text-align:center;\"><img style=\"border:1px solid Black;\" alt=\"你去过了没 全球几大优质低价旅游地\" title=\"你去过了没 全球几大优质低价旅游地\" src=\"http://www.sxunt.com/uploads/image/20141229/ce4ZneZKzJGXc.jpg\" height=\"329\" align=\"no\" width=\"500\"/><br/><strong>希腊</strong></p><p><br/>希腊<br/>经过多年的冲突，闻名古希腊终究适应了现代化生活。受经济危机影响，希腊处境严峻，旅游业低迷。依靠旅游业发展的希腊因经济危机受到严重的 \r\n打击!如今的希腊计划修建数千艘船、飞机和火车，为游客提供更多便捷的交通方式来希腊旅游，观赏古老遗迹和闻名遐迩的沙滩。想避开密集人群，享受低价旅 \r\n游，来希腊吧!</p><p style=\"text-align:center;\"><img style=\"border:1px solid Black;\" alt=\"你去过了没 全球几大优质低价旅游地\" title=\"你去过了没 全球几大优质低价旅游地\" src=\"http://www.sxunt.com/uploads/image/20141229/cedhys4zSh5pg.jpg\" height=\"329\" align=\"no\" width=\"500\"/><br/><strong>墨西哥城</strong></p><p><br/>墨西哥，墨西哥城<br/>从两个方面可以看出墨西哥是低价旅游地：一般从美国到墨西哥的机票都相当实惠。一旦来到墨西哥，你会发现这里没有其他大城市的奢华别致，多 \r\n一分简朴实惠。墨西哥除了旅游价格低廉，风景宜人，蕴含丰富文化色彩，是值得你一去的地方。据价格和收入报告得，墨西哥城是其中一个拥有全球价格最便宜的\r\n 五星级酒店的城市：平均房价为210美元一晚。而在美国纽约的奢华酒店，平均房价则为730美元一晚。墨西哥为游客提供高质量服务，愈发炫耀夺目。</p><p><img style=\"border:1px solid Black;\" alt=\"你去过了没 全球几大优质低价旅游地\" title=\"你去过了没 全球几大优质低价旅游地\" src=\"http://www.sxunt.com/uploads/image/20141229/cew9pWeX0Zfg.jpg\" height=\"329\" align=\"no\" width=\"500\"/><br/><strong>里斯本</strong></p><p><br/>葡萄牙，里斯本<br/>来里斯本吧，价格真的相当实惠!里斯本城横跨连绵不断的山峰，城内当地居民热情友好，街道蜿蜒，风景宜人，消费价格实惠。如何实惠？据价格 \r\n和收入报告得，在调查的72城市中，里斯本的中型酒店价格最便宜，平均房价为80美元一晚——低于全球平均房价的百分之五十。去年里斯本的两所酒店入选了\r\n Smarter Travel 网的10大实惠高档酒店列表。</p><p style=\"text-align:center;\"><img style=\"border:1px solid Black;\" alt=\"你去过了没 全球几大优质低价旅游地\" title=\"你去过了没 全球几大优质低价旅游地\" src=\"http://www.sxunt.com/uploads/image/20141229/ceh16jHEl9spY.jpg\" height=\"329\" align=\"no\" width=\"500\"/><br/><strong>布加勒斯特</strong></p><p><br/>罗马尼亚，布加勒斯特<br/>布加勒斯特城在齐奥塞斯库的共产党统治下已有20多年，历尽磨难，但其独特的现代大都市魅力无限。布加勒斯特城曾以&quot;小巴黎城&quot;而闻名，独 \r\n特魅力吸引了越来越多的游客来访，消费价格相当实惠，是个旅游的好地方。布加勒斯特城是其中一个拥有全球价格最便宜的五星级酒店的城市：平均房价为190\r\n美元一晚。据价格和收入报告得，布加勒斯特城是最便宜的周末度假地，住宿、美酒佳肴、的士和公共交通、汽车租借和其他等费用平均价格只需370美元，然而\r\n 在巴黎，约需1100美元。</p><p style=\"text-align:center;\"><img style=\"border:1px solid Black;\" alt=\"你去过了没 全球几大优质低价旅游地\" title=\"你去过了没 全球几大优质低价旅游地\" src=\"http://www.sxunt.com/uploads/image/20141229/ceqzma5i9B22c.jpg\" height=\"329\" align=\"no\" width=\"500\"/><br/><strong>印度</strong></p><p><br/>印度<br/>虽然到达印度的飞机票价格略贵，但在印度，汇率低，住宿便宜，还有各色各样的免费旅游景点，吃饭购物也相当便宜。Frommer&#39;s旅游网 \r\n和孤单星球旅游网均把印度列为2014年最低价的旅游地。价格和收入报告则把德里和孟买列为全球最低价大城市。在印度，商品、服务和食物都十分便宜。然 \r\n而，要注意的是妇女暴力事件是印度的大问题，虽然印度之旅会相当充实与难忘，但在计划行程中应当考虑好安全问题。</p><p>\r\n	保加利亚，索非亚<br/>来索非亚城旅游吧，消费价格真的十分低!据价格和收入报告得，在调查的全球72座城市中，保加利亚首的中型酒店的价格最便宜：平均房价为 \r\n80美元一晚，低于全球平均房价的百分之五十。据年度欧洲三星级旅客消费标准得，索非亚是旅游消费价格最低的城市。在索非亚一天的住宿、交通、餐饮和活动\r\n 费用大约只需49美元。不仅仅是索非亚，孤单星球网把保加利亚列为旅游消费价格最低的国家。</p><p style=\"text-align:center;\"><img style=\"border:1px solid Black;\" alt=\"你去过了没 全球几大优质低价旅游地\" title=\"你去过了没 全球几大优质低价旅游地\" src=\"http://www.sxunt.com/uploads/image/20141229/ceXyGTWwUW2VI.jpg\" height=\"329\" align=\"no\" width=\"500\"/><br/><strong>尼加拉瓜</strong></p><p><br/>尼加拉瓜共和国<br/>每隔几年，都会有一个中美国家被授予&quot;下一个哥斯达黎加&quot;的殊荣——意思是这个国家相对安全、自然风光秀丽、消费价格低和旅客多。今年，尼 \r\n加拉瓜共和国想取得这一名衔。尼加拉瓜共和国内有火山、热带雨林、河流和加勒比海的沙滩，吸引各地游客到访。但如果尼加拉瓜共和国在接下来几年变得越来越\r\n受游客欢迎的话，消费价格也可能会变得昂贵。预计现在在尼加拉瓜共和国一天的最低消费为20美元，花费不多就能过上舒适的生活。最近宪法章程做出了修改，\r\n 减少对总统权利的限制，这对于民主制度的建立是个潜在的威胁，但看来不会对游客造成直接影响。</p><p style=\"text-align:center;\"><img style=\"border:1px solid Black;\" alt=\"你去过了没 全球几大优质低价旅游地\" title=\"你去过了没 全球几大优质低价旅游地\" src=\"http://www.sxunt.com/uploads/image/20141229/ceBJPXLsqiZUg.jpg\" height=\"329\" align=\"no\" width=\"500\"/><br/><strong>里加</strong></p><p><br/>拉脱维亚，里加<br/>里加市如今仍尚未开发，因此旅游消费价格低廉。然而随着里加市成为2014年欧洲文化首都，旅游消费价格可能会发生变化。尽管如此，游客现 \r\n在在里加市仍是可以享受低价住宿、游玩和餐饮。据欧洲三星级旅客和欧洲背包客的消费标准得，里加市位列旅游消费价格最低城市前十，(三星级旅客每天在住 \r\n宿、交通、餐饮和活动等费用平均价格约需74美元，而背包客则约需33美元。)</p><p><br/></p>');
INSERT INTO `s_article_data` VALUES ('11', '<p style=\"text-indent:2em;\">\r\n	在本次展览中，通过53位国际摄影家的200余幅摄影原作，呈现了175年世界摄影史中“直接摄影”这一流派的发展历程。这次展览堪称中国美术馆展\r\n出的经典原作数量最多、历史脉络最清晰、艺术结构最紧密的国际摄影展览。它的亮相引发了针对西方经典摄影大师作品的观看与讨论的热潮。</p><p style=\"text-align:center;text-indent:2em;\"><br clear=\"all\"/><img src=\"http://img.sxunt.com/uploads/image/20141229/1419844423.jpg\" alt=\"\"/><br/><strong>卢骁在大展开幕式上致辞</strong> </p><p style=\"text-align:center;\"><img src=\"http://img.sxunt.com/uploads/image/20141229/1419840897.jpg\" alt=\"\"/><br/><strong>伊莫金-坎宁安作品</strong> </p><p style=\"text-indent:2em;\"><br/>虽然“乘物游心——1839-1937直接摄影原作展”已于12月10日闭幕，但是有关它的讨论话题仍在持续发酵。在这个数码时代我们应该如何从上世纪的\r\n西方经典中汲取营养？“直接摄影”有着怎样的一段历史？作为一家民营画廊出于什么样的考虑向国家美术馆捐赠了大量的摄影原作？……围绕这些话题蜂鸟网特别\r\n邀请到本次展览的执行策展人，泰吉轩画廊艺术总监卢骁与我们进行一次面对面的交流。他将向我们介绍本次展览策展前后的因果关系以及他眼中对于“直接摄影”\r\n这段历史的理解，并且您也可以在现场分享个人的观展心得。相信通过这次交流将有助于大家加深对于经典摄影作品的品读与认识。<br/>12月23日19：30，在泰吉轩画廊我们等您来参与。<br/>泰吉轩画廊地址：北京市西城区白云路6号云起时珍宝花园A1-8 （长安街首都博物馆向南500米路东）</p><p style=\"text-indent:2em;\"><br/></p>');
INSERT INTO `s_article_data` VALUES ('12', '<p><img src=\"http://img.sxunt.comhttp://img.sxunt.com/uploads/image/20141229/1419844473.jpg\" alt=\"\"/><br/> </p><p>与佳能第一代100-400/4.5-5.6L IS \r\nUSM镜头相比，新镜头加入了多项技术点。最为直观的改变，就是由原来的推拉式变焦设计变为旋转式变焦，并且采用全新设计的变焦调整环以及三脚架接环，拍\r\n摄操作性显著提升。此外，在镜头光学结构方面，镜头采用16组21片光学结构，内含1片萤石镜片和1片UD镜片。它采用优化的光学设计以及有效抑制眩光及\r\n鬼影的全新ASC空气球形镀膜（AIR SPHERE \r\nCOATING），显著提升了光学表现。手抖动补偿效果也由原来的2级补偿提高为4级快门速度补偿效果，最近对焦距离大幅缩减至0.98m，最大放大倍率\r\n也提升为0.31倍。&nbsp;（作者：宋佳佳 2014-12-19）</p>');
INSERT INTO `s_article_data` VALUES ('13', '<p><img src=\"http://img.sxunt.com/uploads/image/20141229/1419839338.jpg\" alt=\"\"/><br/></p><p>镜头结构同为5组6片，体积也相差无几，但价格却足足便宜了一半，仅为300元左右，甚至远销欧洲，现在已经卖断了货。永\r\n诺50mm \r\nf/1.8镜头体积仅120g，比小痰盂还轻10g，7片光圈叶片，最小光圈f/22，最近对焦距离达到0.45m。作为中国第一支支持自动对焦的镜头，\r\n永诺50mm f/1.8可谓赚尽了眼球。</p><p><br/></p><p><br/></p>');
INSERT INTO `s_article_data` VALUES ('14', '<p style=\"text-indent:2em;\">\r\n	2011年，女摄影师Jessamyn Lovell发现她的钱包在旧金山SF \r\nCamerawork画廊被人偷走，不久之后就收到了一堆信用卡被盗刷的账单、交通罚单，甚至被盗用姓名顶罪。按照常理，这时Jessamyn应该选择冻\r\n结信用卡止损并报警，不过她还是做了另外的选择——让天下人都知道小偷是谁。</p><p><img style=\"border:1px solid Black;\" alt=\"一位女摄影师的复仇：偷我包后果很严重\" title=\"一位女摄影师的复仇：偷我包后果很严重\" src=\"http://img.sxunt.com/uploads/image/20141229/1419839649.jpg\" height=\"402\" align=\"no\" width=\"500\"/> </p><p style=\"text-indent:2em;\">\r\n	Jessamyn先是请来私家侦探，调查发现盗刷信用卡的是一个叫Erin \r\nHart的女惯犯，在了解清楚她的样貌以及生活范围以后，Jessamyn化身狗仔队，在公共场合把对方的一举一动全部偷拍下来，有时候甚至是擦肩而过。\r\n按照她本人的说法“既然她未经允许进入我的生命，那我也无需她的许可将这笔经验创造出一些新的东西”。</p><p style=\"text-align:center;\"><img style=\"border:1px solid Black;\" alt=\"一位女摄影师的复仇：偷我包后果很严重\" title=\"一位女摄影师的复仇：偷我包后果很严重\" src=\"http://img.sxunt.com/uploads/image/20141229/1419838651.jpg\" height=\"809\" align=\"no\" width=\"500\"/> </p><p style=\"text-align:center;\"><img style=\"border:1px solid Black;\" alt=\"一位女摄影师的复仇：偷我包后果很严重\" title=\"一位女摄影师的复仇：偷我包后果很严重\" src=\"http://img.sxunt.com/uploads/image/20141229/1419847188.jpg\" height=\"399\" align=\"no\" width=\"500\"/> </p><p style=\"text-indent:2em;\">\r\n	Jessamyn决定在SF Camerawork画廊，也就是钱包被偷走的地方举办影展“Dear Erin Hart（亲爱的Erin \r\nHart）”，把34张偷拍的照片公开展出。同时，Jessamyn还会把展览邀请函寄送到Erin \r\nHart手中。真的好难想象Hart走进展览发现主角是自己时会有什么表情。<br/><br/>而这，就是一个女摄影师对小偷的复仇。</p><p style=\"text-align:center;\"><img style=\"border:1px solid Black;\" alt=\"一位女摄影师的复仇：偷我包后果很严重\" title=\"一位女摄影师的复仇：偷我包后果很严重\" src=\"http://img.sxunt.com/uploads/image/20141229/1419838157.jpg\" height=\"375\" align=\"no\" width=\"500\"/> </p><p style=\"text-align:center;\"><img style=\"border:1px solid Black;\" alt=\"一位女摄影师的复仇：偷我包后果很严重\" title=\"一位女摄影师的复仇：偷我包后果很严重\" src=\"http://img.sxunt.com/uploads/image/20141229/1419844665.jpg\" height=\"334\" align=\"no\" width=\"500\"/> </p><p style=\"text-align:center;\"><img style=\"border:1px solid Black;\" alt=\"一位女摄影师的复仇：偷我包后果很严重\" title=\"一位女摄影师的复仇：偷我包后果很严重\" src=\"http://img.sxunt.com/uploads/image/20141229/1419843243.jpg\" height=\"320\" align=\"no\" width=\"500\"/> </p><p style=\"text-align:center;\"><img src=\"http://img.sxunt.com/uploads/image/20141229/1419842977.jpg\" title=\"一位女摄影师的复仇：偷我包后果很严重\" alt=\"一位女摄影师的复仇：偷我包后果很严重\" style=\"border:1px solid Black;\" height=\"328\" align=\"no\" width=\"500\"/> </p><p style=\"text-indent:2em;\"><br/></p>');
INSERT INTO `s_article_data` VALUES ('15', '<p>\r\n	手机固然重要，但是对于苹果来说，店\r\n面是宣传自家品牌的第一道门面，最近有外媒评选出全球最美的苹果店，身为果粉的你去过哪家呢？外出旅行时千万别忘了去全球各地的Apple店转转，让我们\r\n先去全球最美的Apple店游览踩点吧！</p><p><strong>伊斯坦布尔</strong> </p><p style=\"text-align:center;\"><br clear=\"all\"/><img src=\"http://img.sxunt.com/uploads/image/20141229/1419845897.jpg\" title=\"iPhone6发布 一览全球最高大上的苹果店\" alt=\"iPhone6发布 一览全球最高大上的苹果店\" style=\"border:1px solid Black;\" height=\"338\" align=\"no\" width=\"500\"/> </p><p>\r\n	位于土耳其伊斯坦布尔的苹果商店日前刚刚开幕，该建筑由福斯特负责设计。从上空来看，这座苹果商店看起来就像是一个超大号的Macbook。</p><p><strong>悉尼</strong> </p><p style=\"text-align:center;\"><img src=\"http://img.sxunt.com/uploads/image/20141229/1419847980.jpg\" title=\"iPhone6发布 一览全球最高大上的苹果店\" alt=\"iPhone6发布 一览全球最高大上的苹果店\" style=\"border:1px solid Black;\" height=\"338\" align=\"no\" width=\"500\"/> </p><p>\r\n	2008年，苹果在南半球开办了自己的首家苹果商店。该商店位于悉尼商业区的中心位置，总共拥有三层。同其他大多数苹果商店一样，苹果的巨大Logo被悬挂在了商店正中间，而店内的灯光则会在晚间照亮整条街道。</p><p><strong>巴黎</strong> </p><p style=\"text-align:center;\"><br clear=\"all\"/><img src=\"http://img.sxunt.com/uploads/image/20141229/1419844857.jpg\" title=\"iPhone6发布 一览全球最高大上的苹果店\" alt=\"iPhone6发布 一览全球最高大上的苹果店\" style=\"border:1px solid Black;\" height=\"338\" align=\"no\" width=\"500\"/> </p><p style=\"text-align:center;\"><img src=\"http://img.sxunt.com/uploads/image/20141229/1419846839.jpg\" title=\"iPhone6发布 一览全球最高大上的苹果店\" alt=\"iPhone6发布 一览全球最高大上的苹果店\" style=\"border:1px solid Black;\" height=\"338\" align=\"no\" width=\"500\"/> </p><p>\r\n	2010年，苹果在法国巴黎知名的Opéra广场开了一家新零售店，这家门店的前身是一家拥有134年历史的银行。在装修时，苹果尽可能的保留了这座由大理石和石灰石构成的建筑原貌，甚至还不惜花费大量时间擦洗旧银行留下的烟熏痕迹。</p><p><strong>北京三里屯</strong> </p><p style=\"text-align:center;\"><img src=\"http://img.sxunt.com/uploads/image/20141229/1419846019.jpg\" title=\"iPhone6发布 一览全球最高大上的苹果店\" alt=\"iPhone6发布 一览全球最高大上的苹果店\" style=\"border:1px solid Black;\" height=\"338\" align=\"no\" width=\"500\"/> </p><p>\r\n	这应该是中国人最为熟悉的一家苹果店了。这家设计前卫、且几乎完全透明的苹果商店几乎成了我们对苹果旗舰店的印象。</p><p><strong>纽约</strong> </p><p style=\"text-align:center;\"><br clear=\"all\"/><img src=\"http://img.sxunt.com/uploads/image/20141229/1419848227.jpg\" title=\"iPhone6发布 一览全球最高大上的苹果店\" alt=\"iPhone6发布 一览全球最高大上的苹果店\" style=\"border:1px solid Black;\" height=\"338\" align=\"no\" width=\"500\"/> </p><p>\r\n	位于纽约第五大道的苹果旗舰店外观是由几块高达32英尺的巨大玻璃组成的，而内部的透明楼梯则通向零售店超大的内部空间。</p><p><strong>柏林</strong> </p><p style=\"text-align:center;\"><img src=\"http://img.sxunt.com/uploads/image/20141229/1419845905.jpg\" title=\"iPhone6发布 一览全球最高大上的苹果店\" alt=\"iPhone6发布 一览全球最高大上的苹果店\" style=\"border:1px solid Black;\" height=\"338\" align=\"no\" width=\"500\"/> </p><p style=\"text-align:center;\"><img src=\"http://img.sxunt.com/uploads/image/20141229/1419843217.jpg\" title=\"iPhone6发布 一览全球最高大上的苹果店\" alt=\"iPhone6发布 一览全球最高大上的苹果店\" style=\"border:1px solid Black;\" height=\"338\" align=\"no\" width=\"500\"/> </p><p>\r\n	柏林苹果商店位于绿树成荫的库弗斯坦达姆大街，这条被称作柏林版的香榭丽舍大街。而且，该建筑本身的历史可以追溯到1913年，原本是一座当地知名的剧院。</p><hr style=\"page-break-after:always;\" class=\"ke-pagebreak\"/><p><strong>伦敦</strong> </p><p style=\"text-align:center;\"><br clear=\"all\"/><img src=\"http://img.sxunt.com/uploads/image/20141229/1419839491.jpg\" title=\"iPhone6发布 一览全球最高大上的苹果店\" alt=\"iPhone6发布 一览全球最高大上的苹果店\" style=\"border:1px solid Black;\" height=\"338\" align=\"no\" width=\"500\"/> </p><p style=\"text-align:center;\"><img src=\"http://img.sxunt.com/uploads/image/20141229/1419842523.jpg\" title=\"iPhone6发布 一览全球最高大上的苹果店\" alt=\"iPhone6发布 一览全球最高大上的苹果店\" style=\"border:1px solid Black;\" height=\"338\" align=\"no\" width=\"500\"/> </p><p>\r\n	于2010年开幕的伦敦苹果商店位于摄政街(Regent Street)，店内总面积达到了2万8千平方英尺，是世界上最大的苹果零售店之一，并雇佣了超过300名员工。</p><p><strong>上海浦东</strong> </p><p style=\"text-align:center;\"><img src=\"http://img.sxunt.com/uploads/image/20141229/1419847649.jpg\" title=\"iPhone6发布 一览全球最高大上的苹果店\" alt=\"iPhone6发布 一览全球最高大上的苹果店\" style=\"border:1px solid Black;\" height=\"338\" align=\"no\" width=\"500\"/> </p><p>\r\n	位于上海浦东的苹果商店设计非常标新立异，地面上部分采用了大量玻璃材质设计。据悉，苹果已经为自己的玻璃设计方案申请了专利，而这些玻璃的生产工艺也需要非常严格的检验才能达到苹果的标准。</p><p><strong>纽约中央车站</strong> </p><p style=\"text-align:center;\"><br clear=\"all\"/><img src=\"http://img.sxunt.com/uploads/image/20141229/1419844091.jpg\" title=\"iPhone6发布 一览全球最高大上的苹果店\" alt=\"iPhone6发布 一览全球最高大上的苹果店\" style=\"border:1px solid Black;\" height=\"338\" align=\"no\" width=\"500\"/> </p><p style=\"text-align:center;\"><img src=\"http://img.sxunt.com/uploads/image/20141229/1419844726.jpg\" title=\"iPhone6发布 一览全球最高大上的苹果店\" alt=\"iPhone6发布 一览全球最高大上的苹果店\" style=\"border:1px solid Black;\" height=\"338\" align=\"no\" width=\"500\"/> </p><p>\r\n	位于纽约中央车站的苹果商店或许是全球最富盛名的苹果商店之一。有消息称，苹果当时支付了250万美元用于店面装修，但还支付了500万美元给前任租户作为转租费才成功盘下了这一店面。</p><p><br/></p>');
INSERT INTO `s_article_data` VALUES ('17', '<p style=\"text-align:center;\"><img src=\"http://img.sxunt.com/uploads/image/20150102/1420184177.jpg\" alt=\"\"/><br/> </p><p>福伦达HELIAR 40mm F2.8 \r\nVM新镜成为了目前FE卡口镜头的最新选择，作为一款德系品牌手动镜头新品，它的体积轻便、光学结构先进。我们一起来今天欣赏一下此镜头的实际拍摄样张。</p><p><br/> </p><p>这款镜头看上去不但体积轻便，而且质感十足，镜筒看上去非常纤细，相信在做工方面能够满足我们的需求。而它的物理卡口虽然为索尼卡口，但是实际上它\r\n也可以使用索尼的全画幅微单相机上，具体为FE卡口。从具体参数上看，该镜头采用3组5片式光学结构，10叶片圆形光圈，最近对焦距离0.5m，重\r\n132g，滤镜口径52mm。</p>');
INSERT INTO `s_article_data` VALUES ('18', '<p><img src=\"http://img.sxunt.com/uploads/image/20150102/1420187308.jpg\" alt=\"\"/><img src=\"http://img.sxunt.com/uploads/image/20150102/1420186196.jpg\" alt=\"\"/><img src=\"http://img.sxunt.com/uploads/image/20150102/1420180976.jpg\" alt=\"\"/><img src=\"http://img.sxunt.com/uploads/image/20150102/1420186146.jpg\" alt=\"\"/><img src=\"http://img.sxunt.com/uploads/image/20150102/1420189385.jpg\" alt=\"\"/><img src=\"http://img.sxunt.com/uploads/image/20150102/1420185388.jpg\" alt=\"\"/><img src=\"http://img.sxunt.com/uploads/image/20150102/1420183122.jpg\" alt=\"\"/><img src=\"http://img.sxunt.com/uploads/image/20150102/1420187788.jpg\" alt=\"\"/><img src=\"http://img.sxunt.com/uploads/image/20150102/1420183708.jpg\" alt=\"\"/><img src=\"http://img.sxunt.com/uploads/image/20150102/1420189402.jpg\" alt=\"\"/><img src=\"http://img.sxunt.com/uploads/image/20150102/1420181108.jpg\" alt=\"\"/><img src=\"http://img.sxunt.com/uploads/image/20150102/1420185975.jpg\" alt=\"\"/><img src=\"http://img.sxunt.com/uploads/image/20150102/1420181216.jpg\" alt=\"\"/><img src=\"http://img.sxunt.com/uploads/image/20150102/1420180431.jpg\" alt=\"\"/><img src=\"http://img.sxunt.com/uploads/image/20150102/1420183370.jpg\" alt=\"\"/><br/> </p>');
INSERT INTO `s_article_data` VALUES ('19', '<p style=\"text-align:center;\"><br clear=\"all\"/><img src=\"http://img.sxunt.com/uploads/image/20150103/1420289025.jpg\" alt=\"\"/><br/><strong>相关新闻图片截图</strong></p><p>&nbsp; &nbsp;\r\n		据传闻，他们打算发布的新型镜头数量非常可观，而且具体的发布时间应该会在1月初到2月中旬左右，具体为：</p><p>&nbsp; &nbsp;\r\n		24mm f /1.4 DG<br/>85mm f /1.4 DG<br/>135mm f /1.8（或f/2） DG<br/>12-24mm f/ 2.8 DC<br/>14-24mm f/4 DG OS<br/>16-20mm f /2 DG）<br/>24-70mm f / 2 DG<br/>300-600mm f/？</p><p>&nbsp; &nbsp;\r\n		另外，关于85mm f / 1.4规格镜头。或许也正在开发中。这一经典规格镜头，适马之前在2010年左右曾经推出过，但市场反响一般。而如果推出85mm f / 1.4Art镜头，或许它们希望它的画质能够与蔡司85mm Otus镜头对比。</p><p><strong><strong>·</strong>编辑观点：<br/><br/></strong> 虽然目前尚不了解适马推出相关镜头新品的消息，但根据之前的消息总体数量来判断，明年内适马推出的新镜头数量可能会在8-10款左右。</p><p><strong>·扩展阅读：</strong><br/><br/>适马发布最新Photo Pro 6.2.0后期软件<br/>A口新选 适马最新50 1.4头海外市场开卖<br/>适马宣布发售A卡口50mm F1.4 DG HSM镜头<br/>黑科技生态新镜 适马150-600 S实拍图赏<br/>民用大变焦新镜 适马18-300mm实拍样张</p>');
INSERT INTO `s_article_data` VALUES ('20', '<p style=\"text-align:left;\">&nbsp; &nbsp;\r\n	2014年3 月1日—3月 14 \r\n日，中国著名摄影家王建军携大疆航拍器在美国西部航拍自然风光。期间途径美国加利福尼亚州、亚利桑那州、犹他州、 怀俄明州，地面行程 5032 \r\n公里。此行目的主要是为了试验近来火热的大疆航拍飞行器在风光摄影中的应用场景，也因此拍摄出了许多高质量的航拍图片。<br/>航拍内容包括科罗拉多大峡谷、马蹄湾、鲍威尔湖、鹅颈湾、纪念碑山谷、死马谷、犹他高原岩溶地貌、犹他蘑菇石风蚀地貌、犹他硼砂矿、大提顿山、黄石大提顿牧场雪景等美国西部著名景观。</p><p style=\"text-align:center;\"><strong>（以下照片全部为大疆航拍飞行器拍摄）</strong></p><p style=\"text-align:center;\"><br clear=\"all\"/><img src=\"http://img.sxunt.com/uploads/image/20150103/1420297701.jpg\" title=\"另一种角度之美 王建军航拍美国西部作品\" alt=\"另一种角度之美 王建军航拍美国西部作品\" style=\"border:1px solid Black;\" height=\"547\" align=\"no\" width=\"500\"/><br/>大提顿国家公园<br/>Grand Teton National Park<br/>S800EVO + Sony A7r + Zeiss 35mm/2.8</p><p>&nbsp; &nbsp;\r\n	大提顿国家公园位于美国怀俄明州西北部壮观的冰川山区，1929 年建立，占地1256 平方千米。公园内最高的山峰是大提顿峰，海拔4198 \r\n米，有存留至今的冰川。高耸入云的山巅，覆盖着千年的冰河。1942年美国摄影师安塞尔·伊士顿·亚当斯（Ansel Easton \r\nAdams）在这里创作了一幅反映大提顿自然景观的经典摄影作品。这张空中接片航拍作品，在亚当斯拍摄的相同位置，以无人机航拍的方式，将蜿蜒的蛇河与大\r\n提顿群峰同时纳入画面，以全新的高度延伸了经典。</p><p style=\"text-align:center;\"><img src=\"http://img.sxunt.com/uploads/image/20150103/1420291061.jpg\" title=\"另一种角度之美 王建军航拍美国西部作品\" alt=\"另一种角度之美 王建军航拍美国西部作品\" style=\"border:1px solid Black;\" height=\"335\" align=\"no\" width=\"500\"/><br/>马蹄湾<br/>Horseshoe Bend<br/>S1000 + Canon 5D Mark III+ EF 16-35mm/2.8</p><p style=\"text-align:left;\">&nbsp; &nbsp;\r\n	马蹄湾是美国西部风光标志性地标。以往站在地面拍摄，无法拍摄到大地延伸的地平线始终是个遗憾。这张在300多米高度拍摄的马蹄湾可以清晰呈现科罗拉多河\r\n在大地上蜿蜒走向的气势，突出了马蹄湾的方位感，以及其与周边环境地质结构的关系，产生了更大的视觉冲击。下方河面右侧驶过的快艇衬托出了马蹄湾宏大的气\r\n势。</p><p style=\"text-align:center;\"><img src=\"http://img.sxunt.com/uploads/image/20150103/1420295330.jpg\" title=\"另一种角度之美 王建军航拍美国西部作品\" alt=\"另一种角度之美 王建军航拍美国西部作品\" style=\"border:1px solid Black;\" height=\"500\" align=\"no\" width=\"500\"/><br/>犹他州高原荒野岩溶地貌－1<br/>Utah<br/>S800EVO + Sony A7r + Zeiss 35mm / 2.8</p><p style=\"text-align:left;\">&nbsp; &nbsp;\r\n	岩溶地貌是具有溶蚀力的水对可溶性岩石（大多为石灰岩）进行溶蚀等作用所形成的地表和地下形态的总称，除溶蚀作用以外，还包括流水的冲蚀、潜蚀，以及坍陷等机械侵蚀过程。这张航拍视角下的犹他高原荒野岩溶地貌像树根般延伸，在地面无法拍摄到这种奇特的景观。</p><p style=\"text-align:center;\"><img src=\"http://img.sxunt.com/uploads/image/20150103/1420297116.jpg\" title=\"另一种角度之美 王建军航拍美国西部作品\" alt=\"另一种角度之美 王建军航拍美国西部作品\" style=\"border:1px solid Black;\" height=\"328\" align=\"no\" width=\"500\"/><br/>犹他州高原荒野岩溶地貌－2<br/>Utah<br/>S800EVO + Sony A7r + Zeiss 35mm / 2.8<br/>犹他高原荒野波澜壮阔的岩溶地貌。</p><p style=\"text-align:center;\"><img src=\"http://img.sxunt.com/uploads/image/20150103/1420294030.jpg\" title=\"另一种角度之美 王建军航拍美国西部作品\" alt=\"另一种角度之美 王建军航拍美国西部作品\" style=\"border:1px solid Black;\" height=\"237\" align=\"no\" width=\"500\"/><br/>纪念碑山谷<br/>Monument Valley<br/>S800EVO + Sony A7r + Zeiss 35mm / 2.8</p><p style=\"text-align:left;\">&nbsp; &nbsp;\r\n	纪念碑山谷是美国印第安人的保留地，位于亚利桑那州和犹他州的交界处, 在科罗拉多高原上，是一个由砂岩形成的巨型孤峰群区域，其中最大的孤峰高于谷底约300米。这张空中接片展现了纪念碑山谷的宏大气势。</p><p><a name=\"p4996221\"></a></p><p style=\"text-align:center;\"><br clear=\"all\"/><img style=\"border:1px solid Black;\" alt=\"另一种角度之美 王建军航拍美国西部作品\" title=\"另一种角度之美 王建军航拍美国西部作品\" src=\"http://img.sxunt.com/uploads/image/20150103/1420292234.jpg\" height=\"334\" align=\"no\" width=\"500\"/><br/>抽象的印记</p><hr style=\"page-break-after:always;\" class=\"ke-pagebreak\"/><p><br/>Wyoming<br/>S800EVO + Sony A7r + Zeiss 35mm / 2.8<br/>一辆红色汽车行驶在洲际公路上。公路旁，牧场羊群走出了一个抽象的印记。</p><p><br/></p><p style=\"text-align:center;\"><img style=\"border:1px solid Black;\" alt=\"另一种角度之美 王建军航拍美国西部作品\" title=\"另一种角度之美 王建军航拍美国西部作品\" src=\"http://img.sxunt.com/uploads/image/20150103/1420292502.jpg\" height=\"500\" align=\"no\" width=\"500\"/><br/>怀俄明州冬季牧场－1<br/>Wyoming<br/>S800EVO + Sony A7r + Zeiss 35mm / 2.8</p><p style=\"text-align:left;\"><br/>画面下方如星盘的图形是牧场动物的栖息地，从空中看犹如印第安人的图腾，与远处蜿蜒的蛇河交相呼应。</p><p style=\"text-align:center;\"><img style=\"border:1px solid Black;\" alt=\"另一种角度之美 王建军航拍美国西部作品\" title=\"另一种角度之美 王建军航拍美国西部作品\" src=\"http://img.sxunt.com/uploads/image/20150103/1420295898.jpg\" height=\"334\" align=\"no\" width=\"500\"/><br/>怀俄明州冬季牧场－2<br/>Wyoming<br/>S800EVO + Sony A7r + Zeiss 35mm / 2.8<br/>牧场动物在雪地中走出的图形。</p><p style=\"text-align:center;\"><img style=\"border:1px solid Black;\" alt=\"另一种角度之美 王建军航拍美国西部作品\" title=\"另一种角度之美 王建军航拍美国西部作品\" src=\"http://img.sxunt.com/uploads/image/20150103/1420295408.jpg\" height=\"262\" align=\"no\" width=\"500\"/><br/>犹他州高原硼砂矿<br/>Utah<br/>S800EVO + Sony A7r + Zeiss 35mm / 2.8<br/>犹他州高原硼砂矿，如大地彩绘，空中6张接片。</p><p style=\"text-align:center;\"><img style=\"border:1px solid Black;\" alt=\"另一种角度之美 王建军航拍美国西部作品\" title=\"另一种角度之美 王建军航拍美国西部作品\" src=\"http://img.sxunt.com/uploads/image/20150103/1420294790.jpg\" height=\"282\" align=\"no\" width=\"500\"/><br/>鹅颈湾<br/>Goosenecks<br/>S1000 + Canon 5D Mark III+ EF 16-35mm/2.8</p><p style=\"text-align:left;\">&nbsp; &nbsp;\r\n	鹅颈湾峡谷深 1000 \r\n英尺，一共有三个湾势，这绕来绕去的湾势的确就像鹅的脖子一样。由于规模宏大，在地面无法完整拍出这三个湾势。从300米高度拍摄的鹅颈湾，完整呈现了全\r\n部湾势、科罗拉多河的走向以及大地岩层的肌理。画面下方的车辆衬托出了鹅颈湾气势恢宏的壮观场面。</p><p style=\"text-align:center;\"><img style=\"border:1px solid Black;\" alt=\"另一种角度之美 王建军航拍美国西部作品\" title=\"另一种角度之美 王建军航拍美国西部作品\" src=\"http://img.sxunt.com/uploads/image/20150103/1420290826.jpg\" height=\"334\" align=\"no\" width=\"500\"/></p><p style=\"text-align:center;\">&nbsp; &nbsp;\r\n	使用大疆航拍器航拍中的中国著名摄影家王建军</p><p style=\"text-align:left;\">&nbsp; &nbsp;\r\n	通过这次美国西部万里行的实践，检验了大疆创新的无人机航拍技术。航拍飞行器已为专业风光摄影界开创了便捷灵活、安全可靠的全新航拍方式，极大拓展了风光摄影艺术的创作空间和拍摄的可能性。</p><p><br/></p>');
INSERT INTO `s_article_data` VALUES ('21', '<p style=\"text-align:center;\"><img src=\"http://img.sxunt.com/uploads/image/20150105/1420429281.jpg\"/>F13，16mm，1/500s，西藏山南贡嘎。</p><p><br/></p><p><strong>开篇：</strong> </p><p>\r\n	先\r\n自我介绍，我叫邹浩坚，90后，今年23岁，就读于东莞理工学院。江湖人称好贱，不信的话你用拼音输入法打我名字。我很骄傲很自豪地说我是来自东莞的摄影\r\n师，也是一名有3年多经验的粤语婚礼司仪，偶尔也在清吧驻唱，但现在主攻摄影。并且现在已经有自己的摄影工作室，我喜欢旅行，喜欢一个人旅行，更喜欢一个\r\n人旅行自拍。</p><p>\r\n	旅途当中没有小伙伴或者不想麻烦小伙伴的话，自拍是非常好的方式去留影，而怎么去拍好自拍呢？应广大人民群众的要求，小弟断断\r\n续续用了一个月的时间整理了自己的经验，写下此贴给有需要的人，并且列出自己的参数，主要是光圈、焦距和快门速度，作品的表现是主观的，因此参数因创作目\r\n的而变，仅供参考。</p><p>\r\n	本帖子分为开篇、扫盲篇、步骤篇、器材篇、后期篇、安全篇、心得篇、关键篇以及结尾篇。以下内容纯属个人摄影习惯以及创作想法，若有出入欢迎指出更正以及交流。</p><p><img src=\"http://img.sxunt.com/uploads/image/20150105/1420430205.jpg\" width=\"640\"/>F9，24mm，1/80s，泰国清迈。<br/></p><p><strong>扫盲篇：</strong> </p><p>\r\n	首\r\n先，咱来百度一下何为&quot;自拍&quot;，增强本文学术性、学科性以及最重要的一点，逼格：自拍（Selfie），即自行设定拍照时间。这个功能主要是给用户，在单\r\n独使用数码相机、手机等拍摄工具时，想拍摄自己的影像所使用的。人类史上第一张自拍照摄于1839年，照片的拍摄者是美国摄影师罗伯特·科尼利厄斯。首先\r\n向罗伯特致敬，自拍的鼻祖级人物。</p><p style=\"text-align:center;\"><img src=\"http://img.sxunt.com/uploads/image/20150105/1420424424.jpg\"/>F2.8，16mm，1/200s，广东惠州巽寮湾。</p><p style=\"text-align:center;\"><br/></p><p>\r\n	好的自拍绝对不是仅仅因为人长得好看，如果全靠样子才能拍出好的自拍那么我这篇帖子就没有其意义所在。</p><p>\r\n	言归正传，自拍自拍，顾名思义自己给自己拍，如何拍出好的片子呢？拍摄之前我们要认识自拍的误区。第一要区别于以下自拍：</p><p>\r\n	无厘头毫无美感的大头贴。若有冒犯您的女神，请关闭此贴。<img src=\"http://img.sxunt.com/uploads/image/20150105/1420425887.jpg\"/> </p><p>\r\n	2.永远无法超越的潮流撒马特造型自拍。若您是其中一员，请关闭此贴。<img src=\"http://img.sxunt.com/uploads/image/20150105/1420422666.jpg\"/> </p><p>\r\n	3.白条都遮不住的虚假大眼、装嫩嘟嘴、坦胸露乳的向下30度咔擦一声的非主流大头贴。若您刚刚拍完此类型照片，请关闭此贴。<img src=\"http://img.sxunt.com/uploads/image/20150105/1420422038.jpg\"/> </p><p>\r\n	现在，恭喜大家还在浏览我的帖子，实在不容易。看完了自拍误区，来看看国外大师的自拍，可以理解成为摄影师自身的环境以及情绪人像。</p><p>\r\n	22岁西班牙女摄影师Melania Brescia<img src=\"http://img.sxunt.com/uploads/image/20150105/1420423976.jpg\"/> </p><hr style=\"page-break-after:always;\" class=\"ke-pagebreak\"/><p><br/></p><p>\r\n	Melania的这自拍很适合在旅行当中拍摄，国内泸沽湖啊之类的湖泊都可以拍出类似的风格。<img src=\"http://img.sxunt.com/uploads/image/20150105/1420424390.jpg\"/> </p><p>\r\n	这种偏后期的自拍增添照片的趣味性，对自拍进行后期创作是国外很多摄影师都会做的，我现在还没有到这程度，还停留在旅行风格的自拍。<img src=\"http://img.sxunt.com/uploads/image/20150105/1420424240.jpg\"/> </p><p>\r\n	这种是很多女生都喜欢的风格，看了才发现原来在家里都可以拍出有感觉的照片，而不是那些无病呻吟的假装流泪，但这种对于场景的布置和用光都有较高的要求</p><p>\r\n	90后美国摄影师 Alex Stoddard<img src=\"http://img.sxunt.com/uploads/image/20150105/1420425879.jpg\"/> </p><p><img src=\"http://img.sxunt.com/uploads/image/20150105/1420422809.jpg\"/> </p><p>\r\n	这种自拍对于道具化妆各方面要求都很高，是不是觉得再看下去都没法自拍了。</p><p>\r\n	21岁芝加哥美女摄影师Audrey Simper<img src=\"http://img.sxunt.com/uploads/image/20150105/1420424125.jpg\"/> </p><p>\r\n	Audery的照片看完非常让人羡慕，年纪不大，但是很天赋。挑了这张给广大女同胞欣赏，原来有长发还能这样拍。<img src=\"http://img.sxunt.com/uploads/image/20150105/1420429937.jpg\"/> </p><p>\r\n	是不是才发现原来情侣照还能这样拍。</p><p>\r\n	好了，不再自虐了，技术层面或许技不如人，但是人始终得往高处走，我相信多看好的作品自然而然对自己审美水平的提高是有好处。</p><p>\r\n	最后再来看看经典的游客照，这些属于不好的照片，是反面教材，没有创造性，随便找个人咔擦一声就好。拿自己做例子吧，免得得罪人哈哈哈。<img src=\"http://img.sxunt.com/uploads/image/20150105/1420428922.jpg\"/> </p><p>\r\n	这些都是在地标性建筑拍摄的照片，没有新意没有艺术性，假如您觉得很好看，可能是我的原因吧（应该不会被打死吧）。</p><p>\r\n	好了，了解了自拍误区以及可以区别好的和坏的自拍照之后我们开始自拍之旅。</p><p><br/></p><p><strong>步骤篇：</strong> </p><p>\r\n	一、选点。</p><p>\r\n	1、到达一个地方首先要做的事情是环扫四周，寻求最好的点。</p><p>\r\n	（1）这些点可以是俱有几何立体感的。<img src=\"http://img.sxunt.com/uploads/image/20150105/1420424347.jpg\"/> </p><p style=\"text-align:center;\">\r\n	F22，35mm，1/125s，广东深圳宝安国际机场。</p><p>\r\n	当时距离停止登机时间还有10分钟，我的登机口不在这，还有好远，我只是看到这里几何立体感和光线很美，就立马架脚架拍了几张马上走了，当时已经设想好了拍摄成为剪影，所以参数调好马上咔擦走人。调参数下文详细有讲。</p><p>\r\n	（2）这个地方可以是让你自己更好突出的地方。<img src=\"http://img.sxunt.com/uploads/image/20150105/1420429770.jpg\"/> </p><hr style=\"page-break-after:always;\" class=\"ke-pagebreak\"/><p><br/></p><p style=\"text-align:center;\">\r\n	F14，17mm，1/160s，甘肃敦煌西千佛洞停车场。</p><p>\r\n	那个时候在停车场看到这些石墩就想好了我要站在照片黄金比例的位置，看到那种天气就想好了后期要修成这种偏暗的色调。后来拍摄完之后一看就觉得那个位置很明显，第一眼看就会留意到。</p><p>\r\n	（3）这个点可以是很耐人寻味的地方。<img src=\"http://img.sxunt.com/uploads/image/20150105/1420430684.jpg\"/> </p><p style=\"text-align:center;\">\r\n	F10，17mm，1/160，甘肃张掖丹霞。</p><p>\r\n	拍摄时，观景台的人特别特别多，我最后将自己放在左下角，背靠观景台，大环境小主体的摄影语言，再加上丹霞地貌的景观，这张照片我很喜欢。</p><p>\r\n	（4）这个点可以让人眼前一亮的地方。<img src=\"http://img.sxunt.com/uploads/image/20150105/1420423346.jpg\"/> </p><p style=\"text-align:center;\">\r\n	F18，16mm，1/80s，山西大同北岳恒山。</p><p>\r\n	这张照片拍完发布可吓死我老妈，确实很危险，模仿需谨慎。抓住眼球的前提是必须得保住自己小命。</p><p>\r\n	（5）这个点可以是对你有独特意义的地方。<img src=\"http://img.sxunt.com/uploads/image/20150105/1420427037.jpg\"/> </p><p style=\"text-align:center;\">\r\n	F5，16mm，1/125s，北京三里屯。</p><p>\r\n	这是三里屯二楼的NIKE店橱窗前，当时是被这里的光线和RUNNING吸引到的，KEEP RUNNING，觉得对于自己有种鼓励的一种意义在。<img src=\"http://img.sxunt.com/uploads/image/20150105/1420431020.jpg\"/> </p><p style=\"text-align:center;\">\r\n	F9，16mm，1/400，澳门国际机场。</p><p>\r\n	澳门机场我出发泰国马来西亚的机场，停机坪上的飞机，不远处的航站楼，标志着我旅行的开端。</p><p>\r\n	（6）这个地方可以是让人看了很舒服干净难忘的地方。<img src=\"http://img.sxunt.com/uploads/image/20150105/1420422429.jpg\"/> </p><p style=\"text-align:center;\">\r\n	F9，16mm，1/320s，青海湖边。</p><p>\r\n	阳光明媚的青海湖总有一种非常让人舒适的感觉，坐在湖边吹着风，想在海边一般。<img src=\"http://img.sxunt.com/uploads/image/20150105/1420426345.jpg\"/> </p><p style=\"text-align:center;\">\r\n	F16，35mm，1/80，青海茶卡盐湖。</p><p>\r\n	干净的天空和盐湖，虽然比玻利维亚的天空之镜逊色了一点，但是照骗照骗嘛，拍出来还是觉得可以接受的。</p><p>\r\n	2、选好大概位置之后需要选取角度。</p><p>\r\n	首先要想好什么角度，仰拍俯拍还是平拍。</p><p><img src=\"http://img.sxunt.com/uploads/image/20150105/1420424319.jpg\"/> </p><p style=\"text-align:center;\">\r\n	F9，16mm，1/125s，广东深圳国际宝安机场。</p><p>\r\n	用仰拍的角度再加上广角镜头将天花、身躯拉长就会有一种大气的感觉。<img src=\"http://img.sxunt.com/uploads/image/20150105/1420422564.jpg\"/> </p><p style=\"text-align:center;\">\r\n	F10，40mm，1/60s，马来西亚兰卡威。</p><p>\r\n	当时在马来西亚的一个青年旅社，一个小凉亭特别舒服，打算用俯拍的方法去将慵懒束缚的身躯拍完，就有了这张照片。</p><hr style=\"page-break-after:always;\" class=\"ke-pagebreak\"/><p><br/></p><p>\r\n	辣麽大的地方全部拍吗？不是的，挑取没什麽人或者很有感觉的地方。</p><p><img src=\"http://img.sxunt.com/uploads/image/20150105/1420426105.jpg\"/> </p><p style=\"text-align:center;\">\r\n	F16，35mm，1/80s，青海茶卡盐湖。</p><p>\r\n	背景很简单的地方，取景就这样取，人再往里一站，片子就出来了吧。</p><p style=\"text-align:center;\"><img src=\"http://img.sxunt.com/uploads/image/20150105/1420430105.jpg\"/>F4.5，24mm，1/5s，青海茶卡盐湖。</p><p>\r\n	您看到现在，还觉得样子外貌很重要吗？你不需要看镜头，不需要露脸，拍个背影，拍个距离远到看不清楚你的脸的照片。<img src=\"http://img.sxunt.com/uploads/image/20150105/1420424626.jpg\"/> </p><p style=\"text-align:center;\">\r\n	F2.8，16mm，1/80s，山西平遥古城动车站。</p><p>\r\n	让观众关注的点在你的景色，被迫知道您在里面就很好了。</p><p><img src=\"http://img.sxunt.com/uploads/image/20150105/1420424087.jpg\"/> </p><p style=\"text-align:center;\">\r\n	F5.6，65mm，1/250s，西藏拉萨色拉寺。</p><p>\r\n	要是确实不想上镜，拍身体其他部位也是一个很不错的选择。<img src=\"http://img.sxunt.com/uploads/image/20150105/1420427653.jpg\"/> </p><p style=\"text-align:center;\">\r\n	F9，28mm，1/60s，马来西亚兰卡威。</p><p>\r\n	最重要的是感觉，身体的每一个部分都可以好好地利用。</p><p style=\"text-align:center;\"><img src=\"http://img.sxunt.com/uploads/image/20150105/1420421816.jpg\"/>F14，28mm，1/250s，马来西亚兰卡威珍南海滩。</p><p>\r\n	总而言之，拍摄前期的选择很重要。</p><p><br/></p><p><strong>二、调参数。</strong> </p><p>\r\n	选点之后马上构思要怎麽个拍法。例如，你想拍剪影的效果，晚上的话你需要调高iso参数，大光圈，快门看想拍静止还是动感的，动感的剪影快门最好快于1/300秒，具体情况具体分析。</p><p style=\"text-align:center;\"><img src=\"http://img.sxunt.com/uploads/image/20150105/1420431400.jpg\"/>F2.8，35mm，1/320s，陕西西安。</p><p>\r\n	西安钟鼓楼，其实这个位置拍摄还挺危险的，大转盘好多车辆飞快而过，所以动作必须要快，要求对参数的控制要比较准确，切勿拿生命开玩笑。</p><p>\r\n	静止的剪影保底的快门要有1/40秒，个人拍摄习惯。</p><p style=\"text-align:center;\"><img src=\"http://img.sxunt.com/uploads/image/20150105/1420430280.jpg\"/>F4.5，17mm，1/50s，广西北海十里银滩。</p><p>\r\n	参数这种东西变化较大，而且要根据摄影师个人的创作意愿去设置。</p><p style=\"text-align:center;\"><img src=\"http://img.sxunt.com/uploads/image/20150105/1420428013.jpg\"/>F22，16mm，1/160s，泰国苏梅岛。</p><p style=\"text-align:center;\"><img src=\"http://img.sxunt.com/uploads/image/20150105/1420423664.jpg\"/>F13，16mm，1/500s，甘肃张掖丹霞。</p><hr style=\"page-break-after:always;\" class=\"ke-pagebreak\"/><p><br/></p><p>\r\n	三、静候时机。选好点调好参数架好机器后就差时机了，时机这事不好等，人少的话好办，人多的话真的要等到曲终人散，这样的照片出来才有感觉。</p><p style=\"text-align:center;\"><img src=\"http://img.sxunt.com/uploads/image/20150105/1420423079.jpg\"/>F13，16mm，1/80s，青海青海湖。</p><p>\r\n	去的时候是旺季，人特别多，挑一块少人的田不容易，必须得等，这是铁一般的事实，不等的话就和一大波剪刀手合照。</p><p style=\"text-align:center;\"><img src=\"http://img.sxunt.com/uploads/image/20150105/1420430861.jpg\"/>F22，16mm，1/80s，山西大同云冈石窟。</p><p>\r\n	当时正值旅游旺季，人那个多，就趁一大波大妈在洞子里面参观没出来的时候赶紧拍一张。</p><p>\r\n	假如人真的超级无敌多怎麽办？调慢速快门，曝光时间一秒至两秒左右，对焦对在自己身上，有些大神可以像石头一样忍着不动5分钟的话，那麽恭喜你，那些游客对你来说不是人，而是流水，太棒辣！</p><p style=\"text-align:center;\"><img src=\"http://img.sxunt.com/uploads/image/20150105/1420423151.jpg\"/>F22，26mm，1/8s，澳门街头。</p><p>\r\n	想要拍出游人虚掉的感觉，可以使用慢门的方法，对焦在自己身上，让行人成为你图片中的亮点。</p><p><br/></p><p style=\"text-align:center;\"><strong>四、抓住最美的时刻。</strong><img src=\"http://img.sxunt.com/uploads/image/20150105/1420422871.jpg\"/>F10,22mm,1/160s，山西大同古城。</p><p>\r\n	当时我架好三脚架，摆好自行车的位置就坐上戏台，忽然这个时候有个小孩想跳上来一起和我拍照，但他怎么都爬不上，正当我想拉他一把的时候觉得应该按下快门，肯定是一个很有意思的画面，果然。<img src=\"http://img.sxunt.com/uploads/image/20150105/1420423160.jpg\"/> </p><p style=\"text-align:center;\">\r\n	F4，24mm，1/125s，西藏拉萨老光明茶馆。</p><p style=\"text-align:center;\">\r\n	在拉萨的日子，我经常去这家茶馆，这个小女孩我第二次见到她，当时就跟她微笑，她也对我露出天真地笑容，接着就按下了快门，太喜欢了。<img src=\"http://img.sxunt.com/uploads/image/20150105/1420430490.jpg\"/>F10，27mm，1/60s，马来西亚马六甲。</p><p>\r\n	当天在小镇里面逛，架好三脚架本来想拍自己和墙壁的，突然来了一只小猫，死死盯住我，我生怕它走掉，立马来拍一张，很有意思。</p><p><br/></p><p><strong>五、结合拍摄地的地方特色。</strong><img src=\"http://img.sxunt.com/uploads/image/20150105/1420423985.jpg\"/> </p><p style=\"text-align:center;\">\r\n	F5.6，73mm，1/250，西藏拉萨色拉寺。</p><p>\r\n	选择非常有当地特色的建筑作为背景去拍摄，这是旅途当中很多人都想去拍的，但是必须得选取好的景别，站位和表情神态都得想好怎么去拍。<img src=\"http://img.sxunt.com/uploads/image/20150105/1420431598.jpg\"/> </p><p style=\"text-align:center;\">\r\n	F10，50mm，1/50s，西藏拉萨大昭寺。</p><hr style=\"page-break-after:always;\" class=\"ke-pagebreak\"/><p><br/></p><p>\r\n	买一套地方特色的衣服，尝试融入当地的特色，再加上当地人，这样看起来会很有意思。</p><p><br/></p><p><strong>器材篇：（除了基本的相机和镜头）</strong> </p><p>\r\n	1、三脚架永远是你最好的摄影师。</p><p><img src=\"http://img.sxunt.com/uploads/image/20150105/1420429969.jpg\"/> </p><p>\r\n	有无数的人问我，你的照片真的是自拍的吗？我说是他们还不信。网上有某些自拍摄影师，谎称自拍，其实背后有团队操作运营，而我保证绝对三脚架自拍，这有什么难的？</p><p>\r\n	我\r\n喜欢一个人的旅行，没小伙伴的话必须都靠自己，三脚架比你将机器放在一个物体上的好处是，一，安全性，三脚架能更好地固定机器，保障机器；二，可操作性，\r\n想拍横画幅的照片搁地上没关係，但你想拍竖画幅的照片怎麽招？想仰拍想俯拍又怎麽招？这时候，三脚架应运而生，了不起的人类发明。想怎麽拍就怎麽拍，还可\r\n以调慢速快门闹着玩。</p><p style=\"text-align:center;\"><img src=\"http://img.sxunt.com/uploads/image/20150105/1420428825.jpg\"/>F13,16mm，0.8s，北京地铁站。</p><p>\r\n	地铁站人来人往是拍摄慢门的好地方，但是需要动作快，不然架三脚架会被人赶哦。</p><p>\r\n	2、快门遥控器。<img src=\"http://img.sxunt.com/uploads/image/20150105/1420426397.jpg\"/> </p><p>\r\n	如果说三脚架是你最好的摄影师，那麽快门遥控器就是你自拍最得力的助手。大多数相机的10秒定时令人太尴尬，拍得不好必须得来回几十万遍，就像我苏梅岛拍的这张照片，当时没买遥控器，来回60多遍才出片一张满意的，太纳闷了。</p><p style=\"text-align:center;\"><img src=\"http://img.sxunt.com/uploads/image/20150105/1420426985.jpg\"/>F10，25mm，1/500s，泰国苏梅岛。</p><p>\r\n	后来买了个快门遥控器，去到哪拍到哪，妈妈再也不用担心我跑来跑去了。具体型号不同，线也不同，这麽好的东西淘X有卖、不打广告，谢谢。</p><p><br/></p><p><strong>后期篇：</strong> </p><p>\r\n	1、\r\n本人现阶段习惯先用photoshop进行初步调整，大概地剪裁，修复小细节例如将一些小垃圾P掉之类的。接着再用lightroom进行调色，最后再看\r\n需要个别再用photoshop进行最后的调整。lightroom这个软件调色非常棒，要不然Adobe为甚麽要将它单独再开发成一个软件。纵观来说\r\n嘛，photoshop和lightroom都可以调出同样的效果，但是要保持作品的统一性和风个性，还有一点就是要追求速度的话lightroom是不\r\n二选择。</p><p><img src=\"http://img.sxunt.com/uploads/image/20150105/1420426983.jpg\"/>像这张照片，看起来好像很美的样子，根本无法想象原片是什么样子。</p><p><img src=\"http://img.sxunt.com/uploads/image/20150105/1420430571.jpg\"/>这就是原片，星光稀少，阳台的杂物混乱，不远处的光源复杂影响视觉，因此必须要用photoshop处理一些小的东西。</p><p><img src=\"http://img.sxunt.com/uploads/image/20150105/1420431370.jpg\"/>看，简单粗暴地将阳台黑色框框里面的黄色广告灯牌掩盖成为黑色、将远方的杂光遮盖掉，画面就干净利索多了。</p><hr style=\"page-break-after:always;\" class=\"ke-pagebreak\"/><p><br/></p><p><img src=\"http://img.sxunt.com/uploads/image/20150105/1420431370.jpg\"/>然后觉得星光不够的话，将另外单独的一张星野图与其合并，再导进lightroom进行处理。</p><p><img src=\"http://img.sxunt.com/uploads/image/20150105/1420431260.jpg\"/>越来越接近理想的状态。觉得不够亮再提亮光斑。</p><p><img src=\"http://img.sxunt.com/uploads/image/20150105/1420422650.jpg\"/>加个看不懂的水印，大功告成！伟大的后期！</p><p><img src=\"http://img.sxunt.com/uploads/image/20150105/1420425424.jpg\"/>2、照片风格。这个需要将照片内容和摄影师个人审美以及想表达的内容相结合。</p><p><br/></p><p>\r\n	安全篇：</p><p>\r\n	有\r\n好多朋友都在问，你三脚架放在那边自己跑开了你不怕被人抢走吗？我说，你有见过贼在瞬间可以收好三脚架，啪一声抱着单反和三脚架走掉吗？你回问，三脚架不\r\n要了呗，我想问，贼还有时间去研究怎麽拆云台？确实不放心的话教你一招，在选好点调好参数架好机位之后，请路人帮你按下快门，这也是自拍呀，摄影的技术你\r\n已经运用好了，需要的只是一个能够出力按快门的人呀。这样的话遥控器也省了，还有人帮你看器材哈哈。</p><p><img src=\"http://img.sxunt.com/uploads/image/20150105/1420424842.jpg\"/>F2.8，16mm，1/60s，山西平遥古城。</p><p><br/></p><p><strong>心得篇：</strong> </p><p>\r\n	1、不要觉得自拍是女生的权利，男生不用拍旅行照麽？调整好心态，从艺术摄影创作的角度出发。<img src=\"http://img.sxunt.com/uploads/image/20150105/1420431612.jpg\"/> </p><p style=\"text-align:center;\">\r\n	F4.5，16mm，1/60s，泰国清迈机场。</p><p>\r\n	2、对比女生，男生的肢体动作和服饰相对的会逊色点，但是你可以进行思考创作，例如，男性比较阳刚的动作姿态（图），利用好道具，例如墨镜、背包、车等等。</p><p style=\"text-align:center;\"><img src=\"http://img.sxunt.com/uploads/image/20150105/1420430407.jpg\"/>F13，24mm，1/100s，四川甘孜磨西。</p><p>\r\n	再如宠物。</p><p style=\"text-align:center;\"><img src=\"http://img.sxunt.com/uploads/image/20150105/1420428072.jpg\"/>F5.6，16mm，1/125s，广东东莞虎门。</p><p>\r\n	要相信一点，没有想不出的作品，只有不动脑筋的摄影师。</p><p>\r\n	3、在人多的地方自己对着相机拍照被众人围观，有人觉得好神经质、怕被人笑，这有什麽好笑的，难道有人用相机对着你，然后你在花的旁边摆一下卖蠢装萌的照片人家不笑话你？如果还是怕的话就等人群消散等到海枯石烂再拍呗。</p><p style=\"text-align:center;\"><img src=\"http://img.sxunt.com/uploads/image/20150105/1420427769.jpg\"/>F6.3，24mm，1/80s，马来西亚兰卡威。</p><hr style=\"page-break-after:always;\" class=\"ke-pagebreak\"/><p><br/></p><p>\r\n	当\r\n时一个人在马来西亚兰卡威，中午出去吃饭看见一家餐厅在马路边，光打进去非常漂亮，我在想在这吃顿饭拍张照片也挺好。架好机位后，一老外坐对面对着我笑，\r\n我也对着他笑接着拍好，他说想看看，我很乐意，结果他竖起大拇指。所以说，为什么要怕别人笑，或者别人是赞叹，是佩服你一人旅行的勇气。</p><p>\r\n	4、多尝试多实践始终是出好片的大道理，空有想像不去实践，片子始终都是浮云。</p><p>\r\n	5、\r\n拍摄之前必须得构思好，本篇介绍的旅行自拍偏艺术性，普通的游客照可以理解成为偏纪录性，有人说我就是想拍纪录性的游客照，可以！帮你想个办法，这种照片\r\n无非就是想在有纪念意义的地标建筑和场地合照，你将它当作是专题来做，类似于之前网上很火爆的牵着背向镜头的女朋友的手那组图片，自己思考怎麽拍个系列出\r\n来，好像我这次的旅行。<img src=\"http://img.sxunt.com/uploads/image/20150105/1420430247.jpg\"/> </p><p><img src=\"http://img.sxunt.com/uploads/image/20150105/1420428716.jpg\"/><br/></p><p>\r\n	这样看起来会不会又可以留念而且看起来又不会好捞呢。</p><p><br/></p><p><strong>关键篇：（很重要）</strong> </p><p>\r\n	1、Pose应该怎么摆？这个需要你去看大量的明星照片，将他们的动作据为己有，关键就在于阅片量。</p><p>\r\n	2、构图。这是照片至关重要的元素，构图好不好严重影响照片的质量。最简单的例子。<img src=\"http://img.sxunt.com/uploads/image/20150105/1420428217.jpg\"/> </p><p style=\"text-align:center;\">\r\n	F5.6，105mm，1/160s，西藏纳木错。</p><p>\r\n	黄金比例，学摄影的人都听过，这是亘古不变的构图好方法，拍摄之前必须忖度好站的位置。此外，还有一个小贴士就是，画幅尽量大点，方便后期进行二次构图。</p><p>\r\n	3、\r\n现场洞察力。我认为我个人接触到的摄影，区别于新闻纪实摄影，婚礼、风光之类的摄影，摄影师在拍摄现场的能力和后期能力各占一半，后期的话前面又讲，那另\r\n外一个关键就是现场能力。这个包括洞察力、技术、情绪引导等等，而现场洞察力说白了就是发现美的眼光，觉得哪里好看，哪里拍才会出彩，这种判断基本决定了\r\n你的成片。那如何提高这种能力呢？方法只有一个：多锻炼自己的能力，实践出真知。虽然好文艺，但是这是真理。</p><p><br/></p><p><strong>结尾篇：</strong> </p><p>\r\n	自拍是好玩，上瘾需谨慎，且拍且珍惜。搞得我现在谁拍我都不太愿意，自己拍好自己修图才好。</p><p>\r\n	要拍出与众不同、有感觉的片子，阅片量是关键，从自身的个人审美水平出发，杜绝普通游客照是每一个摄影师的责任。<img src=\"http://img.sxunt.com/uploads/image/20150105/1420426045.jpg\"/> </p><p><br/></p><p>\r\n	自从本帖子发出后，综合了大家的评论，有几点我统一回答一下：</p><p>\r\n	1、\r\n以上照片都是自拍，我都一个人去旅行，没有团队包养我，我也没有钱去支付团队的费用。如果有团队的话，我还可以带多点好看的衣服出去，西装啊皮鞋啊长大衣\r\n啊拍出来效果更好看，而不是来来去去都是速干衣，背心，拖鞋，户外鞋等等。此外，我喜欢夜景，如果有团队的话我可以让他们打灯，也不至于我的自拍晚上都变\r\n了剪影，请问您注意到了吗？</p><p>\r\n	2、关于三脚架被抢的疑惑。必须要看清场景，人多的时候是盗贼作案的好时机，但也是人在互相监督、约束。另外我\r\n当时在张掖丹霞地质公园，遇到好多摄影团，土豪摄影团，一支三脚架的价格比我所有摄影器材还要贵，请问小偷看得起我的吗？但这也是特例。所以等人少的时候\r\n拍摄是最好的。</p><hr style=\"page-break-after:always;\" class=\"ke-pagebreak\"/><p><br/></p><p>\r\n	3、对于自拍的定义，如果您还继续留言说&quot;你这个不是自拍&quot;&quot;我要的是面部表情的照片&quot;之类的话语，那么我前面开头一千字基本白写，还有，您那叫大头贴，也算自拍的一种，并不是所有的自拍都是那些，别再生活在自己对自拍的狭隘看法里，走出去吧亲。</p><p>\r\n	4、\r\n后期是摄影的一部分，哪怕是胶卷时代，摄影师在当时的黑房里做了很多您所不知道的后期处理。后期的风格是摄影师的个人特性，就像作家一样，您喜欢谁的文笔\r\n就看谁的书，道理很简单吧？不喜欢就不买他的书呗，作家也不会因为您不喜欢他的书、不买他的书而改变他的文笔，不然他跟随波逐流的死鱼有什么区别。</p><p>\r\n	5、Stay foolish，stay hungry.--Steve Jobs.</p>');
INSERT INTO `s_article_data` VALUES ('22', '<p style=\"text-align:center;\"><img alt=\"选好入门很重要 4000元热门单电单反推荐\" src=\"http://img.sxunt.com/uploads/image/20150105/1420443210.jpg\" style=\"border:1px solid #cccccc;\" title=\"选好入门很重要 4000元热门单电单反推荐\"/><br/>选好入门很重要 4000元热门单电单反推荐</p><p><strong>推荐机型：佳能700D<br/>推荐特色：配全新STM对焦马达套机镜头、3英寸104万像素触摸式旋转屏<br/>参考价格：3799元（搭配</strong><strong>EF-S 18-55mm f/3.5-5.6 镜头</strong><strong>）</strong> </p><p>\r\n	佳能700D是一款650D的后继版本入门单反相机，与新定位的100D同期登场，搭载了全新的1800万像素CMOS传感器，最具亮点的是，这次所搭配的套机镜头是全新推出的带STM对焦马达的新款18-55mm镜头，使得佳能入门级别的单反相机有了一个新的高度。</p><p style=\"text-align:center;\"><img alt=\"佳能700D\" src=\"http://img.sxunt.com/uploads/image/20150105/1420443969.jpg\" style=\"border:1px solid #cccccc;\" title=\"佳能700D\"/><br/>佳能 EOS 700D套机(配18-55mm STM镜头)</p><p>\r\n	佳能700D的造型基本上和650D一样，线条修正了一下，变得更刚硬一些。机身外部改用了高质感的颗粒涂层，拥有更好的触摸感受，防滑性也更好。模式\r\n转盘不再使用印刷图标，而采用了金属加工的高质感凸型图标，可无限制旋转，更便于使用。佳能700D使用3英寸104万像素触摸式旋转屏，显示效果细腻，\r\n触摸屏更不必多说，仍处于目前数码相机上操控最灵敏的水平，并且可实现高达270度的翻转角度。</p><p style=\"text-align:center;\"><img alt=\"佳能700D\" src=\"http://img.sxunt.com/uploads/image/20150105/1420444108.jpg\" style=\"border:1px solid #cccccc;\" title=\"佳能700D\"/> </p><p>\r\n	佳能700D使用了全新开发的CMOS，虽然仍是1800万的像素规格的APS-C画幅传感器，在目前为数众多的2400万级别的APS-C画幅单反相\r\n机里卖点稍欠缺。700D的传感器具备Hybrid CMOS \r\nAF功能，利用CMOS图像感应器中央附近的部分像素进行相差检测自动对焦，在650D的基础上又有进步了，当然除了传感器本身，新套机镜头功劳也不少。</p><p style=\"text-align:center;\"><img alt=\"佳能700D\" src=\"http://img.sxunt.com/uploads/image/20150105/1420439646.jpg\" style=\"border:1px solid #CCCCCC;\" title=\"佳能700D\"/> </p><p>\r\n	新套头成为了佳能700D套机的亮点，相比较升级不温不火的机身，新的套机镜头亮点十足，外观上看变化不算大，设计风格和前代一样，只是对焦环设计在了\r\n镜身上，而非前镜筒。紧凑感变强了。做工上的变化不大，仅仅是套头水平，亮点在于使用的是STM对焦马达，再也听不到咔咔咔咔咔的机械马达对焦声了，甚至\r\n连镜组移动的声音都听不到，这是专供视频拍摄对焦使用的，麦克风不再会录到镜头对焦的声音。对焦速度也有所提升，与老款套头有明显的性能差距。</p><p><strong>佳能700D实拍样张</strong> </p><p style=\"text-align:center;\"><img alt=\"佳能700D\" src=\"http://img.sxunt.com/uploads/image/20150105/1420444317.jpg\" style=\"border:1px solid #CCCCCC;\" title=\"佳能700D\"/> </p><p style=\"text-align:center;\"><img alt=\"佳能700D\" src=\"http://img.sxunt.com/uploads/image/20150105/1420442777.jpg\" style=\"border:1px solid #CCCCCC;\" title=\"佳能700D\"/> </p><p><strong> 编辑点评：</strong>佳\r\n能对700D的评价也很诚恳，明说这不是一款用于给老用户升级的产品，而是给新购单反的用户一个新的选择，直白点说就是选机买新不买旧。700D也确实不\r\n是换了个logo就上的产品，细节之处都作了升级，核心元件也升级了。更关键一点是，价钱也不贵，就是给新用户一个理由去买新品而不要纠结于老型号。</p><p><br/><span class=\"sTit\"></span> </p><p><span class=\"sTit\"></span><span class=\"sTop\"></span> </p><p><strong>推荐机型：尼康D5300<br/>机型特色：2416万像素去低通CMOS、旋转屏、WiFi、GPS<br/>参考售价：5499元（搭配</strong><strong>AF-S DX VR 18-105mm f/3.5-5.6G镜头 </strong><strong>）</strong> </p><p>\r\n	尼康D5300是尼康在2013年底推出的一款的入门级数码单反相机，是旗下产品D5200的最新升级版。这次尼康D5300的升级它的配置已经可以与中高端机器比肩。尼康D5300也是首款同时内置Wi-Fi及GPS模块的数码单反相机。</p><p style=\"text-align:center;\"><img alt=\"尼康D5300\" src=\"http://img.sxunt.com/uploads/image/20150105/1420446295.jpg\" style=\"border:1px solid #cccccc;\" title=\"尼康D5300\"/><br/>尼康 D5300</p><p>\r\n	尼康D5300配备了3.2英寸屏幕，分辨率为720×480，侧方向270°翻转屏。整机拥有125mm×98mm×76mm三围尺寸，带电池带卡重\r\n530g。同样提供了黑色、红色、灰色可供选择。此外，尼康 \r\nD5300是尼康首款内置GPS定位功能的数码单反相机，可以在照片上记录拍摄地点的具体信息(经度、纬度、海拔高度)。非常实用。</p><p style=\"text-align:center;\"><img alt=\"尼康D5300\" src=\"http://img.sxunt.com/uploads/image/20150105/1420439703.jpg\" style=\"border:1px solid #CCCCCC;\" title=\"尼康D5300\"/> </p><p>\r\n	尼康D5300搭载2416万有效像素，无光学低通滤镜的APS-C画幅CMOS传感器，并使用了EXPEED \r\n4图像处理器。采用39点自动对焦系统，其中包括9个十字对焦点，支持5.0fps连拍速度。内置Wi-Fi及GPS模块。此外，还支持\r\n1080P/60P的全高清视频拍摄、具有更大的光学取景器、14bitRAW拍摄功能和更大的电池容量。</p><p style=\"text-align:center;\"><span style=\"text-align:center;\"><img alt=\"尼康D5300\" src=\"http://img.sxunt.com/uploads/image/20150105/1420447815.jpg\" style=\"border:1px solid #CCCCCC;\" title=\"尼康D5300\"/></span><br/>尼康D5300是首款去低通滤镜的入门单反相机</p><p>\r\n	尼康D5300内在升级是掷地有声的：去低通滤镜传感器、全新处理器、无线模块以及更高利用率的屏幕等都是亮点。如果说尼康D5200相对于尼康D5100是全方位提升的升级作，那么尼康D5300则更多的是针对实拍体验以及画质方面更实在的升级。</p><p style=\"text-align:center;\"><img alt=\"新款翻转屏的利用率更加适合图片的回放\" src=\"http://img.sxunt.com/uploads/image/20150105/1420444487.jpg\" style=\"border:1px solid #cccccc;\" title=\"新款翻转屏的利用率更加适合图片的回放\"/><br/>新款翻转屏的利用率更加适合图片的回放</p><p>\r\n	尼康D5300全新的3.2英寸、103.7万像素LCD显示屏，宽高比从4:3变为3:2，显示图像画面占屏幕比例更高，可以全屏显示。另外取景器从\r\n过去的78%放大倍率增加到了82%的放大倍率，整体面积增加了11%，观看更舒适，没有了原来入门单反相机光学取景器观看偏小的问题。</p><p><strong>实拍样张</strong> </p><p style=\"text-align:center;\"><img alt=\"尼康D5300实拍样张\" src=\"http://img.sxunt.com/uploads/image/20150105/1420447143.jpg\" style=\"border:1px solid #cccccc;\" title=\"尼康D5300实拍样张\"/> </p><p style=\"text-align:center;\"><img alt=\"尼康D5300实拍样张\" src=\"http://img.sxunt.com/uploads/image/20150105/1420442802.jpg\" style=\"border:1px solid #cccccc;\" title=\"尼康D5300实拍样张\"/> </p><p><strong> 编辑点评：</strong>尼康D5300打破了很多第一：例如首次在入门单反相机中使用无低通滤镜的图像传感器、尼康首款搭载WiFi和GPS模块的单反，另外搭载全新的EXPEED 4图像处理器也让机身处理能力直逼专业级的单反相机。总的来说，尼康D5300的配置已经接近入门单反的极致了。</p><p><br/></p><p><span class=\"sTit\"></span><span class=\"sTop\"></span> </p><p><strong>推荐机型：佳能EOS M2<br/>机型特色：对焦达到主流水平、画质优秀、Wifi功能<br/>参考售价：3999元（</strong><strong>18-55mm 、22mm f/2 双头套机</strong><strong>）</strong> </p><p>\r\n	EOS M2是佳能涉足单电/微单相机领域的第二款产品，作为佳能EOS单反的分支，虽然EOS M饱受争议，但通过EOS M2的升级，佳能的单电系统表现进步非常明显。</p><p style=\"text-align:center;\"><img alt=\"佳能EOS M2\" src=\"http://img.sxunt.com/uploads/image/20150105/1420439297.jpg\" style=\"border:1px solid #cccccc;\" title=\"佳能EOS M2\"/><br/>佳能 EOS M2套机(配18-55mm镜头)<span style=\"color:#222222;\"> </span> </p><p>\r\n	佳能EOS M2的机身外观风格与旧款差不多，感觉像一块方形的肥皂，边角的线条很圆润。相对于其他单电/微单来说，佳能EOS M2可能看上去没有显得很小，但实际拿在手上却又觉得不大。如果你对相机的小巧体积有要求，装配定焦镜头的EOS M2应该不会让你失望。</p><p style=\"text-align:center;\"><img alt=\"佳能EOS M2\" src=\"http://img.sxunt.com/uploads/image/20150105/1420444380.jpg\" style=\"border:1px solid #CCCCCC;\" title=\"佳能EOS M2\"/> </p><p>\r\n	佳能EOS M2仍然使用1800万像素APS-C \r\nCMOS传感器，配备3英寸104万点的屏幕，但屏幕不能旋转或反折，对高低角度取景来说有点局限。另外EOS \r\nM2的触摸操作流畅，支持多点触控功能。EOS M2的连拍速度也从旧款的4.3张/秒提升到4.6张/秒，算是小提升。</p><p style=\"text-align:center;\"><img alt=\"佳能EOS M2\" src=\"http://img.sxunt.com/uploads/image/20150105/1420442055.jpg\" style=\"border:1px solid #CCCCCC;\" title=\"佳能EOS M2\"/> </p><p>\r\n	相比起上一代的EOS M，新款新增了内置Wi-Fi功能，可以用手机遥控拍摄以及传输照片。另外传感器方面升级到Hybrid CMOS AF \r\nII，让自动对焦的反应和速度提升了很多，旧款经常被人诟病的问题得到了很好的改善。现时能用在EOS M2/EOS \r\nM上面的镜头，已经增加到四款，实现了从广角到标准及远摄连续焦段的无缝覆盖：包括22mm f/2 STM定焦、18-55mm f/3.5-5.6 \r\nIS STM变焦、11-12mm f/4-5.6 IS STM和EF-M系统首款长变焦镜头EF-M 55-200mm f/4.5-6.3 IS \r\nSTM。</p><p><strong> 实拍样张</strong> </p><p style=\"text-align:center;\"><img alt=\"佳能EOS M2样张\" src=\"http://img.sxunt.com/uploads/image/20150105/1420440334.jpg\" title=\"佳能EOS M2样张\"/> </p><p style=\"text-align:center;\"><img alt=\"佳能EOS M2样张\" src=\"http://img.sxunt.com/uploads/image/20150105/1420440101.jpg\" title=\"佳能EOS M2样张\"/> </p><p><strong> 编辑点评：</strong>和上代相比，佳能EOS M2表现已经明显进步，基本修正了旧款机型的缺点，虽然现在佳能单电阵营只有两款机型以及三款镜头，但借助佳能强大的光学技术，在EF-M原生卡口镜头上多下点功夫，推出更多焦段的镜头，相信今后会有更好表现。</p><p><br/></p><p><span class=\"sTit\"></span><span class=\"sTop\"></span> </p><p><strong>推荐产品：富士X-M1<br/>机型特色：紧凑机身、高画质、操作更便利</strong><br/><strong>参考售价：3299元</strong><strong>（搭配16-50镜头）</strong> </p><p>\r\n	富士X-M1是一款入门级微型单电相机，拥有超经典的复古造型，价格便宜，但内在配置完全超越入门级别。</p><p style=\"text-align:center;\"><img alt=\"富士X-M1\" src=\"http://img.sxunt.com/uploads/image/20150105/1420440897.jpg\" style=\"border:1px solid #cccccc;\" title=\"富士X-M1\"/><br/>富士 X-M1<span style=\"color:#222222;\"> </span> </p><p>\r\n	富士X-M1与X-PRO1以及X-E1采用了一样的APS-C规格的X-TRANS \r\nCMOS传感器，而在处理器方面比X-PRO1要高，采用了EXR-PRO \r\nII代处理器。配备了一块3英寸3:2宽高比的92万像素可折叠液晶翻转屏，翻转屏的加入使得用户摆脱传统的拍摄角度，可以拍摄出更加有趣的照片。另\r\n外，X-M1还加入了时下最常用的Wi-Fi无线分享功能，用户可以将照片轻松地与移动设备进行传输。</p><p style=\"text-align:center;\"><img alt=\"富士X-M1\" src=\"http://img.sxunt.com/uploads/image/20150105/1420442188.jpg\" style=\"border:1px solid #CCCCCC;\" title=\"富士X-M1\"/> </p><p>\r\n	富士X-M1与X20非常相似，非常小巧。在机身厚度上X-M1与X-PRO1以及X-E1类似，并没有做得很薄，这样的厚度对于提升手感也非常\r\n棒，X-M1沿用传统的蒙复荔枝皮设计，但是X-M1并没有像前作那样另外有一个突起的握把，只是与机身一体的手柄。X-M1最大的变化之一就在于背部的\r\n按键布局和屏幕都有很大的变化，自定义的功能键变少了，倾向于卡片机的设计。</p><p style=\"text-align:center;\"><img alt=\"富士X-M1\" src=\"http://img.sxunt.com/uploads/image/20150105/1420447840.jpg\" style=\"border:1px solid #CCCCCC;\" title=\"富士X-M1\"/> </p><p>\r\n	富士的前两款单电相机，X-Pro1与X-E1的机背右侧是非常接近的，键盘的分布上几乎完全相同，但在X-M1上就来了一个乾坤大挪移。最直接的变化\r\n就是四项按钮上全部都有对应的功能，对焦点、白平衡、连拍与微距模式，这些功能除了小花以外，在X-Pro1与X-E1上相机中这些功能都做在机背左侧，\r\n需要用左手去控制，富士貌似意识到单手操作的重要性，当然也受体积所限。在右上侧也出现了独立录影键，相比在X-Pro1与X-E1上面需要在选单内调整\r\n至录影模式并且按下快门才能开始录影，X-M1的设计方便不少，也侧面印证了X-M1是面向全天候方位使用的机器，而不像X-Pro1与X-E1那样只专\r\n注于静态照片拍摄。</p><p><strong> 实拍样张</strong> </p><p style=\"text-align:center;\"><img alt=\"富士X-M1\" src=\"http://img.sxunt.com/uploads/image/20150105/1420441761.jpg\" style=\"border:1px solid #cccccc;\" title=\"富士X-M1\"/> </p><p style=\"text-align:center;\"><img alt=\"富士X-M1\" src=\"http://img.sxunt.com/uploads/image/20150105/1420447766.jpg\" style=\"border:1px solid #CCCCCC;\" title=\"富士X-M1\"/> </p><p><strong> 编辑点评：</strong>富\r\n士X-M1是一款纯面向入门用户的单电相机。相比前两款产品，X-M1还多了更多好用的功能，例如人脸自动对焦、Wi-Fi无线传输、地理标记等等，加上\r\n更方便且容易的操作。而且最重要的是，们有相同的感光元件、相同的控噪表现、相似的对焦速度。而能够调整的部份也相去不远。所以当画质摆在首要而且纠结于\r\n价格的话，X-M1会是你最终的选择。</p><p><br/></p><p><span class=\"sTit\"></span><span class=\"sTop\"></span> </p><p><strong>推荐机型：索尼A6000<br/>机型特色：11张/秒连拍速度、对焦最快的微单?相机<br/>参考售价：3659元（单机身售价）</strong> </p><p>\r\n	索尼A6000是2014年春季发布的一款微单?相机，是索尼NEX-6与NEX-7两个系列的后继产品。在产品特点上，既融合了NEX-6高性价比的特点，又有NEX-7高性能的机身水平。作为中高端的入门单电，拥有合理的售价，竞争力相当强大。</p><p style=\"text-align:center;\"><img alt=\"索尼A6000\" src=\"http://img.sxunt.com/uploads/image/20150105/1420448449.jpg\" style=\"border:1px solid #cccccc;\" title=\"索尼A6000\"/><br/>索尼 A6000</p><p>\r\n	索尼A6000的外观融合了NEX-6与NEX-7的特点，整体造型偏向于NEX-6，但是细节部分沿用了NEX-7，机顶双转盘设计不突出于机顶表\r\n面，而其中一个转盘为模式转盘，机身采用塑料材质，因此重量也非常轻，并且除了黑色外，还提供了银色版本，与黑色蒙皮的手柄搭配，有一种复古相机的味道。\r\n手柄处特别设计，更为贴合手型。因此握持变得更为舒适，十分贴手。</p><p style=\"text-align:center;\"><img alt=\"索尼A6000\" src=\"http://img.sxunt.com/uploads/image/20150105/1420441282.jpg\" style=\"border:1px solid #cccccc;\" title=\"索尼A6000\"/><br/>索尼A6000</p><p>\r\n	索尼A6000的配置在同价位产品中堪称豪华，带有电子取景器、翻转屏、11张/秒连拍速度，堪称索尼微单?相机中对焦速度最快的增强型混合自动对焦系\r\n统，自定义键提升到7个，当然还有索尼几乎普及的WiFi无线传输以及NFC连接方式。另外，传感器也使用了全新的约2430万像素Exmor APS \r\nHD CMOS影像传感器，使用的是应用于A7R的无隙芯片镜片和镜片位置匹配技术，提高成像的锐度以及色彩表现。</p><p><br/></p><p><span style=\"font-size:16px;\"> 索尼在A6000上搭载的是全新的超高速混合对焦系统，支持179点相位差对焦点和25点的反差式对焦点，相位差对焦点的覆盖范围几乎全屏。索尼称是目\r\n前对焦最快的索尼尾单?相机，最快可达0.06s，事实上一对比就可以发现，这并没有吹嘘的成分，的确是快了很多。去年我们进行单电相机的年度评测的时\r\n候，参加横评的索尼NEX-5T微单?相机的对焦水平在参评产品中，对焦性能属于中下水平，但是A6000的对焦速度明显提升了好几个级别。处于可换镜头\r\n相机中的前列，性能已经比较接近对焦最快的M4/3阵营了。</span> </p><p><strong>索尼A6000样张</strong> </p><p style=\"text-align:center;\"><img alt=\"索尼A6000\" src=\"http://img.sxunt.com/uploads/image/20150105/1420446100.jpg\" title=\"索尼A6000\"/><br/>光圈:F8 &nbsp;快门:1.3 sec &nbsp;ISO:100</p><p style=\"text-align:center;\"><img alt=\"索尼A6000\" src=\"http://img.sxunt.com/uploads/image/20150105/1420445526.jpg\" title=\"索尼A6000\"/><br/>光圈:F5.6 &nbsp;快门:0.01 sec &nbsp;ISO:100</p><p><strong>编辑点评：</strong>索\r\n尼A6000是索尼微单?相机更换型号命名后的顶级APS-C画幅产品，打的是性价比的旗号，在机身材质、电子取景器分辨率等较为次要的方面作了妥协，而\r\n在核心配置上却一点不含糊，画质有明显提升，对焦速度也是目前索尼系微单?相机中最快的。加上电子取景器、翻转屏等方便的专业配置，以主流无反相机的价格\r\n定位来看，完全是超值的产品。<span class=\"clear\"></span> <span class=\"cmPriceTab\"> </span> </p><p><br/></p>');
INSERT INTO `s_article_data` VALUES ('23', '<p><br clear=\"all\"/></p><p style=\"text-align:center;\"><img src=\"http://img.sxunt.com/uploads/image/20150106/1420556752.jpg\" alt=\"\"/><br/><strong>富士XF 16-55mm F2.8 R LM WR镜头</strong> </p><p style=\"text-align:left;\">\r\n	富士XF 16-55mm F2.8 R LM WR镜头采用轻量化内对焦设计，最快合焦速度仅0.06秒，在与富士X-T1的静音拍照模式搭配使用时，可实现安静又迅速的对焦体验。美中不足的是，镜头不支持防抖。</p><p style=\"text-align:center;\"><img src=\"http://img.sxunt.com/uploads/image/20150106/1420560178.jpg\" alt=\"\"/><br/><strong>富士XF 16-55mm F2.8 R LM WR镜头搭载富士X-T1</strong> </p><p style=\"text-align:left;\"><span style=\"text-align:left;\"> 富士XF 16-55mm F2.8 R LM WR镜头具有9片光圈叶片，12组17片光学结构，3片非球面镜，3片ED镜片，最近对焦距离0.3m，滤镜口径77mm。</span> </p><p style=\"text-align:left;\">\r\n	镜头于今年2月初左右出货，售价1200美元，约合人民币7458元。</p><p style=\"text-align:left;\"><strong>·编辑观点：</strong> </p><p style=\"text-align:left;\">\r\n	富士新发布的XF 16-55mm F2.8 R LM \r\nWR镜头官方解释是搭配X-T1来使用的，f/2.8的恒定大光圈绝对比套机镜头给力，但不足也是显而易见的，镜头不带防抖功能，并且体积略大，长\r\n106mm，重655g，对于微单的便携性来说是有一些牺牲的。</p>');
INSERT INTO `s_article_data` VALUES ('24', '<p>vvvv<br/></p>');
INSERT INTO `s_article_data` VALUES ('25', '<p>v</p>');

-- ----------------------------
-- Table structure for `s_article_tag`
-- ----------------------------
DROP TABLE IF EXISTS `s_article_tag`;
CREATE TABLE `s_article_tag` (
  `article_id` int(10) NOT NULL,
  `tag_id` int(10) NOT NULL
) ENGINE=InnoDB DEFAULT CHARSET=utf8;

-- ----------------------------
-- Records of s_article_tag
-- ----------------------------
INSERT INTO `s_article_tag` VALUES ('23', '3');
INSERT INTO `s_article_tag` VALUES ('9', '4');
INSERT INTO `s_article_tag` VALUES ('9', '5');
INSERT INTO `s_article_tag` VALUES ('20', '6');
INSERT INTO `s_article_tag` VALUES ('5', '7');

-- ----------------------------
-- Table structure for `s_auth`
-- ----------------------------
DROP TABLE IF EXISTS `s_auth`;
CREATE TABLE `s_auth` (
  `id` int(11) NOT NULL AUTO_INCREMENT,
  `user_id` int(11) NOT NULL,
  `source` varchar(255) NOT NULL,
  `source_id` varchar(255) NOT NULL,
  PRIMARY KEY (`id`)
) ENGINE=InnoDB DEFAULT CHARSET=utf8;

-- ----------------------------
-- Records of s_auth
-- ----------------------------

-- ----------------------------
-- Table structure for `s_auth_assignment`
-- ----------------------------
DROP TABLE IF EXISTS `s_auth_assignment`;
CREATE TABLE `s_auth_assignment` (
  `item_name` varchar(64) COLLATE utf8_unicode_ci NOT NULL,
  `user_id` varchar(64) COLLATE utf8_unicode_ci NOT NULL,
  `created_at` int(11) DEFAULT NULL,
  PRIMARY KEY (`item_name`,`user_id`),
  CONSTRAINT `s_auth_assignment_ibfk_1` FOREIGN KEY (`item_name`) REFERENCES `s_auth_item` (`name`) ON DELETE CASCADE ON UPDATE CASCADE
) ENGINE=InnoDB DEFAULT CHARSET=utf8 COLLATE=utf8_unicode_ci;

-- ----------------------------
-- Records of s_auth_assignment
-- ----------------------------
INSERT INTO `s_auth_assignment` VALUES ('superAdmin', '1', '1443080982');
INSERT INTO `s_auth_assignment` VALUES ('superAdmin', '3', '1464492822');
INSERT INTO `s_auth_assignment` VALUES ('Writer', '2', '1464446947');

-- ----------------------------
-- Table structure for `s_auth_item`
-- ----------------------------
DROP TABLE IF EXISTS `s_auth_item`;
CREATE TABLE `s_auth_item` (
  `name` varchar(64) COLLATE utf8_unicode_ci NOT NULL,
  `type` int(11) NOT NULL,
  `description` text COLLATE utf8_unicode_ci,
  `rule_name` varchar(64) COLLATE utf8_unicode_ci DEFAULT NULL,
  `data` text COLLATE utf8_unicode_ci,
  `created_at` int(11) DEFAULT NULL,
  `updated_at` int(11) DEFAULT NULL,
  PRIMARY KEY (`name`),
  KEY `rule_name` (`rule_name`),
  KEY `idx-auth_item-type` (`type`),
  CONSTRAINT `s_auth_item_ibfk_1` FOREIGN KEY (`rule_name`) REFERENCES `s_auth_rule` (`name`) ON DELETE SET NULL ON UPDATE CASCADE
) ENGINE=InnoDB DEFAULT CHARSET=utf8 COLLATE=utf8_unicode_ci;

-- ----------------------------
-- Records of s_auth_item
-- ----------------------------
INSERT INTO `s_auth_item` VALUES ('/*', '2', null, null, null, '1458640575', '1458640575');
INSERT INTO `s_auth_item` VALUES ('/admin-log/*', '2', null, null, null, '1458640575', '1458640575');
INSERT INTO `s_auth_item` VALUES ('/admin-log/index', '2', null, null, null, '1458640575', '1458640575');
INSERT INTO `s_auth_item` VALUES ('/admin-log/view', '2', null, null, null, '1458640575', '1458640575');
INSERT INTO `s_auth_item` VALUES ('/admin/*', '2', null, null, null, '1458640575', '1458640575');
INSERT INTO `s_auth_item` VALUES ('/admin/assignment/*', '2', null, null, null, '1458640575', '1458640575');
INSERT INTO `s_auth_item` VALUES ('/admin/assignment/assign', '2', null, null, null, '1458640575', '1458640575');
INSERT INTO `s_auth_item` VALUES ('/admin/assignment/index', '2', null, null, null, '1458640575', '1458640575');
INSERT INTO `s_auth_item` VALUES ('/admin/assignment/search', '2', null, null, null, '1458640575', '1458640575');
INSERT INTO `s_auth_item` VALUES ('/admin/assignment/view', '2', null, null, null, '1458640575', '1458640575');
INSERT INTO `s_auth_item` VALUES ('/admin/default/*', '2', null, null, null, '1458640575', '1458640575');
INSERT INTO `s_auth_item` VALUES ('/admin/default/index', '2', null, null, null, '1458640575', '1458640575');
INSERT INTO `s_auth_item` VALUES ('/admin/menu/*', '2', null, null, null, '1458640575', '1458640575');
INSERT INTO `s_auth_item` VALUES ('/admin/menu/create', '2', null, null, null, '1458640575', '1458640575');
INSERT INTO `s_auth_item` VALUES ('/admin/menu/delete', '2', null, null, null, '1458640575', '1458640575');
INSERT INTO `s_auth_item` VALUES ('/admin/menu/index', '2', null, null, null, '1458640575', '1458640575');
INSERT INTO `s_auth_item` VALUES ('/admin/menu/update', '2', null, null, null, '1458640575', '1458640575');
INSERT INTO `s_auth_item` VALUES ('/admin/menu/view', '2', null, null, null, '1458640575', '1458640575');
INSERT INTO `s_auth_item` VALUES ('/admin/permission/*', '2', null, null, null, '1458640575', '1458640575');
INSERT INTO `s_auth_item` VALUES ('/admin/permission/assign', '2', null, null, null, '1458640575', '1458640575');
INSERT INTO `s_auth_item` VALUES ('/admin/permission/create', '2', null, null, null, '1458640575', '1458640575');
INSERT INTO `s_auth_item` VALUES ('/admin/permission/delete', '2', null, null, null, '1458640575', '1458640575');
INSERT INTO `s_auth_item` VALUES ('/admin/permission/index', '2', null, null, null, '1458640575', '1458640575');
INSERT INTO `s_auth_item` VALUES ('/admin/permission/search', '2', null, null, null, '1458640575', '1458640575');
INSERT INTO `s_auth_item` VALUES ('/admin/permission/update', '2', null, null, null, '1458640575', '1458640575');
INSERT INTO `s_auth_item` VALUES ('/admin/permission/view', '2', null, null, null, '1458640575', '1458640575');
INSERT INTO `s_auth_item` VALUES ('/admin/role/*', '2', null, null, null, '1458640575', '1458640575');
INSERT INTO `s_auth_item` VALUES ('/admin/role/assign', '2', null, null, null, '1458640575', '1458640575');
INSERT INTO `s_auth_item` VALUES ('/admin/role/create', '2', null, null, null, '1458640575', '1458640575');
INSERT INTO `s_auth_item` VALUES ('/admin/role/delete', '2', null, null, null, '1458640575', '1458640575');
INSERT INTO `s_auth_item` VALUES ('/admin/role/index', '2', null, null, null, '1458640575', '1458640575');
INSERT INTO `s_auth_item` VALUES ('/admin/role/search', '2', null, null, null, '1458640575', '1458640575');
INSERT INTO `s_auth_item` VALUES ('/admin/role/update', '2', null, null, null, '1458640575', '1458640575');
INSERT INTO `s_auth_item` VALUES ('/admin/role/view', '2', null, null, null, '1458640575', '1458640575');
INSERT INTO `s_auth_item` VALUES ('/admin/route/*', '2', null, null, null, '1458640575', '1458640575');
INSERT INTO `s_auth_item` VALUES ('/admin/route/assign', '2', null, null, null, '1458640575', '1458640575');
INSERT INTO `s_auth_item` VALUES ('/admin/route/create', '2', null, null, null, '1458640575', '1458640575');
INSERT INTO `s_auth_item` VALUES ('/admin/route/index', '2', null, null, null, '1458640575', '1458640575');
INSERT INTO `s_auth_item` VALUES ('/admin/route/search', '2', null, null, null, '1458640575', '1458640575');
INSERT INTO `s_auth_item` VALUES ('/admin/rule/*', '2', null, null, null, '1458640575', '1458640575');
INSERT INTO `s_auth_item` VALUES ('/admin/rule/create', '2', null, null, null, '1458640575', '1458640575');
INSERT INTO `s_auth_item` VALUES ('/admin/rule/delete', '2', null, null, null, '1458640575', '1458640575');
INSERT INTO `s_auth_item` VALUES ('/admin/rule/index', '2', null, null, null, '1458640575', '1458640575');
INSERT INTO `s_auth_item` VALUES ('/admin/rule/update', '2', null, null, null, '1458640575', '1458640575');
INSERT INTO `s_auth_item` VALUES ('/admin/rule/view', '2', null, null, null, '1458640575', '1458640575');
INSERT INTO `s_auth_item` VALUES ('/adv-type/*', '2', null, null, null, '1491103539', '1491103539');
INSERT INTO `s_auth_item` VALUES ('/adv-type/create', '2', null, null, null, '1491103539', '1491103539');
INSERT INTO `s_auth_item` VALUES ('/adv-type/delete', '2', null, null, null, '1491103539', '1491103539');
INSERT INTO `s_auth_item` VALUES ('/adv-type/index', '2', null, null, null, '1491103538', '1491103538');
INSERT INTO `s_auth_item` VALUES ('/adv-type/update', '2', null, null, null, '1491103539', '1491103539');
INSERT INTO `s_auth_item` VALUES ('/adv-type/view', '2', null, null, null, '1491103539', '1491103539');
INSERT INTO `s_auth_item` VALUES ('/adv/*', '2', null, null, null, '1491115418', '1491115418');
INSERT INTO `s_auth_item` VALUES ('/adv/create', '2', null, null, null, '1491115418', '1491115418');
INSERT INTO `s_auth_item` VALUES ('/adv/delete', '2', null, null, null, '1491115418', '1491115418');
INSERT INTO `s_auth_item` VALUES ('/adv/index', '2', null, null, null, '1491115418', '1491115418');
INSERT INTO `s_auth_item` VALUES ('/adv/update', '2', null, null, null, '1491115418', '1491115418');
INSERT INTO `s_auth_item` VALUES ('/adv/view', '2', null, null, null, '1491115418', '1491115418');
INSERT INTO `s_auth_item` VALUES ('/article/*', '2', null, null, null, '1458640575', '1458640575');
INSERT INTO `s_auth_item` VALUES ('/article/create', '2', null, null, null, '1458640575', '1458640575');
INSERT INTO `s_auth_item` VALUES ('/article/delete', '2', null, null, null, '1458640575', '1458640575');
INSERT INTO `s_auth_item` VALUES ('/article/hard-delete', '2', null, null, null, '1458640575', '1458640575');
INSERT INTO `s_auth_item` VALUES ('/article/index', '2', null, null, null, '1458640575', '1458640575');
INSERT INTO `s_auth_item` VALUES ('/article/reduction', '2', null, null, null, '1458640575', '1458640575');
INSERT INTO `s_auth_item` VALUES ('/article/trash', '2', null, null, null, '1458640575', '1458640575');
INSERT INTO `s_auth_item` VALUES ('/article/update', '2', null, null, null, '1458640575', '1458640575');
INSERT INTO `s_auth_item` VALUES ('/article/upload', '2', null, null, null, '1458640575', '1458640575');
INSERT INTO `s_auth_item` VALUES ('/article/view', '2', null, null, null, '1458640575', '1458640575');
INSERT INTO `s_auth_item` VALUES ('/article/webupload', '2', null, null, null, '1458640575', '1458640575');
INSERT INTO `s_auth_item` VALUES ('/category/*', '2', null, null, null, '1458640575', '1458640575');
INSERT INTO `s_auth_item` VALUES ('/category/create', '2', null, null, null, '1458640575', '1458640575');
INSERT INTO `s_auth_item` VALUES ('/category/delete', '2', null, null, null, '1458640575', '1458640575');
INSERT INTO `s_auth_item` VALUES ('/category/index', '2', null, null, null, '1458640575', '1458640575');
INSERT INTO `s_auth_item` VALUES ('/category/update', '2', null, null, null, '1458640575', '1458640575');
INSERT INTO `s_auth_item` VALUES ('/category/view', '2', null, null, null, '1458640575', '1458640575');
INSERT INTO `s_auth_item` VALUES ('/config/*', '2', null, null, null, '1458640575', '1458640575');
INSERT INTO `s_auth_item` VALUES ('/config/create', '2', null, null, null, '1458640575', '1458640575');
INSERT INTO `s_auth_item` VALUES ('/config/delete', '2', null, null, null, '1458640575', '1458640575');
INSERT INTO `s_auth_item` VALUES ('/config/index', '2', null, null, null, '1458640575', '1458640575');
INSERT INTO `s_auth_item` VALUES ('/config/update', '2', null, null, null, '1458640575', '1458640575');
INSERT INTO `s_auth_item` VALUES ('/config/view', '2', null, null, null, '1458640575', '1458640575');
INSERT INTO `s_auth_item` VALUES ('/database/*', '2', null, null, null, '1458640575', '1458640575');
INSERT INTO `s_auth_item` VALUES ('/database/export/*', '2', null, null, null, '1458640575', '1458640575');
INSERT INTO `s_auth_item` VALUES ('/database/export/index', '2', null, null, null, '1458640575', '1458640575');
INSERT INTO `s_auth_item` VALUES ('/database/export/init', '2', null, null, null, '1458640575', '1458640575');
INSERT INTO `s_auth_item` VALUES ('/database/export/optimize', '2', null, null, null, '1458640575', '1458640575');
INSERT INTO `s_auth_item` VALUES ('/database/export/start', '2', null, null, null, '1458640575', '1458640575');
INSERT INTO `s_auth_item` VALUES ('/database/import/*', '2', null, null, null, '1458640575', '1458640575');
INSERT INTO `s_auth_item` VALUES ('/database/import/del', '2', null, null, null, '1458640575', '1458640575');
INSERT INTO `s_auth_item` VALUES ('/database/import/index', '2', null, null, null, '1458640575', '1458640575');
INSERT INTO `s_auth_item` VALUES ('/database/import/init', '2', null, null, null, '1458640575', '1458640575');
INSERT INTO `s_auth_item` VALUES ('/database/import/start', '2', null, null, null, '1458640575', '1458640575');
INSERT INTO `s_auth_item` VALUES ('/debug/*', '2', null, null, null, '1458640575', '1458640575');
INSERT INTO `s_auth_item` VALUES ('/debug/default/*', '2', null, null, null, '1458640575', '1458640575');
INSERT INTO `s_auth_item` VALUES ('/debug/default/db-explain', '2', null, null, null, '1458640575', '1458640575');
INSERT INTO `s_auth_item` VALUES ('/debug/default/download-mail', '2', null, null, null, '1458640575', '1458640575');
INSERT INTO `s_auth_item` VALUES ('/debug/default/index', '2', null, null, null, '1458640575', '1458640575');
INSERT INTO `s_auth_item` VALUES ('/debug/default/toolbar', '2', null, null, null, '1458640575', '1458640575');
INSERT INTO `s_auth_item` VALUES ('/debug/default/view', '2', null, null, null, '1458640575', '1458640575');
INSERT INTO `s_auth_item` VALUES ('/diary/*', '2', null, null, null, '1491635013', '1491635013');
INSERT INTO `s_auth_item` VALUES ('/diary/create', '2', null, null, null, '1491635013', '1491635013');
INSERT INTO `s_auth_item` VALUES ('/diary/delete', '2', null, null, null, '1491635013', '1491635013');
INSERT INTO `s_auth_item` VALUES ('/diary/index', '2', null, null, null, '1491635013', '1491635013');
INSERT INTO `s_auth_item` VALUES ('/diary/update', '2', null, null, null, '1491635013', '1491635013');
INSERT INTO `s_auth_item` VALUES ('/diary/view', '2', null, null, null, '1491635013', '1491635013');
INSERT INTO `s_auth_item` VALUES ('/edify/*', '2', null, null, null, '1490437837', '1490437837');
INSERT INTO `s_auth_item` VALUES ('/edify/create', '2', null, null, null, '1490437900', '1490437900');
INSERT INTO `s_auth_item` VALUES ('/edify/delete', '2', null, null, null, '1490437900', '1490437900');
INSERT INTO `s_auth_item` VALUES ('/edify/index', '2', null, null, null, '1490437900', '1490437900');
INSERT INTO `s_auth_item` VALUES ('/edify/update', '2', null, null, null, '1490437900', '1490437900');
INSERT INTO `s_auth_item` VALUES ('/edify/view', '2', null, null, null, '1490437900', '1490437900');
INSERT INTO `s_auth_item` VALUES ('/gallery/*', '2', null, null, null, '1491635680', '1491635680');
INSERT INTO `s_auth_item` VALUES ('/gallery/create', '2', null, null, null, '1491635680', '1491635680');
INSERT INTO `s_auth_item` VALUES ('/gallery/delete', '2', null, null, null, '1491635680', '1491635680');
INSERT INTO `s_auth_item` VALUES ('/gallery/index', '2', null, null, null, '1491635680', '1491635680');
INSERT INTO `s_auth_item` VALUES ('/gallery/update', '2', null, null, null, '1491635680', '1491635680');
INSERT INTO `s_auth_item` VALUES ('/gallery/view', '2', null, null, null, '1491635680', '1491635680');
INSERT INTO `s_auth_item` VALUES ('/gii/*', '2', null, null, null, '1458640575', '1458640575');
INSERT INTO `s_auth_item` VALUES ('/gii/default/*', '2', null, null, null, '1458640575', '1458640575');
INSERT INTO `s_auth_item` VALUES ('/gii/default/action', '2', null, null, null, '1458640575', '1458640575');
INSERT INTO `s_auth_item` VALUES ('/gii/default/diff', '2', null, null, null, '1458640575', '1458640575');
INSERT INTO `s_auth_item` VALUES ('/gii/default/index', '2', null, null, null, '1458640575', '1458640575');
INSERT INTO `s_auth_item` VALUES ('/gii/default/preview', '2', null, null, null, '1458640575', '1458640575');
INSERT INTO `s_auth_item` VALUES ('/gii/default/view', '2', null, null, null, '1458640575', '1458640575');
INSERT INTO `s_auth_item` VALUES ('/gridview/*', '2', null, null, null, '1458640575', '1458640575');
INSERT INTO `s_auth_item` VALUES ('/gridview/export/*', '2', null, null, null, '1458640575', '1458640575');
INSERT INTO `s_auth_item` VALUES ('/gridview/export/download', '2', null, null, null, '1458640575', '1458640575');
INSERT INTO `s_auth_item` VALUES ('/massage/*', '2', null, null, null, '1491636212', '1491636212');
INSERT INTO `s_auth_item` VALUES ('/massage/create', '2', null, null, null, '1491636212', '1491636212');
INSERT INTO `s_auth_item` VALUES ('/massage/delete', '2', null, null, null, '1491636212', '1491636212');
INSERT INTO `s_auth_item` VALUES ('/massage/index', '2', null, null, null, '1491636212', '1491636212');
INSERT INTO `s_auth_item` VALUES ('/massage/update', '2', null, null, null, '1491636212', '1491636212');
INSERT INTO `s_auth_item` VALUES ('/massage/view', '2', null, null, null, '1491636212', '1491636212');
INSERT INTO `s_auth_item` VALUES ('/nav/*', '2', null, null, null, '1458640575', '1458640575');
INSERT INTO `s_auth_item` VALUES ('/nav/create', '2', null, null, null, '1458640575', '1458640575');
INSERT INTO `s_auth_item` VALUES ('/nav/delete', '2', null, null, null, '1458640575', '1458640575');
INSERT INTO `s_auth_item` VALUES ('/nav/index', '2', null, null, null, '1458640575', '1458640575');
INSERT INTO `s_auth_item` VALUES ('/nav/update', '2', null, null, null, '1458640575', '1458640575');
INSERT INTO `s_auth_item` VALUES ('/nav/view', '2', null, null, null, '1458640575', '1458640575');
INSERT INTO `s_auth_item` VALUES ('/page/*', '2', null, null, null, '1458640575', '1458640575');
INSERT INTO `s_auth_item` VALUES ('/page/create', '2', null, null, null, '1458640575', '1458640575');
INSERT INTO `s_auth_item` VALUES ('/page/delete', '2', null, null, null, '1458640575', '1458640575');
INSERT INTO `s_auth_item` VALUES ('/page/index', '2', null, null, null, '1458640575', '1458640575');
INSERT INTO `s_auth_item` VALUES ('/page/update', '2', null, null, null, '1458640575', '1458640575');
INSERT INTO `s_auth_item` VALUES ('/page/view', '2', null, null, null, '1458640575', '1458640575');
INSERT INTO `s_auth_item` VALUES ('/site/*', '2', null, null, null, '1458640575', '1458640575');
INSERT INTO `s_auth_item` VALUES ('/site/demo', '2', null, null, null, '1458640575', '1458640575');
INSERT INTO `s_auth_item` VALUES ('/site/error', '2', null, null, null, '1458640575', '1458640575');
INSERT INTO `s_auth_item` VALUES ('/site/index', '2', null, null, null, '1458640575', '1458640575');
INSERT INTO `s_auth_item` VALUES ('/site/login', '2', null, null, null, '1458640575', '1458640575');
INSERT INTO `s_auth_item` VALUES ('/site/logout', '2', null, null, null, '1458640575', '1458640575');
INSERT INTO `s_auth_item` VALUES ('/skill/*', '2', null, null, null, '1465058460', '1465058460');
INSERT INTO `s_auth_item` VALUES ('/skill/create', '2', null, null, null, '1465058475', '1465058475');
INSERT INTO `s_auth_item` VALUES ('/skill/delete', '2', null, null, null, '1465058475', '1465058475');
INSERT INTO `s_auth_item` VALUES ('/skill/index', '2', null, null, null, '1465058358', '1465058358');
INSERT INTO `s_auth_item` VALUES ('/skill/update', '2', null, null, null, '1465058475', '1465058475');
INSERT INTO `s_auth_item` VALUES ('/skill/view', '2', null, null, null, '1465058475', '1465058475');
INSERT INTO `s_auth_item` VALUES ('/system/*', '2', null, null, null, '1458640575', '1458640575');
INSERT INTO `s_auth_item` VALUES ('/system/config', '2', null, null, null, '1458640575', '1458640575');
INSERT INTO `s_auth_item` VALUES ('/system/webupload', '2', null, null, null, '1458640575', '1458640575');
INSERT INTO `s_auth_item` VALUES ('/tools/*', '2', null, null, null, '1489823372', '1489823372');
INSERT INTO `s_auth_item` VALUES ('/user/*', '2', null, null, null, '1458640575', '1458640575');
INSERT INTO `s_auth_item` VALUES ('/user/create', '2', null, null, null, '1458640575', '1458640575');
INSERT INTO `s_auth_item` VALUES ('/user/delete', '2', null, null, null, '1458640575', '1458640575');
INSERT INTO `s_auth_item` VALUES ('/user/index', '2', null, null, null, '1458640575', '1458640575');
INSERT INTO `s_auth_item` VALUES ('/user/reset-password', '2', null, null, null, '1458640575', '1458640575');
INSERT INTO `s_auth_item` VALUES ('/user/update', '2', null, null, null, '1458640575', '1458640575');
INSERT INTO `s_auth_item` VALUES ('/user/view', '2', null, null, null, '1458640575', '1458640575');
INSERT INTO `s_auth_item` VALUES ('author', '1', null, null, null, '1443080982', '1443080982');
INSERT INTO `s_auth_item` VALUES ('superAdmin', '1', '超级管理员', null, null, '1443080982', '1443408507');
INSERT INTO `s_auth_item` VALUES ('Writer', '1', 'Writer', null, null, '1464446889', '1464446889');

-- ----------------------------
-- Table structure for `s_auth_item_child`
-- ----------------------------
DROP TABLE IF EXISTS `s_auth_item_child`;
CREATE TABLE `s_auth_item_child` (
  `parent` varchar(64) COLLATE utf8_unicode_ci NOT NULL,
  `child` varchar(64) COLLATE utf8_unicode_ci NOT NULL,
  PRIMARY KEY (`parent`,`child`),
  KEY `child` (`child`),
  CONSTRAINT `s_auth_item_child_ibfk_1` FOREIGN KEY (`parent`) REFERENCES `s_auth_item` (`name`) ON DELETE CASCADE ON UPDATE CASCADE,
  CONSTRAINT `s_auth_item_child_ibfk_2` FOREIGN KEY (`child`) REFERENCES `s_auth_item` (`name`) ON DELETE CASCADE ON UPDATE CASCADE
) ENGINE=InnoDB DEFAULT CHARSET=utf8 COLLATE=utf8_unicode_ci;

-- ----------------------------
-- Records of s_auth_item_child
-- ----------------------------
INSERT INTO `s_auth_item_child` VALUES ('superAdmin', '/*');
INSERT INTO `s_auth_item_child` VALUES ('Writer', '/article/*');
INSERT INTO `s_auth_item_child` VALUES ('Writer', '/site/*');
INSERT INTO `s_auth_item_child` VALUES ('Writer', '/user/reset-password');

-- ----------------------------
-- Table structure for `s_auth_rule`
-- ----------------------------
DROP TABLE IF EXISTS `s_auth_rule`;
CREATE TABLE `s_auth_rule` (
  `name` varchar(64) COLLATE utf8_unicode_ci NOT NULL,
  `data` text COLLATE utf8_unicode_ci,
  `created_at` int(11) DEFAULT NULL,
  `updated_at` int(11) DEFAULT NULL,
  PRIMARY KEY (`name`)
) ENGINE=InnoDB DEFAULT CHARSET=utf8 COLLATE=utf8_unicode_ci;

-- ----------------------------
-- Records of s_auth_rule
-- ----------------------------

-- ----------------------------
-- Table structure for `s_category`
-- ----------------------------
DROP TABLE IF EXISTS `s_category`;
CREATE TABLE `s_category` (
  `id` int(11) NOT NULL AUTO_INCREMENT,
  `title` varchar(50) NOT NULL COMMENT '名字',
  `pid` int(11) NOT NULL DEFAULT '0' COMMENT '父id',
  `created_at` int(10) NOT NULL,
  `updated_at` int(10) NOT NULL,
  `name` varchar(20) NOT NULL,
  `description` varchar(1000) NOT NULL DEFAULT '',
  `article` int(10) NOT NULL DEFAULT '0',
  `is_nav` tinyint(1) NOT NULL DEFAULT '0',
  PRIMARY KEY (`id`)
) ENGINE=InnoDB AUTO_INCREMENT=7 DEFAULT CHARSET=utf8;

-- ----------------------------
-- Records of s_category
-- ----------------------------
INSERT INTO `s_category` VALUES ('1', '影讯', '0', '1449050838', '1472358449', 'yx', '', '1', '1');
INSERT INTO `s_category` VALUES ('2', '器材', '0', '1464447265', '1472358486', 'qc', '', '0', '1');
INSERT INTO `s_category` VALUES ('3', '影赛', '0', '1472358512', '1472358512', 'ys', '', '0', '1');
INSERT INTO `s_category` VALUES ('4', '旅行', '0', '1472358524', '1472358544', 'lx', '', '0', '1');
INSERT INTO `s_category` VALUES ('5', '攻略', '0', '1472358562', '1472358562', 'gl', '', '0', '1');
INSERT INTO `s_category` VALUES ('6', '其它', '0', '1472358574', '1472358574', 'qt', '', '0', '1');

-- ----------------------------
-- Table structure for `s_comment`
-- ----------------------------
DROP TABLE IF EXISTS `s_comment`;
CREATE TABLE `s_comment` (
  `id` int(11) NOT NULL AUTO_INCREMENT,
  `user_id` int(11) NOT NULL,
  `article_id` int(11) NOT NULL,
  `content` text NOT NULL COMMENT '内容',
  `created_at` int(10) NOT NULL,
  `updated_at` int(10) NOT NULL,
  `parent_id` int(11) NOT NULL DEFAULT '0',
  `up` int(11) NOT NULL DEFAULT '0',
  `down` int(11) NOT NULL DEFAULT '0',
  PRIMARY KEY (`id`)
) ENGINE=InnoDB DEFAULT CHARSET=utf8;

-- ----------------------------
-- Records of s_comment
-- ----------------------------

-- ----------------------------
-- Table structure for `s_config`
-- ----------------------------
DROP TABLE IF EXISTS `s_config`;
CREATE TABLE `s_config` (
  `id` int(11) NOT NULL AUTO_INCREMENT,
  `name` varchar(20) NOT NULL COMMENT '配置键值',
  `value` text NOT NULL COMMENT '配置值',
  `extra` varchar(255) NOT NULL DEFAULT '',
  `desc` varchar(255) NOT NULL COMMENT '配置描述',
  `type` tinyint(1) NOT NULL DEFAULT '1',
  `created_at` int(10) NOT NULL,
  `updated_at` int(10) NOT NULL,
  PRIMARY KEY (`id`)
) ENGINE=InnoDB AUTO_INCREMENT=12 DEFAULT CHARSET=utf8;

-- ----------------------------
-- Records of s_config
-- ----------------------------
INSERT INTO `s_config` VALUES ('1', 'CONFIG_TYPE_LIST', '1:字符\r\n2:数组\r\n3:枚>举\r\n4:图\r\n5:多行字符', '', '配置类型列表', '2', '0', '1598858112');
INSERT INTO `s_config` VALUES ('3', 'SEO_SITE_DESCRIPTION', 'AXE', '', 'meta description', '1', '0', '1598858112');
INSERT INTO `s_config` VALUES ('4', 'SEO_SITE_KEYWORDS', 'AXE', '', 'meta keywords', '1', '0', '1598858112');
INSERT INTO `s_config` VALUES ('5', 'SITE_ICP', 'SITE_ICP ', '', '域名备案号', '1', '0', '1598858112');
INSERT INTO `s_config` VALUES ('6', 'SITE_NAME', 'AXE', '', '网站名称', '1', '0', '1598858112');
INSERT INTO `s_config` VALUES ('7', 'PAGE_TOP_BG', 'upload/image/20160602/1464882267.jpg', '', '头部背景', '4', '0', '1598858112');
INSERT INTO `s_config` VALUES ('8', 'FOOTER', 'FOOTER FOOTER', '', '底部', '5', '0', '1598858112');
INSERT INTO `s_config` VALUES ('9', 'THEME_NAME', 'basic', 'basic:basic\r\nspecial:special', '主题名', '3', '0', '1598858112');
INSERT INTO `s_config` VALUES ('10', 'BACKEND_SKIN', 'skin-red', 'skin-black:skin-black\r\nskin-blue:skin-blue\r\nskin-green:skin-green\r\nskin-purple:skin-purple\r\nskin-red:skin-red\r\nskin-yellow:skin-yellow', '后台皮肤', '3', '1461931367', '1598858112');
INSERT INTO `s_config` VALUES ('11', 'MY_NAME', 'axe', '', '我的名称', '1', '0', '1598858112');

-- ----------------------------
-- Table structure for `s_favourite`
-- ----------------------------
DROP TABLE IF EXISTS `s_favourite`;
CREATE TABLE `s_favourite` (
  `id` int(11) NOT NULL AUTO_INCREMENT,
  `user_id` int(11) NOT NULL,
  `article_id` int(11) NOT NULL,
  `created_at` int(10) NOT NULL,
  PRIMARY KEY (`id`)
) ENGINE=InnoDB DEFAULT CHARSET=utf8 COLLATE=utf8_bin;

-- ----------------------------
-- Records of s_favourite
-- ----------------------------

-- ----------------------------
-- Table structure for `s_gather`
-- ----------------------------
DROP TABLE IF EXISTS `s_gather`;
CREATE TABLE `s_gather` (
  `id` int(11) NOT NULL AUTO_INCREMENT,
  `name` varchar(255) NOT NULL,
  `category` varchar(255) NOT NULL,
  `url` varchar(255) NOT NULL,
  `url_org` varchar(255) NOT NULL,
  `res` tinyint(1) NOT NULL DEFAULT '1',
  `result` varchar(255) NOT NULL,
  PRIMARY KEY (`id`)
) ENGINE=InnoDB DEFAULT CHARSET=utf8;

-- ----------------------------
-- Records of s_gather
-- ----------------------------

-- ----------------------------
-- Table structure for `s_member`
-- ----------------------------
DROP TABLE IF EXISTS `s_member`;
CREATE TABLE `s_member` (
  `id` int(11) unsigned NOT NULL AUTO_INCREMENT,
  `username` varchar(255) COLLATE utf8_unicode_ci NOT NULL,
  `auth_key` varchar(32) COLLATE utf8_unicode_ci NOT NULL,
  `password_hash` varchar(255) COLLATE utf8_unicode_ci NOT NULL,
  `password_reset_token` varchar(255) COLLATE utf8_unicode_ci DEFAULT NULL,
  `email` varchar(255) COLLATE utf8_unicode_ci NOT NULL,
  `status` smallint(6) NOT NULL DEFAULT '10',
  `is_admin` tinyint(1) NOT NULL DEFAULT '0',
  `created_at` int(11) NOT NULL,
  `updated_at` int(11) NOT NULL,
  `access_token` varchar(255) CHARACTER SET utf8 DEFAULT '' COMMENT 'access_token',
  `allowance` int(11) unsigned DEFAULT '5' COMMENT '剩余的允许的请求数量',
  `allowance_updated_at` int(11) unsigned DEFAULT '0' COMMENT '相应的UNIX时间戳数',
  `api_token` varchar(255) COLLATE utf8_unicode_ci DEFAULT '' COMMENT 'api_token',
  PRIMARY KEY (`id`),
  UNIQUE KEY `id` (`id`)
) ENGINE=InnoDB AUTO_INCREMENT=3 DEFAULT CHARSET=utf8 COLLATE=utf8_unicode_ci;

-- ----------------------------
-- Records of s_member
-- ----------------------------
INSERT INTO `s_member` VALUES ('1', 'admin', 'uB6Cfd5jqhoxuvr0cYuG2TETaLWE47F-', '$2y$13$k5kqKQt15SyTCWc6XFh2u.P.Efb2JdfhA8owtckDcgQRWpGcNzhLi', null, '', '10', '0', '1598851924', '1598852238', '', '4', '1598852238', 'CMG5NtHnlwo0Owtxd8ya7WiyYUalQGgV_1598852197');
INSERT INTO `s_member` VALUES ('2', 'axe', 'jdd33ZtT3WPq1MEeG4pU1VPTWv2j60fU', '$2y$13$5RiAtWA.K/az1kegUyA7Aeu4DmMH9hA81QOMPB8dSdq71I.xqOnX2', null, '', '10', '0', '1598852266', '1598870181', '', '4', '1598870181', 'tPPVgptMYzTkBazi3t7R6zjqwoN4vP2o_1598852311');

-- ----------------------------
-- Table structure for `s_menu`
-- ----------------------------
DROP TABLE IF EXISTS `s_menu`;
CREATE TABLE `s_menu` (
  `id` int(11) NOT NULL AUTO_INCREMENT,
  `name` varchar(128) NOT NULL,
  `parent` int(11) DEFAULT NULL,
  `route` varchar(256) DEFAULT NULL,
  `order` int(11) DEFAULT NULL,
  `data` text,
  `icon` varchar(50) NOT NULL DEFAULT '',
  PRIMARY KEY (`id`),
  KEY `parent` (`parent`),
  CONSTRAINT `s_menu_ibfk_1` FOREIGN KEY (`parent`) REFERENCES `s_menu` (`id`) ON DELETE SET NULL ON UPDATE CASCADE
) ENGINE=InnoDB AUTO_INCREMENT=43 DEFAULT CHARSET=utf8;

-- ----------------------------
-- Records of s_menu
-- ----------------------------
INSERT INTO `s_menu` VALUES ('15', '用户管理', '33', '/admin/assignment/index', null, null, '');
INSERT INTO `s_menu` VALUES ('16', '路由管理', '33', '/admin/route/index', null, null, '');
INSERT INTO `s_menu` VALUES ('17', '角色管理', '33', '/admin/role/index', null, null, '');
INSERT INTO `s_menu` VALUES ('22', '文章列表', '39', '/article/index', '1', null, '');
INSERT INTO `s_menu` VALUES ('24', '系统管理', null, null, '2', null, 'cog');
INSERT INTO `s_menu` VALUES ('25', '网站设置', '24', '/system/config', '1', null, '');
INSERT INTO `s_menu` VALUES ('26', '配置管理', '24', '/config/index', '2', null, '');
INSERT INTO `s_menu` VALUES ('27', '单页管理', '39', '/page/index', '40', null, '');
INSERT INTO `s_menu` VALUES ('28', '导航管理', '24', '/nav/index', '3', null, '');
INSERT INTO `s_menu` VALUES ('29', '分类管理', '39', '/category/index', '4', null, '');
INSERT INTO `s_menu` VALUES ('30', '数据库备份', null, null, '4', null, 'book');
INSERT INTO `s_menu` VALUES ('31', '备份', '30', '/database/export/index', null, null, '');
INSERT INTO `s_menu` VALUES ('32', '还原', '30', '/database/import/index', null, null, '');
INSERT INTO `s_menu` VALUES ('33', '权限管理', null, null, '1', null, 'users');
INSERT INTO `s_menu` VALUES ('34', '菜单管理', '33', '/admin/menu/index', null, null, '');
INSERT INTO `s_menu` VALUES ('37', '操作记录', '24', '/admin-log/index', null, null, '');
INSERT INTO `s_menu` VALUES ('39', '内容管理', null, null, '3', null, 'edit');
INSERT INTO `s_menu` VALUES ('40', '发布文章', '39', '/article/create', '2', null, '');
INSERT INTO `s_menu` VALUES ('41', '回收站', '39', '/article/trash', '3', null, '');
INSERT INTO `s_menu` VALUES ('42', '评论管理', '39', '/comment/index', '6', null, '');

-- ----------------------------
-- Table structure for `s_migration`
-- ----------------------------
DROP TABLE IF EXISTS `s_migration`;
CREATE TABLE `s_migration` (
  `version` varchar(180) NOT NULL,
  `apply_time` int(11) DEFAULT NULL,
  PRIMARY KEY (`version`)
) ENGINE=InnoDB DEFAULT CHARSET=utf8;

-- ----------------------------
-- Records of s_migration
-- ----------------------------
INSERT INTO `s_migration` VALUES ('m000000_000000_base', '1464446509');
INSERT INTO `s_migration` VALUES ('m130524_201442_init', '1464446519');

-- ----------------------------
-- Table structure for `s_nav`
-- ----------------------------
DROP TABLE IF EXISTS `s_nav`;
CREATE TABLE `s_nav` (
  `id` int(11) NOT NULL AUTO_INCREMENT,
  `title` varchar(255) NOT NULL COMMENT '名称',
  `route` varchar(255) NOT NULL COMMENT '路由',
  PRIMARY KEY (`id`)
) ENGINE=InnoDB AUTO_INCREMENT=2 DEFAULT CHARSET=utf8;

-- ----------------------------
-- Records of s_nav
-- ----------------------------
INSERT INTO `s_nav` VALUES ('1', '青缕烟楼', 'nav');

-- ----------------------------
-- Table structure for `s_page`
-- ----------------------------
DROP TABLE IF EXISTS `s_page`;
CREATE TABLE `s_page` (
  `id` int(11) NOT NULL AUTO_INCREMENT,
  `use_layout` tinyint(1) NOT NULL DEFAULT '1' COMMENT '0:不使用1:使用',
  `content` text NOT NULL COMMENT '内容',
  `title` varchar(50) NOT NULL COMMENT '标题',
  `name` varchar(50) NOT NULL DEFAULT '',
  `created_at` int(10) NOT NULL,
  `updated_at` int(10) NOT NULL,
  PRIMARY KEY (`id`)
) ENGINE=InnoDB AUTO_INCREMENT=4 DEFAULT CHARSET=utf8 COMMENT='单页';

-- ----------------------------
-- Records of s_page
-- ----------------------------
INSERT INTO `s_page` VALUES ('1', '1', '<p style=\"margin-top: 0px; margin-bottom: 10px; white-space: normal; box-sizing: border-box; color: rgb(51, 51, 51); font-family: &#39;Helvetica Neue&#39;, Helvetica, Arial, &#39;Hiragino Sans GB&#39;, &#39;Microsoft Yahei&#39;, sans-serif; font-size: 14px; line-height: 20px; background-color: rgb(255, 255, 255);\">本网站所收集的部分公开资料来源于互联网，转载的目的在于传递更多信息及用于网络分享，并不代表本站赞同其观点和对其真实性负责，也不构成任何其他建议。本站部分作品是由网友自主投稿和发布、编辑整理上传，对此类作品本站仅提供交流平台，不为其版权负责。如果您发现网站上有侵犯您的知识产权的作品，请与我们取得联系，我们会及时修改或删除。</p><p style=\"margin-top: 0px; margin-bottom: 10px; white-space: normal; box-sizing: border-box; color: rgb(51, 51, 51); font-family: &#39;Helvetica Neue&#39;, Helvetica, Arial, &#39;Hiragino Sans GB&#39;, &#39;Microsoft Yahei&#39;, sans-serif; font-size: 14px; line-height: 20px; background-color: rgb(255, 255, 255);\">本网站所提供的信息，只供参考之用。本网站不保证信息的准确性、有效性、及时性和完整性。本网站及其雇员一概毋须以任何方式就任何信息传递或传送的失误、不准确或错误，对用户或任何其他人士负任何直接或间接责任。在法律允许的范围内，本网站在此声明，不承担用户或任何人士就使用或未能使用本网站所提供的信息或任何链接所引致的任何直接、间接、附带、从属、特殊、惩罚性或惩戒性的损害赔偿。</p><p style=\"margin-top: 0px; margin-bottom: 10px; white-space: normal; box-sizing: border-box; color: rgb(51, 51, 51); font-family: &#39;Helvetica Neue&#39;, Helvetica, Arial, &#39;Hiragino Sans GB&#39;, &#39;Microsoft Yahei&#39;, sans-serif; font-size: 14px; line-height: 20px; background-color: rgb(255, 255, 255);\">电子邮件：332672087#qq.com（发邮件时，请将“#”替换为“@”）</p><p style=\"margin-top: 0px; margin-bottom: 10px; white-space: normal; box-sizing: border-box; color: rgb(51, 51, 51); font-family: &#39;Helvetica Neue&#39;, Helvetica, Arial, &#39;Hiragino Sans GB&#39;, &#39;Microsoft Yahei&#39;, sans-serif; font-size: 14px; line-height: 20px; background-color: rgb(255, 255, 255);\">联系电话：18045665692</p><p><br/></p>', '免责声明', 'mianze', '1441766741', '1441766741');
INSERT INTO `s_page` VALUES ('2', '1', '<p><span style=\"color: rgb(51, 51, 51); font-family: &#39;Helvetica Neue&#39;, Helvetica, Arial, &#39;Hiragino Sans GB&#39;, &#39;Microsoft Yahei&#39;, sans-serif; font-size: 14px; line-height: 20px; background-color: rgb(255, 255, 255);\">本站基于YII2开发，仅用作学习交流。如需源码请点击站点最下边的获取源码。</span></p>', '关于我们', 'aboutus', '1441766741', '1441766741');
INSERT INTO `s_page` VALUES ('3', '1', '<p>XXXXXXXX<img src=\"http://img.sxunt.com/upload/image/20160604/1465033534217439.jpg\" title=\"1465033534217439.jpg\" alt=\"xxx.jpg\"/></p>', 'AboutMe', 'aboutme', '1465029682', '1465142538');

-- ----------------------------
-- Table structure for `s_profile`
-- ----------------------------
DROP TABLE IF EXISTS `s_profile`;
CREATE TABLE `s_profile` (
  `id` int(11) NOT NULL,
  `money` int(11) NOT NULL,
  `created_at` int(10) NOT NULL,
  `updated_at` int(10) NOT NULL,
  `signature` varchar(100) COLLATE utf8_bin NOT NULL DEFAULT '',
  `avatar` varchar(255) COLLATE utf8_bin NOT NULL DEFAULT '',
  `gender` tinyint(1) NOT NULL DEFAULT '0',
  `locale` varchar(32) COLLATE utf8_bin NOT NULL,
  PRIMARY KEY (`id`)
) ENGINE=InnoDB DEFAULT CHARSET=utf8 COLLATE=utf8_bin;

-- ----------------------------
-- Records of s_profile
-- ----------------------------
INSERT INTO `s_profile` VALUES ('1', '0', '0', '0', '', '', '0', 'zh-CN');
INSERT INTO `s_profile` VALUES ('2', '0', '1464446865', '1464446865', '', '', '0', '');
INSERT INTO `s_profile` VALUES ('3', '0', '1464492805', '1464492805', '', '', '0', '');
INSERT INTO `s_profile` VALUES ('4', '0', '1512205179', '1512205179', '', '', '0', '');
INSERT INTO `s_profile` VALUES ('5', '0', '1598719600', '1598719600', '', '', '0', '');
INSERT INTO `s_profile` VALUES ('6', '0', '1598719737', '1598719737', '', '', '0', '');
INSERT INTO `s_profile` VALUES ('7', '0', '1598720171', '1598720171', '', '', '0', '');
INSERT INTO `s_profile` VALUES ('8', '0', '1598754014', '1598754014', '', '', '0', '');
INSERT INTO `s_profile` VALUES ('9', '0', '1598754082', '1598754082', '', '', '0', '');
INSERT INTO `s_profile` VALUES ('10', '0', '1598760753', '1598760753', '', '', '0', '');
INSERT INTO `s_profile` VALUES ('11', '0', '1598765700', '1598765700', '', '', '0', '');
INSERT INTO `s_profile` VALUES ('12', '0', '1598765701', '1598765701', '', '', '0', '');

-- ----------------------------
-- Table structure for `s_reward`
-- ----------------------------
DROP TABLE IF EXISTS `s_reward`;
CREATE TABLE `s_reward` (
  `id` int(11) NOT NULL AUTO_INCREMENT,
  `article_id` int(11) NOT NULL,
  `user_id` int(11) NOT NULL,
  `money` int(11) NOT NULL,
  `created_at` int(10) NOT NULL,
  `updated_at` int(10) NOT NULL,
  PRIMARY KEY (`id`)
) ENGINE=InnoDB DEFAULT CHARSET=utf8 COLLATE=utf8_bin;

-- ----------------------------
-- Records of s_reward
-- ----------------------------

-- ----------------------------
-- Table structure for `s_story`
-- ----------------------------
DROP TABLE IF EXISTS `s_story`;
CREATE TABLE `s_story` (
  `id` int(10) unsigned NOT NULL AUTO_INCREMENT,
  `title` varchar(50) DEFAULT NULL COMMENT '标题',
  `intro` text COMMENT '简介',
  `type` tinyint(4) DEFAULT '1' COMMENT '类型1图片 2视频',
  `cover_url` varchar(255) DEFAULT NULL COMMENT '封面图地址',
  `video_url` varchar(255) DEFAULT NULL COMMENT '视频地址',
  `created_at` int(11) DEFAULT NULL COMMENT '创建时间',
  `updated_at` int(11) DEFAULT NULL COMMENT '更新时间',
  `admin_id` int(11) DEFAULT '0' COMMENT '用户id',
  `next_updated_at` int(11) DEFAULT NULL COMMENT '下次更新时间',
  `current_chapters` mediumint(9) DEFAULT NULL COMMENT '当前章节',
  `total_chapters` mediumint(9) DEFAULT NULL COMMENT '总共章节',
  `is_show` tinyint(5) DEFAULT '1' COMMENT '是否显示1是 0否',
  PRIMARY KEY (`id`)
) ENGINE=InnoDB AUTO_INCREMENT=11 DEFAULT CHARSET=utf8;

-- ----------------------------
-- Records of s_story
-- ----------------------------
INSERT INTO `s_story` VALUES ('1', '想要当偶像的妖梦真的是蛮好的魔法师呢', '想要当偶像的妖梦真的是蛮好的魔法师呢想要当偶像的妖梦真的是蛮好的魔法师呢想要当偶像的妖梦真的是蛮好的魔法师呢想要当偶像的妖梦真的是蛮好的魔法师呢想要当偶像的妖梦真的是蛮好的魔法师呢想要当偶像的妖梦真的是蛮好的魔法师呢想要当偶像的妖梦真的是蛮好的魔法师呢想要当偶像的妖梦真的是蛮好的魔法师呢想要当偶像的妖梦真的是蛮好的魔法师呢想要当偶像的妖梦真的是蛮好的魔法师呢想要当偶像的妖梦真的是蛮好的魔法师呢想要当偶像的妖梦真的是蛮好的魔法师呢想要当偶像的妖梦真的是蛮好的魔法师呢', '1', 'http://img.axes.com/demo_img/vvv1.jpg', '', '1598853387', '1598853397', '2', '1601013387', '6', '36', '1');
INSERT INTO `s_story` VALUES ('2', ' 顶替夺大夺砝码在', '奇才厅 奇才在', '2', '', 'http://img.axes.com/demo_mp4/vvv1.mp4', '1598853587', '1598853687', '1', '1599853687', '1', '10', '1');
INSERT INTO `s_story` VALUES ('3', '需要城震在夺在一起一', '大声标有顶替夺奇才在', '1', 'http://img.axes.com/demo_img/vvv3.jpg', '', '1598863587', '1598863588', '2', '1598963587', '3', '12', '1');
INSERT INTO `s_story` VALUES ('4', '震在震砝码', '砝码城夺夺夺夺在夺在', '2', '', 'http://img.axes.com/demo_mp4/vvv2.mp4', '1598865587', '1598865587', '1', '1598965587', '6', '15', '1');
INSERT INTO `s_story` VALUES ('5', '地 夺城在', '大规模需要震砝码奇才', '1', 'http://img.axes.com/demo_img/vvv5.jpg', '', '1598875587', '1598875588', '0', '1598975587', '2', '10', '1');
INSERT INTO `s_story` VALUES ('6', '的和手 恒宝股份地了发了', '一压下城一直在于于', '1', 'http://img.axes.com/demo_img/vvv6.jpg', '', '1598875597', '1598876589', '2', '1598965587', '2', '10', '1');
INSERT INTO `s_story` VALUES ('7', '地 夺城在', '大规模需要震砝码奇才', '1', 'http://img.axes.com/demo_img/vvv7.jpg', '', '1598874597', '1598877589', '2', '1598975587', '2', '10', '1');
INSERT INTO `s_story` VALUES ('8', '放和庳庳庳庳 播放和主入入', '城里顺进而城里 在哪里 右城', '1', 'http://img.axes.com/demo_img/vvv8.jpg', '', '1598875597', '1598878589', '2', '1598975587', '2', '10', '1');
INSERT INTO `s_story` VALUES ('9', '地 夺城在', '大规模需要震砝码奇才', '1', 'http://img.axes.com/demo_img/vvv2.jpg', '', '1598875597', '1598978589', '2', '1598975587', '2', '10', '1');
INSERT INTO `s_story` VALUES ('10', '砝码城夺砝码在', '大规模需要震砝码奇才', '1', 'http://img.axes.com/demo_img/vvv4.jpg', '', '1598885597', '1598988589', '2', '1599975587', '2', '10', '1');

-- ----------------------------
-- Table structure for `s_story_collect`
-- ----------------------------
DROP TABLE IF EXISTS `s_story_collect`;
CREATE TABLE `s_story_collect` (
  `id` int(11) unsigned NOT NULL AUTO_INCREMENT,
  `story_id` int(11) DEFAULT NULL COMMENT '故事id',
  `user_id` int(11) DEFAULT NULL COMMENT '用户user_id',
  `created_at` int(11) DEFAULT NULL COMMENT '收藏时间',
  `status` tinyint(4) DEFAULT NULL COMMENT '状态. 0-已取消收藏  1-有收藏',
  PRIMARY KEY (`id`)
) ENGINE=InnoDB DEFAULT CHARSET=utf8;

-- ----------------------------
-- Records of s_story_collect
-- ----------------------------

-- ----------------------------
-- Table structure for `s_story_comment`
-- ----------------------------
DROP TABLE IF EXISTS `s_story_comment`;
CREATE TABLE `s_story_comment` (
  `id` int(10) unsigned NOT NULL AUTO_INCREMENT COMMENT '评论id',
  `story_id` int(11) DEFAULT NULL COMMENT '故事id',
  `comment_type` tinyint(4) DEFAULT '0' COMMENT '类型',
  `content` text COMMENT '评论内容',
  `from_uid` int(11) DEFAULT NULL COMMENT '评论用户id',
  `created_at` int(11) DEFAULT '0' COMMENT '评论时间',
  `comment_img` varchar(255) DEFAULT NULL COMMENT '评论图片',
  PRIMARY KEY (`id`)
) ENGINE=InnoDB DEFAULT CHARSET=utf8;

-- ----------------------------
-- Records of s_story_comment
-- ----------------------------

-- ----------------------------
-- Table structure for `s_story_comment_favorite`
-- ----------------------------
DROP TABLE IF EXISTS `s_story_comment_favorite`;
CREATE TABLE `s_story_comment_favorite` (
  `id` int(11) unsigned NOT NULL AUTO_INCREMENT COMMENT 'id',
  `comment_id` int(11) DEFAULT NULL COMMENT '故事id',
  `user_id` int(11) DEFAULT NULL COMMENT '点赞用户user_id',
  `created_at` int(11) DEFAULT NULL COMMENT '点赞时间',
  `status` tinyint(4) DEFAULT NULL COMMENT '状态. 0-已取消赞  1-有效赞 ',
  PRIMARY KEY (`id`)
) ENGINE=InnoDB DEFAULT CHARSET=utf8;

-- ----------------------------
-- Records of s_story_comment_favorite
-- ----------------------------

-- ----------------------------
-- Table structure for `s_story_comment_reply`
-- ----------------------------
DROP TABLE IF EXISTS `s_story_comment_reply`;
CREATE TABLE `s_story_comment_reply` (
  `id` int(10) unsigned NOT NULL AUTO_INCREMENT COMMENT '回复id',
  `comment_id` int(11) DEFAULT NULL COMMENT '评论id',
  `reply_type` tinyint(4) DEFAULT NULL COMMENT '回复类型',
  `reply_content` text COMMENT '回复内容',
  `reply_from_uid` int(11) DEFAULT NULL COMMENT '回复用户id',
  `reply_to_uid` int(11) DEFAULT NULL COMMENT '回复目标用户id',
  `reply_at` int(11) DEFAULT NULL COMMENT '回复时间',
  PRIMARY KEY (`id`)
) ENGINE=InnoDB DEFAULT CHARSET=utf8;

-- ----------------------------
-- Records of s_story_comment_reply
-- ----------------------------

-- ----------------------------
-- Table structure for `s_story_comment_reply_favorite`
-- ----------------------------
DROP TABLE IF EXISTS `s_story_comment_reply_favorite`;
CREATE TABLE `s_story_comment_reply_favorite` (
  `id` int(11) unsigned NOT NULL AUTO_INCREMENT COMMENT 'id',
  `reply_id` int(11) DEFAULT NULL COMMENT '故事id',
  `user_id` int(11) DEFAULT NULL COMMENT '点赞用户user_id',
  `created_at` int(11) DEFAULT NULL COMMENT '点赞时间',
  `status` tinyint(4) DEFAULT NULL COMMENT '状态. 0-已取消赞  1-有效赞 ',
  PRIMARY KEY (`id`)
) ENGINE=InnoDB DEFAULT CHARSET=utf8;

-- ----------------------------
-- Records of s_story_comment_reply_favorite
-- ----------------------------

-- ----------------------------
-- Table structure for `s_story_favorite`
-- ----------------------------
DROP TABLE IF EXISTS `s_story_favorite`;
CREATE TABLE `s_story_favorite` (
  `id` int(11) unsigned NOT NULL AUTO_INCREMENT COMMENT 'id',
  `story_id` int(11) DEFAULT NULL COMMENT '故事id',
  `user_id` int(11) DEFAULT NULL COMMENT '点赞用户user_id',
  `created_at` int(11) DEFAULT NULL COMMENT '点赞时间',
  `status` tinyint(4) DEFAULT NULL COMMENT '状态. 0-已取消赞  1-有效赞 ',
  PRIMARY KEY (`id`)
) ENGINE=InnoDB DEFAULT CHARSET=utf8;

-- ----------------------------
-- Records of s_story_favorite
-- ----------------------------

-- ----------------------------
-- Table structure for `s_story_img`
-- ----------------------------
DROP TABLE IF EXISTS `s_story_img`;
CREATE TABLE `s_story_img` (
  `id` int(11) unsigned NOT NULL AUTO_INCREMENT,
  `story_id` int(11) DEFAULT NULL COMMENT '故事id',
  `img_url` varchar(255) DEFAULT NULL COMMENT '图片地址',
  `img_text` varchar(255) DEFAULT NULL COMMENT '图片说明文案',
  `updated_at` int(11) DEFAULT NULL,
  PRIMARY KEY (`id`)
) ENGINE=InnoDB AUTO_INCREMENT=33 DEFAULT CHARSET=utf8;

-- ----------------------------
-- Records of s_story_img
-- ----------------------------
INSERT INTO `s_story_img` VALUES ('1', '1', 'http://img.axes.com/demo_img/vvv1.jpg', 'xxxx', '1601013387');
INSERT INTO `s_story_img` VALUES ('2', '1', 'http://img.axes.com/demo_img/vvv2.jpg', '虫师上', '1601013388');
INSERT INTO `s_story_img` VALUES ('3', '1', 'http://img.axes.com/demo_img/vvv3.jpg', '加油加油加油刘主', '1601013389');
INSERT INTO `s_story_img` VALUES ('4', '1', 'http://img.axes.com/demo_img/vvv4.jpg', '砝码在奇才村在', '1601013310');
INSERT INTO `s_story_img` VALUES ('5', '2', 'http://img.axes.com/demo_img/vvv1.jpg', 'xxxx', '1601013387');
INSERT INTO `s_story_img` VALUES ('6', '2', 'http://img.axes.com/demo_img/vvv2.jpg', '虫师上', '1601013388');
INSERT INTO `s_story_img` VALUES ('7', '2', 'http://img.axes.com/demo_img/vvv3.jpg', '加油加油加油刘主', '1601013389');
INSERT INTO `s_story_img` VALUES ('8', '2', 'http://img.axes.com/demo_img/vvv4.jpg', '砝码在奇才村在', '1601013310');
INSERT INTO `s_story_img` VALUES ('9', '3', 'http://img.axes.com/demo_img/vvv5.jpg', 'xxxx', '1601013387');
INSERT INTO `s_story_img` VALUES ('10', '3', 'http://img.axes.com/demo_img/vvv6.jpg', '虫师上', '1601013388');
INSERT INTO `s_story_img` VALUES ('11', '3', 'http://img.axes.com/demo_img/vvv7.jpg', '加油加油加油刘主', '1601013389');
INSERT INTO `s_story_img` VALUES ('12', '3', 'http://img.axes.com/demo_img/vvv8.jpg', '砝码在奇才村在', '1601013310');
INSERT INTO `s_story_img` VALUES ('13', '4', 'http://img.axes.com/demo_img/vvv1.jpg', 'xxxx', '1601013387');
INSERT INTO `s_story_img` VALUES ('14', '4', 'http://img.axes.com/demo_img/vvv2.jpg', '虫师上', '1601013388');
INSERT INTO `s_story_img` VALUES ('15', '4', 'http://img.axes.com/demo_img/vvv3.jpg', '加油加油加油刘主', '1601013389');
INSERT INTO `s_story_img` VALUES ('16', '4', 'http://img.axes.com/demo_img/vvv4.jpg', '砝码在奇才村在', '1601013310');
INSERT INTO `s_story_img` VALUES ('17', '5', 'http://img.axes.com/demo_img/vvv5.jpg', 'xxxx', '1601013387');
INSERT INTO `s_story_img` VALUES ('18', '5', 'http://img.axes.com/demo_img/vvv6.jpg', '虫师上', '1601013388');
INSERT INTO `s_story_img` VALUES ('19', '5', 'http://img.axes.com/demo_img/vvv7.jpg', '加油加油加油刘主', '1601013389');
INSERT INTO `s_story_img` VALUES ('20', '5', 'http://img.axes.com/demo_img/vvv8.jpg', '砝码在奇才村在', '1601013310');
INSERT INTO `s_story_img` VALUES ('21', '6', 'http://img.axes.com/demo_img/vvv1.jpg', 'xxxx', '1601013387');
INSERT INTO `s_story_img` VALUES ('22', '6', 'http://img.axes.com/demo_img/vvv2.jpg', '虫师上', '1601013388');
INSERT INTO `s_story_img` VALUES ('23', '6', 'http://img.axes.com/demo_img/vvv3.jpg', '加油加油加油刘主', '1601013389');
INSERT INTO `s_story_img` VALUES ('24', '6', 'http://img.axes.com/demo_img/vvv4.jpg', '砝码在奇才村在', '1601013310');
INSERT INTO `s_story_img` VALUES ('25', '7', 'http://img.axes.com/demo_img/vvv5.jpg', 'xxxx', '1601013387');
INSERT INTO `s_story_img` VALUES ('26', '7', 'http://img.axes.com/demo_img/vvv6.jpg', '虫师上', '1601013388');
INSERT INTO `s_story_img` VALUES ('27', '7', 'http://img.axes.com/demo_img/vvv7.jpg', '加油加油加油刘主', '1601013389');
INSERT INTO `s_story_img` VALUES ('28', '7', 'http://img.axes.com/demo_img/vvv8.jpg', '砝码在奇才村在', '1601013310');
INSERT INTO `s_story_img` VALUES ('29', '8', 'http://img.axes.com/demo_img/vvv2.jpg', 'xxxx', '1601013387');
INSERT INTO `s_story_img` VALUES ('30', '8', 'http://img.axes.com/demo_img/vvv7.jpg', '虫师上', '1601013388');
INSERT INTO `s_story_img` VALUES ('31', '8', 'http://img.axes.com/demo_img/vvv7.jpg', '加油加油加油刘主', '1601013389');
INSERT INTO `s_story_img` VALUES ('32', '8', 'http://img.axes.com/demo_img/vvv8.jpg', '砝码在奇才村在', '1601013310');

-- ----------------------------
-- Table structure for `s_story_share_log`
-- ----------------------------
DROP TABLE IF EXISTS `s_story_share_log`;
CREATE TABLE `s_story_share_log` (
  `id` int(11) unsigned NOT NULL AUTO_INCREMENT,
  `user_id` int(11) DEFAULT NULL COMMENT '用户id',
  `story_id` int(11) DEFAULT NULL COMMENT '故事id',
  `platform` tinyint(4) DEFAULT NULL COMMENT '分享的平台',
  `created_at` int(11) DEFAULT NULL COMMENT '分享时间',
  PRIMARY KEY (`id`)
) ENGINE=InnoDB DEFAULT CHARSET=utf8;

-- ----------------------------
-- Records of s_story_share_log
-- ----------------------------

-- ----------------------------
-- Table structure for `s_story_tag`
-- ----------------------------
DROP TABLE IF EXISTS `s_story_tag`;
CREATE TABLE `s_story_tag` (
  `id` int(10) unsigned NOT NULL AUTO_INCREMENT COMMENT '标签id',
  `tag_name` varchar(30) DEFAULT NULL COMMENT '标签名',
  `story_id` int(11) DEFAULT NULL COMMENT '故事id',
  PRIMARY KEY (`id`)
) ENGINE=InnoDB AUTO_INCREMENT=13 DEFAULT CHARSET=utf8;

-- ----------------------------
-- Records of s_story_tag
-- ----------------------------
INSERT INTO `s_story_tag` VALUES ('1', '三国', '1');
INSERT INTO `s_story_tag` VALUES ('2', 'AVG', '2');
INSERT INTO `s_story_tag` VALUES ('3', '剧情', '3');
INSERT INTO `s_story_tag` VALUES ('4', '三国', '4');
INSERT INTO `s_story_tag` VALUES ('5', 'AVG', '5');
INSERT INTO `s_story_tag` VALUES ('6', '三国', '6');
INSERT INTO `s_story_tag` VALUES ('7', 'AVG', '7');
INSERT INTO `s_story_tag` VALUES ('8', '剧情', '8');
INSERT INTO `s_story_tag` VALUES ('9', '三国', '2');
INSERT INTO `s_story_tag` VALUES ('10', '三国', '7');
INSERT INTO `s_story_tag` VALUES ('11', 'AVG', '7');
INSERT INTO `s_story_tag` VALUES ('12', '剧情', '7');

-- ----------------------------
-- Table structure for `s_story_view_log`
-- ----------------------------
DROP TABLE IF EXISTS `s_story_view_log`;
CREATE TABLE `s_story_view_log` (
  `story_id` int(11) unsigned NOT NULL,
  `user_id` int(11) DEFAULT NULL,
  `view_count` int(11) DEFAULT NULL COMMENT '浏览次数',
  `view_created_at` int(11) DEFAULT NULL,
  `view_updated_at` int(11) DEFAULT NULL,
  PRIMARY KEY (`story_id`)
) ENGINE=InnoDB DEFAULT CHARSET=utf8;

-- ----------------------------
-- Records of s_story_view_log
-- ----------------------------

-- ----------------------------
-- Table structure for `s_suggest`
-- ----------------------------
DROP TABLE IF EXISTS `s_suggest`;
CREATE TABLE `s_suggest` (
  `id` int(11) NOT NULL AUTO_INCREMENT,
  `content` text NOT NULL,
  `created_at` int(10) NOT NULL,
  `updated_at` int(10) NOT NULL,
  PRIMARY KEY (`id`)
) ENGINE=InnoDB DEFAULT CHARSET=utf8;

-- ----------------------------
-- Records of s_suggest
-- ----------------------------

-- ----------------------------
-- Table structure for `s_tag`
-- ----------------------------
DROP TABLE IF EXISTS `s_tag`;
CREATE TABLE `s_tag` (
  `id` int(11) NOT NULL AUTO_INCREMENT,
  `name` varchar(100) NOT NULL,
  `article` int(11) NOT NULL DEFAULT '0' COMMENT '具有该标签的文章数（冗余字段）',
  PRIMARY KEY (`id`)
) ENGINE=InnoDB AUTO_INCREMENT=8 DEFAULT CHARSET=utf8;

-- ----------------------------
-- Records of s_tag
-- ----------------------------
INSERT INTO `s_tag` VALUES ('3', '微单便携', '1');
INSERT INTO `s_tag` VALUES ('4', '跨年', '1');
INSERT INTO `s_tag` VALUES ('5', '旅行', '1');
INSERT INTO `s_tag` VALUES ('6', '航拍', '1');
INSERT INTO `s_tag` VALUES ('7', '摄影展', '1');

-- ----------------------------
-- Table structure for `s_user`
-- ----------------------------
DROP TABLE IF EXISTS `s_user`;
CREATE TABLE `s_user` (
  `id` int(11) NOT NULL AUTO_INCREMENT,
  `username` varchar(255) COLLATE utf8_unicode_ci NOT NULL,
  `auth_key` varchar(32) COLLATE utf8_unicode_ci NOT NULL,
  `password_hash` varchar(255) COLLATE utf8_unicode_ci NOT NULL,
  `password_reset_token` varchar(255) COLLATE utf8_unicode_ci DEFAULT NULL,
  `email` varchar(255) COLLATE utf8_unicode_ci NOT NULL,
  `status` smallint(6) NOT NULL DEFAULT '10',
  `is_admin` tinyint(1) NOT NULL DEFAULT '0',
  `created_at` int(11) NOT NULL,
  `updated_at` int(11) NOT NULL,
  PRIMARY KEY (`id`)
) ENGINE=InnoDB AUTO_INCREMENT=5 DEFAULT CHARSET=utf8 COLLATE=utf8_unicode_ci;

-- ----------------------------
-- Records of s_user
-- ----------------------------
INSERT INTO `s_user` VALUES ('1', 'hehe', '1lQl4TG6sYlyWRqXZEWL0ZhQkPATVnMs', '$2y$13$lYlhIcBcs6jBr7yTd6YrWueckcs.Cvx70juIHs6wEfjtUwnA318VW', null, 'hehe@qq.com', '10', '1', '1441766741', '1458640427');
INSERT INTO `s_user` VALUES ('2', 'xiaowen', 'ukze9K4IbAuWj2UwanSLOddwNMvGJh7G', '$2y$13$h1GegTPSVtK/PHhAm94PFOMb8ovkabg76I5QYEXL8J.LLC/NXNLCq', null, 'sxunt520@163.com', '10', '0', '1464446865', '1464446865');
INSERT INTO `s_user` VALUES ('3', 'SXUNT', 'CKxBuKYDRPTPunClnzYqyhc0jF8jJdr_', '$2y$13$FZeCeLjD7l165EEMjmA8CO2ie2hXvB395X0GMBy0/ICYpTgVIkPF.', null, 'vip@sxunt.com', '10', '1', '1464492805', '1464492805');
INSERT INTO `s_user` VALUES ('4', 'wenjianbo', 'i3bwoBxsC4qz4xDEosLJiXtF91h0sc2Y', '$2y$13$cY0sN9E5aSQkvLTzQEIE3egstvsdb5mQOmC3edL0yESaX0rf9a2qy', null, 'a408097809@qq.com', '10', '0', '1512205179', '1512205179');

-- ----------------------------
-- Table structure for `s_vote`
-- ----------------------------
DROP TABLE IF EXISTS `s_vote`;
CREATE TABLE `s_vote` (
  `id` int(11) NOT NULL AUTO_INCREMENT,
  `type` varchar(20) NOT NULL,
  `user_id` int(11) NOT NULL,
  `created_at` int(10) NOT NULL,
  `updated_at` int(10) NOT NULL,
  `action` varchar(20) NOT NULL DEFAULT 'up',
  `type_id` int(11) NOT NULL,
  PRIMARY KEY (`id`)
) ENGINE=InnoDB AUTO_INCREMENT=41 DEFAULT CHARSET=utf8;

-- ----------------------------
-- Records of s_vote
-- ----------------------------
INSERT INTO `s_vote` VALUES ('1', 'article', '3', '1465049219', '1465049219', 'up', '2');
INSERT INTO `s_vote` VALUES ('2', 'article', '3', '1465049221', '1465049221', 'down', '2');
INSERT INTO `s_vote` VALUES ('3', 'comment', '3', '1465052098', '1465052098', 'up', '3');
INSERT INTO `s_vote` VALUES ('4', 'comment', '3', '1465052100', '1465052100', 'up', '1');
INSERT INTO `s_vote` VALUES ('5', 'comment', '3', '1465052108', '1465052108', 'down', '3');
INSERT INTO `s_vote` VALUES ('6', 'comment', '4', '1512211211', '1512211211', 'up', '4');
INSERT INTO `s_vote` VALUES ('7', 'comment', '4', '1512211213', '1512211213', 'down', '4');
INSERT INTO `s_vote` VALUES ('8', 'comment', '4', '1512211217', '1512211217', 'up', '5');
INSERT INTO `s_vote` VALUES ('9', 'comment', '3', '1512214571', '1512214571', 'up', '5');
INSERT INTO `s_vote` VALUES ('10', 'article', '4', '1512214900', '1512214900', 'up', '23');
INSERT INTO `s_vote` VALUES ('11', 'article', '4', '1512214903', '1512214903', 'down', '23');
INSERT INTO `s_vote` VALUES ('12', 'comment', '3', '1512214916', '1512214916', 'up', '6');
INSERT INTO `s_vote` VALUES ('13', 'comment', '3', '1512214924', '1512214924', 'down', '6');
INSERT INTO `s_vote` VALUES ('14', 'comment', '3', '1512215627', '1512215627', 'down', '5');
INSERT INTO `s_vote` VALUES ('15', 'comment', '3', '1512215663', '1512215663', 'up', '4');
INSERT INTO `s_vote` VALUES ('16', 'comment', '4', '1512215684', '1512215684', 'down', '5');
INSERT INTO `s_vote` VALUES ('17', 'comment', '4', '1512215690', '1512215690', 'up', '6');
INSERT INTO `s_vote` VALUES ('18', 'comment', '4', '1512215711', '1512215711', 'up', '7');
INSERT INTO `s_vote` VALUES ('19', 'comment', '4', '1512215716', '1512215716', 'down', '7');
INSERT INTO `s_vote` VALUES ('20', 'comment', '4', '1512216008', '1512216008', 'up', '8');
INSERT INTO `s_vote` VALUES ('21', 'comment', '3', '1512216058', '1512216058', 'up', '8');
INSERT INTO `s_vote` VALUES ('22', 'comment', '4', '1512218274', '1512218274', 'down', '8');
INSERT INTO `s_vote` VALUES ('23', 'comment', '3', '1512218564', '1512218564', 'up', '7');
INSERT INTO `s_vote` VALUES ('24', 'comment', '4', '1512218627', '1512218627', 'up', '10');
INSERT INTO `s_vote` VALUES ('25', 'comment', '3', '1512218712', '1512218712', 'up', '10');
INSERT INTO `s_vote` VALUES ('26', 'comment', '3', '1512218808', '1512218808', 'down', '10');
INSERT INTO `s_vote` VALUES ('27', 'comment', '4', '1512218893', '1512218893', 'down', '10');
INSERT INTO `s_vote` VALUES ('28', 'comment', '3', '1512219675', '1512219675', 'down', '8');
INSERT INTO `s_vote` VALUES ('29', 'comment', '3', '1512219679', '1512219679', 'down', '7');
INSERT INTO `s_vote` VALUES ('30', 'comment', '3', '1512219824', '1512219824', 'up', '11');
INSERT INTO `s_vote` VALUES ('31', 'comment', '3', '1512219834', '1512219834', 'down', '11');
INSERT INTO `s_vote` VALUES ('32', 'comment', '3', '1512221033', '1512221033', 'up', '12');
INSERT INTO `s_vote` VALUES ('33', 'comment', '3', '1512221033', '1512221033', 'down', '12');
INSERT INTO `s_vote` VALUES ('34', 'comment', '3', '1512222336', '1512222336', 'up', '14');
INSERT INTO `s_vote` VALUES ('35', 'comment', '3', '1512222338', '1512222338', 'down', '14');
INSERT INTO `s_vote` VALUES ('36', 'comment', '3', '1512222341', '1512222341', 'up', '13');
INSERT INTO `s_vote` VALUES ('37', 'comment', '3', '1512222422', '1512222422', 'down', '13');
INSERT INTO `s_vote` VALUES ('38', 'comment', '3', '1512222430', '1512222430', 'down', '4');
INSERT INTO `s_vote` VALUES ('39', 'comment', '3', '1512291643', '1512291643', 'up', '17');
INSERT INTO `s_vote` VALUES ('40', 'comment', '3', '1512396212', '1512396212', 'up', '18');
